{"ts": 1784643408278, "temp_c": 34.27777777777778, "hum_pct": 38.0, "dew_c": 17.944444444444443, "wind_kmh": 17.2199808, "gust_kmh": 20.599603200000004, "wind_dir": "169", "rain_day_mm": 0.0, "rain_rate_mmh": 0.0}