{"ts": 1782840370739, "temp_c": 31.61111111111111, "hum_pct": 46.0, "dew_c": 18.555555555555557, "wind_kmh": 7.885785600000001, "gust_kmh": 19.4730624, "wind_dir": "169", "rain_day_mm": 0.0, "rain_rate_mmh": 0.0}