{"ts": 1773080859364, "temp_c": 10.722222222222221, "hum_pct": 87.0, "dew_c": 8.61111111111111, "wind_kmh": 4.988966400000001, "gust_kmh": 7.2420480000000005, "wind_dir": "220", "rain_day_mm": 0.508, "rain_rate_mmh": 0.0}