{"ts": 1774770992021, "temp_c": 10.277777777777779, "hum_pct": 36.0, "dew_c": -4.111111111111111, "wind_kmh": 22.0480128, "gust_kmh": 51.499008, "wind_dir": "339", "rain_day_mm": 0.0, "rain_rate_mmh": 0.0}