{"ts": 1778311149056, "temp_c": 17.27777777777778, "hum_pct": 75.0, "dew_c": 12.833333333333334, "wind_kmh": 4.02336, "gust_kmh": 7.2420480000000005, "wind_dir": "162", "rain_day_mm": 0.0, "rain_rate_mmh": 0.0}