{"ts": 1778425699763, "temp_c": 23.61111111111111, "hum_pct": 39.0, "dew_c": 8.833333333333334, "wind_kmh": 6.759244800000001, "gust_kmh": 23.335488, "wind_dir": "157", "rain_day_mm": 0.0, "rain_rate_mmh": 0.0}