{"ts": 1770155532844, "temp_c": 6.722222222222223, "hum_pct": 71.0, "dew_c": 1.8333333333333317, "wind_kmh": 2.5749504000000005, "gust_kmh": 3.5405568000000005, "wind_dir": "252", "rain_day_mm": 0.0, "rain_rate_mmh": 0.0}