{"ts": 1779395090490, "temp_c": 19.111111111111114, "hum_pct": 57.0, "dew_c": 10.388888888888891, "wind_kmh": 1.7702784000000003, "gust_kmh": 2.5749504000000005, "wind_dir": "234", "rain_day_mm": 0.0, "rain_rate_mmh": 0.0}