{"ts": 1780044558232, "temp_c": 31.88888888888889, "hum_pct": 35.0, "dew_c": 14.555555555555555, "wind_kmh": 5.793638400000001, "gust_kmh": 9.656064, "wind_dir": "162", "rain_day_mm": 0.0, "rain_rate_mmh": 0.0}