{"ts": 1775979701937, "temp_c": 13.277777777777779, "hum_pct": 61.0, "dew_c": 5.944444444444446, "wind_kmh": 11.587276800000001, "gust_kmh": 18.346521600000003, "wind_dir": "329", "rain_day_mm": 0.0, "rain_rate_mmh": 0.0}