{"ts": 1778486555580, "temp_c": 19.72222222222222, "hum_pct": 55.0, "dew_c": 10.388888888888891, "wind_kmh": 5.793638400000001, "gust_kmh": 6.437376, "wind_dir": "179", "rain_day_mm": 0.0, "rain_rate_mmh": 0.0}