{"ts": 1776363355018, "temp_c": 18.22222222222222, "hum_pct": 51.0, "dew_c": 7.88888888888889, "wind_kmh": 10.1388672, "gust_kmh": 15.127833600000002, "wind_dir": "147", "rain_day_mm": 0.0, "rain_rate_mmh": 0.0}