{"ts": 1774691519427, "temp_c": 17.0, "hum_pct": 35.0, "dew_c": 1.4444444444444453, "wind_kmh": 5.793638400000001, "gust_kmh": 6.759244800000001, "wind_dir": "112", "rain_day_mm": 0.0, "rain_rate_mmh": 0.0}