{"ts": 1782595016393, "temp_c": 24.0, "hum_pct": 66.0, "dew_c": 17.27777777777778, "wind_kmh": 2.0921472000000003, "gust_kmh": 3.218688, "wind_dir": "296", "rain_day_mm": 0.0, "rain_rate_mmh": 0.0}