{"ts": 1783075637087, "temp_c": 33.27777777777778, "hum_pct": 29.0, "dew_c": 12.888888888888891, "wind_kmh": 9.0123264, "gust_kmh": 10.782604800000001, "wind_dir": "17", "rain_day_mm": 0.0, "rain_rate_mmh": 0.0}