{"ts": 1774370422325, "temp_c": 16.72222222222222, "hum_pct": 55.0, "dew_c": 7.6111111111111125, "wind_kmh": 11.587276800000001, "gust_kmh": 18.6683904, "wind_dir": "226", "rain_day_mm": 0.0, "rain_rate_mmh": 0.0}