{"ts": 1774020323036, "temp_c": 17.5, "hum_pct": 41.0, "dew_c": 4.111111111111111, "wind_kmh": 13.0356864, "gust_kmh": 22.0480128, "wind_dir": "161", "rain_day_mm": 0.254, "rain_rate_mmh": 0.0}