{"ts": 1775877386411, "temp_c": 12.0, "hum_pct": 55.0, "dew_c": 3.2222222222222205, "wind_kmh": 2.5749504000000005, "gust_kmh": 3.218688, "wind_dir": "217", "rain_day_mm": 0.0, "rain_rate_mmh": 0.0}