{"ts": 1783197193852, "temp_c": 24.88888888888889, "hum_pct": 71.0, "dew_c": 19.27777777777778, "wind_kmh": 2.5749504000000005, "gust_kmh": 4.988966400000001, "wind_dir": "190", "rain_day_mm": 0.0, "rain_rate_mmh": 0.0}