{"ts": 1775681911144, "temp_c": 12.722222222222221, "hum_pct": 65.0, "dew_c": 6.277777777777776, "wind_kmh": 0.0, "gust_kmh": 4.988966400000001, "wind_dir": "240", "rain_day_mm": 0.0, "rain_rate_mmh": 0.0}