{"ts": 1781740878169, "temp_c": 18.88888888888889, "hum_pct": 83.0, "dew_c": 15.944444444444445, "wind_kmh": 2.0921472000000003, "gust_kmh": 3.218688, "wind_dir": "342", "rain_day_mm": 0.0, "rain_rate_mmh": 0.0}