{"ts": 1772915812858, "temp_c": 8.777777777777777, "hum_pct": 97.0, "dew_c": 8.333333333333334, "wind_kmh": 2.0921472000000003, "gust_kmh": 3.218688, "wind_dir": "237", "rain_day_mm": 20.066, "rain_rate_mmh": 0.0}