{"ts": 1772787228684, "temp_c": 12.222222222222221, "hum_pct": 89.0, "dew_c": 10.444444444444443, "wind_kmh": 2.0921472000000003, "gust_kmh": 7.2420480000000005, "wind_dir": "202", "rain_day_mm": 1.016, "rain_rate_mmh": 1.27}