{"ts": 1773478257862, "temp_c": 11.277777777777777, "hum_pct": 67.0, "dew_c": 5.38888888888889, "wind_kmh": 4.02336, "gust_kmh": 9.3341952, "wind_dir": "255", "rain_day_mm": 0.0, "rain_rate_mmh": 0.0}