{"ts": 1782058662517, "temp_c": 34.111111111111114, "hum_pct": 28.0, "dew_c": 13.0, "wind_kmh": 17.702784, "gust_kmh": 19.151193600000003, "wind_dir": "175", "rain_day_mm": 0.0, "rain_rate_mmh": 0.0}