{"ts": 1780624305312, "temp_c": 15.88888888888889, "hum_pct": 96.0, "dew_c": 15.277777777777779, "wind_kmh": 3.5405568000000005, "gust_kmh": 6.1155072, "wind_dir": "191", "rain_day_mm": 0.7619999999999999, "rain_rate_mmh": 0.0}