{"ts": 1775256639559, "temp_c": 9.777777777777779, "hum_pct": 74.0, "dew_c": 5.38888888888889, "wind_kmh": 1.7702784000000003, "gust_kmh": 3.218688, "wind_dir": "241", "rain_day_mm": 0.0, "rain_rate_mmh": 0.0}