{"ts": 1774849828305, "temp_c": 7.6111111111111125, "hum_pct": 38.0, "dew_c": -5.833333333333333, "wind_kmh": 2.8968192000000004, "gust_kmh": 13.0356864, "wind_dir": "263", "rain_day_mm": 0.0, "rain_rate_mmh": 0.0}