{"ts": 1775848142851, "temp_c": 18.000000000000004, "hum_pct": 43.0, "dew_c": 5.222222222222221, "wind_kmh": 1.7702784000000003, "gust_kmh": 2.0921472000000003, "wind_dir": "171", "rain_day_mm": 0.0, "rain_rate_mmh": 0.0}