{"ts": 1774766708421, "temp_c": 9.222222222222221, "hum_pct": 39.0, "dew_c": -4.055555555555555, "wind_kmh": 12.5528832, "gust_kmh": 48.28032, "wind_dir": "280", "rain_day_mm": 0.0, "rain_rate_mmh": 0.0}