{"ts": 1782734788423, "temp_c": 34.388888888888886, "hum_pct": 39.0, "dew_c": 18.444444444444443, "wind_kmh": 10.1388672, "gust_kmh": 14.0012928, "wind_dir": "177", "rain_day_mm": 0.0, "rain_rate_mmh": 0.0}