{"ts": 1770249417648, "temp_c": 7.5, "hum_pct": 76.0, "dew_c": 3.555555555555555, "wind_kmh": 2.0921472000000003, "gust_kmh": 5.793638400000001, "wind_dir": "141", "rain_day_mm": 0.0, "rain_rate_mmh": 0.0}