{"ts": 1780298301246, "temp_c": 24.61111111111111, "hum_pct": 68.0, "dew_c": 18.333333333333332, "wind_kmh": 6.437376, "gust_kmh": 10.782604800000001, "wind_dir": "180", "rain_day_mm": 0.0, "rain_rate_mmh": 0.0}