{"ts": 1776027052221, "temp_c": 10.111111111111112, "hum_pct": 87.0, "dew_c": 8.055555555555555, "wind_kmh": 13.679424000000001, "gust_kmh": 14.323161600000002, "wind_dir": "197", "rain_day_mm": 8.128, "rain_rate_mmh": 1.778}