{"ts": 1775401473911, "temp_c": 22.22222222222222, "hum_pct": 53.0, "dew_c": 12.166666666666666, "wind_kmh": 6.1155072, "gust_kmh": 12.2310144, "wind_dir": "168", "rain_day_mm": 0.0, "rain_rate_mmh": 0.0}