{"ts": 1777764230489, "temp_c": 16.27777777777778, "hum_pct": 82.0, "dew_c": 13.222222222222221, "wind_kmh": 5.4717696, "gust_kmh": 6.759244800000001, "wind_dir": "202", "rain_day_mm": 0.0, "rain_rate_mmh": 0.0}