{"ts": 1773471790012, "temp_c": 12.0, "hum_pct": 76.0, "dew_c": 7.88888888888889, "wind_kmh": 2.8968192000000004, "gust_kmh": 4.345228800000001, "wind_dir": "247", "rain_day_mm": 0.0, "rain_rate_mmh": 0.0}