{"ts": 1773489316765, "temp_c": 14.777777777777779, "hum_pct": 52.0, "dew_c": 5.055555555555556, "wind_kmh": 28.8072576, "gust_kmh": 43.130419200000006, "wind_dir": "315", "rain_day_mm": 0.0, "rain_rate_mmh": 0.0}