{"ts": 1774446365193, "temp_c": 22.277777777777775, "hum_pct": 32.0, "dew_c": 4.833333333333335, "wind_kmh": 9.3341952, "gust_kmh": 23.818291200000004, "wind_dir": "306", "rain_day_mm": 0.0, "rain_rate_mmh": 0.0}