{"ts": 1784736289449, "temp_c": 31.0, "hum_pct": 40.0, "dew_c": 15.833333333333334, "wind_kmh": 2.8968192000000004, "gust_kmh": 7.885785600000001, "wind_dir": "153", "rain_day_mm": 0.0, "rain_rate_mmh": 0.0}