{"ts": 1775840647856, "temp_c": 23.277777777777782, "hum_pct": 30.0, "dew_c": 4.777777777777779, "wind_kmh": 8.2076544, "gust_kmh": 13.357555200000002, "wind_dir": "177", "rain_day_mm": 0.0, "rain_rate_mmh": 0.0}