{"ts": 1783158447490, "temp_c": 31.72222222222222, "hum_pct": 39.0, "dew_c": 16.055555555555557, "wind_kmh": 4.345228800000001, "gust_kmh": 7.2420480000000005, "wind_dir": "115", "rain_day_mm": 0.0, "rain_rate_mmh": 0.0}