{"ts": 1772514300399, "temp_c": 9.222222222222221, "hum_pct": 95.0, "dew_c": 8.444444444444446, "wind_kmh": 2.8968192000000004, "gust_kmh": 4.02336, "wind_dir": "323", "rain_day_mm": 1.016, "rain_rate_mmh": 0.0}