{"ts": 1781213749283, "temp_c": 18.77777777777778, "hum_pct": 79.0, "dew_c": 15.11111111111111, "wind_kmh": 2.0921472000000003, "gust_kmh": 5.4717696, "wind_dir": "197", "rain_day_mm": 0.0, "rain_rate_mmh": 0.0}