{"ts": 1775150936160, "temp_c": 15.88888888888889, "hum_pct": 37.0, "dew_c": 1.2222222222222239, "wind_kmh": 4.988966400000001, "gust_kmh": 14.0012928, "wind_dir": "305", "rain_day_mm": 0.0, "rain_rate_mmh": 0.0}