{"ts": 1784841477753, "temp_c": 26.888888888888893, "hum_pct": 86.0, "dew_c": 24.388888888888893, "wind_kmh": 11.587276800000001, "gust_kmh": 11.587276800000001, "wind_dir": "127", "rain_day_mm": 0.0, "rain_rate_mmh": 0.0}