{"ts": 1770648185600, "temp_c": 14.277777777777779, "hum_pct": 54.0, "dew_c": 5.1111111111111125, "wind_kmh": 3.218688, "gust_kmh": 8.2076544, "wind_dir": "7", "rain_day_mm": 0.0, "rain_rate_mmh": 0.0}