{"ts": 1772305206421, "temp_c": 10.388888888888891, "hum_pct": 89.0, "dew_c": 8.666666666666666, "wind_kmh": 2.5749504000000005, "gust_kmh": 4.345228800000001, "wind_dir": "287", "rain_day_mm": 0.254, "rain_rate_mmh": 0.0}