{"ts": 1779724867932, "temp_c": 28.72222222222222, "hum_pct": 35.0, "dew_c": 11.722222222222221, "wind_kmh": 9.656064, "gust_kmh": 13.357555200000002, "wind_dir": "142", "rain_day_mm": 0.0, "rain_rate_mmh": 0.0}