{"ts": 1777011525558, "temp_c": 17.38888888888889, "hum_pct": 65.0, "dew_c": 10.777777777777779, "wind_kmh": 0.0, "gust_kmh": 4.02336, "wind_dir": "206", "rain_day_mm": 0.0, "rain_rate_mmh": 0.0}