{"ts": 1777352507042, "temp_c": 7.5, "hum_pct": 63.0, "dew_c": 0.944444444444446, "wind_kmh": 2.8968192000000004, "gust_kmh": 3.5405568000000005, "wind_dir": "278", "rain_day_mm": 0.0, "rain_rate_mmh": 0.0}