{"ts": 1772253416744, "temp_c": 10.222222222222221, "hum_pct": 81.0, "dew_c": 7.11111111111111, "wind_kmh": 1.7702784000000003, "gust_kmh": 4.6670976, "wind_dir": "216", "rain_day_mm": 0.0, "rain_rate_mmh": 0.0}