{"ts": 1774565311213, "temp_c": 8.499999999999998, "hum_pct": 47.0, "dew_c": -2.166666666666666, "wind_kmh": 0.0, "gust_kmh": 5.793638400000001, "wind_dir": "322", "rain_day_mm": 0.0, "rain_rate_mmh": 0.0}