{"ts": 1780697026072, "temp_c": 16.5, "hum_pct": 83.0, "dew_c": 13.61111111111111, "wind_kmh": 5.4717696, "gust_kmh": 8.690457600000002, "wind_dir": "170", "rain_day_mm": 0.0, "rain_rate_mmh": 0.0}