{"ts": 1781030068243, "temp_c": 21.888888888888893, "hum_pct": 76.0, "dew_c": 17.5, "wind_kmh": 11.104473600000002, "gust_kmh": 14.323161600000002, "wind_dir": "209", "rain_day_mm": 0.0, "rain_rate_mmh": 0.0}