{"ts": 1776406269921, "temp_c": 11.500000000000002, "hum_pct": 72.0, "dew_c": 6.611111111111111, "wind_kmh": 2.0921472000000003, "gust_kmh": 3.218688, "wind_dir": "238", "rain_day_mm": 0.0, "rain_rate_mmh": 0.0}