{"ts": 1771574282960, "temp_c": 11.222222222222223, "hum_pct": 51.0, "dew_c": 1.4444444444444453, "wind_kmh": 14.8059648, "gust_kmh": 36.37117440000001, "wind_dir": "326", "rain_day_mm": 0.0, "rain_rate_mmh": 0.0}