{"ts": 1775411207415, "temp_c": 17.77777777777778, "hum_pct": 68.0, "dew_c": 11.833333333333332, "wind_kmh": 5.793638400000001, "gust_kmh": 15.127833600000002, "wind_dir": "160", "rain_day_mm": 0.0, "rain_rate_mmh": 0.0}