{"ts": 1777811564021, "temp_c": 19.388888888888893, "hum_pct": 66.0, "dew_c": 12.888888888888891, "wind_kmh": 14.0012928, "gust_kmh": 22.369881600000003, "wind_dir": "181", "rain_day_mm": 0.0, "rain_rate_mmh": 0.0}