{"ts": 1774655056734, "temp_c": 10.0, "hum_pct": 79.0, "dew_c": 6.555555555555554, "wind_kmh": 6.1155072, "gust_kmh": 9.3341952, "wind_dir": "176", "rain_day_mm": 0.0, "rain_rate_mmh": 0.0}