{"ts": 1774114635762, "temp_c": 14.000000000000002, "hum_pct": 51.0, "dew_c": 4.055555555555554, "wind_kmh": 8.2076544, "gust_kmh": 11.909145600000002, "wind_dir": "202", "rain_day_mm": 0.0, "rain_rate_mmh": 0.0}