{"ts": 1784755110201, "temp_c": 25.27777777777778, "hum_pct": 62.0, "dew_c": 17.5, "wind_kmh": 3.218688, "gust_kmh": 4.988966400000001, "wind_dir": "186", "rain_day_mm": 0.0, "rain_rate_mmh": 0.0}