{"ts": 1771797129517, "temp_c": 8.277777777777779, "hum_pct": 79.0, "dew_c": 4.8888888888888875, "wind_kmh": 1.7702784000000003, "gust_kmh": 3.5405568000000005, "wind_dir": "229", "rain_day_mm": 0.0, "rain_rate_mmh": 0.0}