{"ts": 1781598758543, "temp_c": 31.77777777777778, "hum_pct": 30.0, "dew_c": 12.111111111111109, "wind_kmh": 6.1155072, "gust_kmh": 7.563916800000001, "wind_dir": "176", "rain_day_mm": 0.0, "rain_rate_mmh": 0.0}