{"ts": 1774518037967, "temp_c": 14.222222222222221, "hum_pct": 38.0, "dew_c": 0.11111111111111269, "wind_kmh": 20.599603200000004, "gust_kmh": 24.4620288, "wind_dir": "357", "rain_day_mm": 0.0, "rain_rate_mmh": 0.0}