{"ts": 1773099506397, "temp_c": 8.61111111111111, "hum_pct": 96.0, "dew_c": 8.0, "wind_kmh": 2.0921472000000003, "gust_kmh": 3.5405568000000005, "wind_dir": "265", "rain_day_mm": 0.0, "rain_rate_mmh": 0.0}