{"ts": 1776141129881, "temp_c": 7.722222222222222, "hum_pct": 64.0, "dew_c": 1.3333333333333326, "wind_kmh": 2.0921472000000003, "gust_kmh": 4.6670976, "wind_dir": "241", "rain_day_mm": 0.0, "rain_rate_mmh": 0.0}