{"ts": 1783098070163, "temp_c": 30.72222222222222, "hum_pct": 36.0, "dew_c": 13.944444444444445, "wind_kmh": 5.793638400000001, "gust_kmh": 12.5528832, "wind_dir": "222", "rain_day_mm": 0.0, "rain_rate_mmh": 0.0}