{"ts": 1777803304580, "temp_c": 18.61111111111111, "hum_pct": 68.0, "dew_c": 12.611111111111112, "wind_kmh": 8.2076544, "gust_kmh": 15.4497024, "wind_dir": "177", "rain_day_mm": 0.0, "rain_rate_mmh": 0.0}