{"ts": 1781645575285, "temp_c": 21.27777777777778, "hum_pct": 76.0, "dew_c": 16.88888888888889, "wind_kmh": 0.0, "gust_kmh": 1.7702784000000003, "wind_dir": "246", "rain_day_mm": 0.0, "rain_rate_mmh": 0.0}