{"ts": 1774863873354, "temp_c": 15.38888888888889, "hum_pct": 34.0, "dew_c": -0.3888888888888885, "wind_kmh": 7.2420480000000005, "gust_kmh": 22.6917504, "wind_dir": "299", "rain_day_mm": 0.0, "rain_rate_mmh": 0.0}