{"ts": 1780341084312, "temp_c": 22.5, "hum_pct": 74.0, "dew_c": 17.61111111111111, "wind_kmh": 5.793638400000001, "gust_kmh": 12.2310144, "wind_dir": "190", "rain_day_mm": 0.0, "rain_rate_mmh": 0.0}