{"ts": 1774817284924, "temp_c": 10.5, "hum_pct": 29.0, "dew_c": -6.777777777777778, "wind_kmh": 5.4717696, "gust_kmh": 18.6683904, "wind_dir": "18", "rain_day_mm": 0.0, "rain_rate_mmh": 0.0}