{"ts": 1782623173440, "temp_c": 19.777777777777775, "hum_pct": 76.0, "dew_c": 15.444444444444445, "wind_kmh": 0.0, "gust_kmh": 2.5749504000000005, "wind_dir": "230", "rain_day_mm": 0.0, "rain_rate_mmh": 0.0}