{"ts": 1772521671581, "temp_c": 10.0, "hum_pct": 89.0, "dew_c": 8.277777777777779, "wind_kmh": 2.0921472000000003, "gust_kmh": 9.3341952, "wind_dir": "213", "rain_day_mm": 1.016, "rain_rate_mmh": 0.0}