{"ts": 1778601927983, "temp_c": 16.11111111111111, "hum_pct": 84.0, "dew_c": 13.38888888888889, "wind_kmh": 10.782604800000001, "gust_kmh": 16.576243200000004, "wind_dir": "199", "rain_day_mm": 5.08, "rain_rate_mmh": 0.508}