{"ts": 1783706208068, "temp_c": 29.61111111111111, "hum_pct": 40.0, "dew_c": 14.555555555555555, "wind_kmh": 11.587276800000001, "gust_kmh": 17.702784, "wind_dir": "169", "rain_day_mm": 0.0, "rain_rate_mmh": 0.0}