{"ts": 1782865067760, "temp_c": 24.499999999999996, "hum_pct": 77.0, "dew_c": 20.222222222222225, "wind_kmh": 0.0, "gust_kmh": 0.0, "wind_dir": "177", "rain_day_mm": 0.0, "rain_rate_mmh": 0.0}