{"ts": 1782065280500, "temp_c": 31.5, "hum_pct": 37.0, "dew_c": 15.055555555555555, "wind_kmh": 7.885785600000001, "gust_kmh": 12.2310144, "wind_dir": "180", "rain_day_mm": 0.0, "rain_rate_mmh": 0.0}