{"ts": 1775072500463, "temp_c": 15.277777777777779, "hum_pct": 37.0, "dew_c": 0.7222222222222207, "wind_kmh": 2.8968192000000004, "gust_kmh": 7.2420480000000005, "wind_dir": "334", "rain_day_mm": 0.0, "rain_rate_mmh": 0.0}