{"ts": 1774389007357, "temp_c": 8.88888888888889, "hum_pct": 81.0, "dew_c": 5.833333333333333, "wind_kmh": 0.0, "gust_kmh": 2.8968192000000004, "wind_dir": "271", "rain_day_mm": 0.0, "rain_rate_mmh": 0.0}