{"ts": 1775812910465, "temp_c": 27.5, "hum_pct": 31.0, "dew_c": 8.88888888888889, "wind_kmh": 3.218688, "gust_kmh": 6.759244800000001, "wind_dir": "247", "rain_day_mm": 0.0, "rain_rate_mmh": 0.0}