{"ts": 1773520983285, "temp_c": 7.222222222222222, "hum_pct": 88.0, "dew_c": 5.333333333333334, "wind_kmh": 2.5749504000000005, "gust_kmh": 4.345228800000001, "wind_dir": "229", "rain_day_mm": 0.0, "rain_rate_mmh": 0.0}