{"ts": 1772193200987, "temp_c": 14.777777777777779, "hum_pct": 70.0, "dew_c": 9.38888888888889, "wind_kmh": 5.793638400000001, "gust_kmh": 9.3341952, "wind_dir": "255", "rain_day_mm": 0.0, "rain_rate_mmh": 0.0}