{"ts": 1778004060392, "temp_c": 14.277777777777779, "hum_pct": 88.0, "dew_c": 12.333333333333336, "wind_kmh": 4.6670976, "gust_kmh": 6.437376, "wind_dir": "73", "rain_day_mm": 13.97, "rain_rate_mmh": 0.508}