{"ts": 1782473288068, "temp_c": 32.72222222222222, "hum_pct": 38.0, "dew_c": 16.555555555555557, "wind_kmh": 19.794931200000004, "gust_kmh": 21.2433408, "wind_dir": "169", "rain_day_mm": 0.0, "rain_rate_mmh": 0.0}