{"ts": 1774415580442, "temp_c": 4.111111111111111, "hum_pct": 91.0, "dew_c": 2.7777777777777777, "wind_kmh": 2.5749504000000005, "gust_kmh": 4.02336, "wind_dir": "278", "rain_day_mm": 0.0, "rain_rate_mmh": 0.0}