{"ts": 1772314999833, "temp_c": 10.111111111111112, "hum_pct": 94.0, "dew_c": 9.166666666666666, "wind_kmh": 2.8968192000000004, "gust_kmh": 2.8968192000000004, "wind_dir": "286", "rain_day_mm": 0.508, "rain_rate_mmh": 0.0}