{"ts": 1770043163603, "temp_c": 11.11111111111111, "hum_pct": 87.0, "dew_c": 9.000000000000002, "wind_kmh": 2.0921472000000003, "gust_kmh": 4.345228800000001, "wind_dir": "246", "rain_day_mm": 0.508, "rain_rate_mmh": 0.508}