{"ts": 1781456396637, "temp_c": 29.27777777777778, "hum_pct": 33.0, "dew_c": 11.38888888888889, "wind_kmh": 6.437376, "gust_kmh": 11.587276800000001, "wind_dir": "138", "rain_day_mm": 0.0, "rain_rate_mmh": 0.0}