{"ts": 1778609760632, "temp_c": 15.722222222222221, "hum_pct": 80.0, "dew_c": 12.277777777777779, "wind_kmh": 0.0, "gust_kmh": 4.988966400000001, "wind_dir": "136", "rain_day_mm": 5.842, "rain_rate_mmh": 0.0}