{"ts": 1769960925531, "temp_c": 14.777777777777779, "hum_pct": 49.0, "dew_c": 4.222222222222223, "wind_kmh": 3.5405568000000005, "gust_kmh": 8.690457600000002, "wind_dir": "330", "rain_day_mm": null, "rain_rate_mmh": null}