{"ts": 1772883059470, "temp_c": 13.88888888888889, "hum_pct": 76.0, "dew_c": 9.722222222222221, "wind_kmh": 17.702784, "gust_kmh": 20.921472, "wind_dir": "144", "rain_day_mm": 5.588, "rain_rate_mmh": 0.0}