{"ts": 1772894227235, "temp_c": 9.222222222222221, "hum_pct": 95.0, "dew_c": 8.444444444444446, "wind_kmh": 7.885785600000001, "gust_kmh": 17.2199808, "wind_dir": "227", "rain_day_mm": 14.731999999999998, "rain_rate_mmh": 3.556}