{"ts": 1779308916630, "temp_c": 17.27777777777778, "hum_pct": 78.0, "dew_c": 13.444444444444446, "wind_kmh": 0.0, "gust_kmh": 2.0921472000000003, "wind_dir": "269", "rain_day_mm": 0.0, "rain_rate_mmh": 0.0}