{"ts": 1777194783129, "temp_c": 24.0, "hum_pct": 41.0, "dew_c": 9.944444444444445, "wind_kmh": 6.437376, "gust_kmh": 12.2310144, "wind_dir": "154", "rain_day_mm": 0.0, "rain_rate_mmh": 0.0}