{"ts": 1784133695915, "temp_c": 32.72222222222222, "hum_pct": 61.0, "dew_c": 24.222222222222218, "wind_kmh": 8.2076544, "gust_kmh": 10.782604800000001, "wind_dir": "195", "rain_day_mm": 0.0, "rain_rate_mmh": 0.0}