{"ts": 1780528126975, "temp_c": 20.38888888888889, "hum_pct": 87.0, "dew_c": 18.166666666666668, "wind_kmh": 2.8968192000000004, "gust_kmh": 13.679424000000001, "wind_dir": "177", "rain_day_mm": 0.0, "rain_rate_mmh": 0.0}