{"ts": 1772397507744, "temp_c": 8.277777777777779, "hum_pct": 90.0, "dew_c": 6.7777777777777795, "wind_kmh": 2.0921472000000003, "gust_kmh": 3.218688, "wind_dir": "198", "rain_day_mm": 0.254, "rain_rate_mmh": 0.0}