{"ts": 1771305320194, "temp_c": 12.0, "hum_pct": 58.0, "dew_c": 4.000000000000002, "wind_kmh": 3.5405568000000005, "gust_kmh": 24.4620288, "wind_dir": "187", "rain_day_mm": 0.0, "rain_rate_mmh": 0.0}