{"ts": 1774306164696, "temp_c": 10.722222222222221, "hum_pct": 79.0, "dew_c": 7.222222222222222, "wind_kmh": 4.345228800000001, "gust_kmh": 6.759244800000001, "wind_dir": "182", "rain_day_mm": 0.0, "rain_rate_mmh": 0.0}