{"ts": 1774734079135, "temp_c": 13.222222222222221, "hum_pct": 46.0, "dew_c": 1.8333333333333317, "wind_kmh": 6.437376, "gust_kmh": 15.4497024, "wind_dir": "321", "rain_day_mm": 0.0, "rain_rate_mmh": 0.0}