{"ts": 1781987845258, "temp_c": 24.222222222222218, "hum_pct": 48.0, "dew_c": 12.5, "wind_kmh": 0.0, "gust_kmh": 2.5749504000000005, "wind_dir": "182", "rain_day_mm": 0.0, "rain_rate_mmh": 0.0}