{"ts": 1776482967154, "temp_c": 9.222222222222221, "hum_pct": 87.0, "dew_c": 7.166666666666667, "wind_kmh": 2.8968192000000004, "gust_kmh": 4.02336, "wind_dir": "307", "rain_day_mm": 0.0, "rain_rate_mmh": 0.0}