{"ts": 1773223097130, "temp_c": 16.0, "hum_pct": 62.0, "dew_c": 8.722222222222223, "wind_kmh": 5.793638400000001, "gust_kmh": 11.104473600000002, "wind_dir": "251", "rain_day_mm": 0.0, "rain_rate_mmh": 0.0}