{"ts": 1771801080179, "temp_c": 7.277777777777778, "hum_pct": 80.0, "dew_c": 4.055555555555554, "wind_kmh": 3.218688, "gust_kmh": 4.6670976, "wind_dir": "233", "rain_day_mm": 0.0, "rain_rate_mmh": 0.0}