{"ts": 1779871606908, "temp_c": 27.77777777777778, "hum_pct": 33.0, "dew_c": 10.055555555555555, "wind_kmh": 5.793638400000001, "gust_kmh": 7.563916800000001, "wind_dir": "189", "rain_day_mm": 0.0, "rain_rate_mmh": 0.0}