{"ts": 1783829303287, "temp_c": 20.0, "hum_pct": 91.0, "dew_c": 18.5, "wind_kmh": 1.7702784000000003, "gust_kmh": 2.5749504000000005, "wind_dir": "182", "rain_day_mm": 0.0, "rain_rate_mmh": 0.0}