{"ts": 1774667609702, "temp_c": 7.11111111111111, "hum_pct": 74.0, "dew_c": 2.7777777777777777, "wind_kmh": 2.5749504000000005, "gust_kmh": 6.1155072, "wind_dir": "305", "rain_day_mm": 0.0, "rain_rate_mmh": 0.0}