{"ts": 1774375476067, "temp_c": 13.722222222222223, "hum_pct": 66.0, "dew_c": 7.444444444444445, "wind_kmh": 11.909145600000002, "gust_kmh": 14.0012928, "wind_dir": "186", "rain_day_mm": 0.0, "rain_rate_mmh": 0.0}