{"ts": 1778517884716, "temp_c": 21.77777777777778, "hum_pct": 51.0, "dew_c": 11.222222222222223, "wind_kmh": 13.679424000000001, "gust_kmh": 26.232307200000005, "wind_dir": "170", "rain_day_mm": 0.0, "rain_rate_mmh": 0.0}