{"ts": 1777222714484, "temp_c": 24.222222222222218, "hum_pct": 36.0, "dew_c": 8.222222222222221, "wind_kmh": 9.0123264, "gust_kmh": 15.4497024, "wind_dir": "153", "rain_day_mm": 0.0, "rain_rate_mmh": 0.0}