{"ts": 1773502695097, "temp_c": 14.000000000000002, "hum_pct": 67.0, "dew_c": 8.0, "wind_kmh": 19.4730624, "gust_kmh": 44.578828800000004, "wind_dir": "145", "rain_day_mm": 0.0, "rain_rate_mmh": 0.0}