{"ts": 1772272220459, "temp_c": 12.222222222222221, "hum_pct": 75.0, "dew_c": 7.88888888888889, "wind_kmh": 7.563916800000001, "gust_kmh": 8.690457600000002, "wind_dir": "148", "rain_day_mm": 0.0, "rain_rate_mmh": 0.0}