{"ts": 1776770499303, "temp_c": 24.27777777777778, "hum_pct": 42.0, "dew_c": 10.555555555555555, "wind_kmh": 5.4717696, "gust_kmh": 15.771571200000002, "wind_dir": "201", "rain_day_mm": 0.0, "rain_rate_mmh": 0.0}