{"ts": 1769979174983, "temp_c": 8.38888888888889, "hum_pct": 68.0, "dew_c": 2.833333333333334, "wind_kmh": 2.5749504000000005, "gust_kmh": 2.8968192000000004, "wind_dir": "266", "rain_day_mm": null, "rain_rate_mmh": null}