{"ts": 1776883487138, "temp_c": 17.61111111111111, "hum_pct": 73.0, "dew_c": 12.722222222222221, "wind_kmh": 13.0356864, "gust_kmh": 13.679424000000001, "wind_dir": "140", "rain_day_mm": 0.0, "rain_rate_mmh": 0.0}