{"ts": 1783124100378, "temp_c": 21.38888888888889, "hum_pct": 72.0, "dew_c": 16.166666666666668, "wind_kmh": 0.0, "gust_kmh": 2.0921472000000003, "wind_dir": "159", "rain_day_mm": 0.0, "rain_rate_mmh": 0.0}