{"ts": 1783313739003, "temp_c": 19.0, "hum_pct": 63.0, "dew_c": 11.777777777777779, "wind_kmh": 0.0, "gust_kmh": 2.5749504000000005, "wind_dir": "297", "rain_day_mm": 0.0, "rain_rate_mmh": 0.0}