{"ts": 1771564141509, "temp_c": 9.000000000000002, "hum_pct": 59.0, "dew_c": 1.4444444444444453, "wind_kmh": 25.588569600000003, "gust_kmh": 33.15248640000001, "wind_dir": "336", "rain_day_mm": 0.0, "rain_rate_mmh": 0.0}