{"ts": 1779057036088, "temp_c": 15.5, "hum_pct": 84.0, "dew_c": 12.833333333333334, "wind_kmh": 6.759244800000001, "gust_kmh": 9.3341952, "wind_dir": "162", "rain_day_mm": 0.0, "rain_rate_mmh": 0.0}