{"ts": 1771787671371, "temp_c": 10.5, "hum_pct": 80.0, "dew_c": 7.222222222222222, "wind_kmh": 1.7702784000000003, "gust_kmh": 3.5405568000000005, "wind_dir": "251", "rain_day_mm": 0.0, "rain_rate_mmh": 0.0}