{"ts": 1773309479136, "temp_c": 18.72222222222222, "hum_pct": 52.0, "dew_c": 8.666666666666666, "wind_kmh": 4.6670976, "gust_kmh": 12.5528832, "wind_dir": "151", "rain_day_mm": 0.0, "rain_rate_mmh": 0.0}