{"ts": 1784383430412, "temp_c": 33.72222222222222, "hum_pct": 42.0, "dew_c": 19.0, "wind_kmh": 13.679424000000001, "gust_kmh": 21.2433408, "wind_dir": "176", "rain_day_mm": 0.0, "rain_rate_mmh": 0.0}