{"ts": 1773253871749, "temp_c": 11.61111111111111, "hum_pct": 84.0, "dew_c": 9.000000000000002, "wind_kmh": 3.218688, "gust_kmh": 4.02336, "wind_dir": "227", "rain_day_mm": 0.0, "rain_rate_mmh": 0.0}