{"ts": 1776297347630, "temp_c": 11.11111111111111, "hum_pct": 80.0, "dew_c": 7.777777777777778, "wind_kmh": 0.0, "gust_kmh": 2.5749504000000005, "wind_dir": "224", "rain_day_mm": 0.0, "rain_rate_mmh": 0.0}