{"ts": 1780709431661, "temp_c": 16.5, "hum_pct": 85.0, "dew_c": 14.000000000000002, "wind_kmh": 1.7702784000000003, "gust_kmh": 2.8968192000000004, "wind_dir": "170", "rain_day_mm": 0.0, "rain_rate_mmh": 0.0}