{"ts": 1777226082644, "temp_c": 21.722222222222218, "hum_pct": 40.0, "dew_c": 7.5, "wind_kmh": 8.690457600000002, "gust_kmh": 20.599603200000004, "wind_dir": "193", "rain_day_mm": 0.0, "rain_rate_mmh": 0.0}