{"ts": 1779472859889, "temp_c": 25.0, "hum_pct": 48.0, "dew_c": 13.222222222222221, "wind_kmh": 7.563916800000001, "gust_kmh": 11.909145600000002, "wind_dir": "186", "rain_day_mm": 0.0, "rain_rate_mmh": 0.0}