{"ts": 1784412106926, "temp_c": 25.27777777777778, "hum_pct": 74.0, "dew_c": 20.33333333333333, "wind_kmh": 2.5749504000000005, "gust_kmh": 4.02336, "wind_dir": "185", "rain_day_mm": 0.0, "rain_rate_mmh": 0.0}