{"ts": 1782590099084, "temp_c": 27.11111111111111, "hum_pct": 56.0, "dew_c": 17.555555555555557, "wind_kmh": 3.218688, "gust_kmh": 6.1155072, "wind_dir": "171", "rain_day_mm": 0.0, "rain_rate_mmh": 0.0}