{"ts": 1775068428544, "temp_c": 17.38888888888889, "hum_pct": 31.0, "dew_c": 0.11111111111111269, "wind_kmh": 3.5405568000000005, "gust_kmh": 6.437376, "wind_dir": "281", "rain_day_mm": 0.0, "rain_rate_mmh": 0.0}