{"ts": 1774982010967, "temp_c": 14.722222222222221, "hum_pct": 56.0, "dew_c": 5.999999999999998, "wind_kmh": 3.5405568000000005, "gust_kmh": 6.1155072, "wind_dir": "139", "rain_day_mm": 0.0, "rain_rate_mmh": 0.0}