{"ts": 1774149522265, "temp_c": 2.6111111111111125, "hum_pct": 91.0, "dew_c": 1.2777777777777761, "wind_kmh": 1.7702784000000003, "gust_kmh": 3.218688, "wind_dir": "269", "rain_day_mm": 0.0, "rain_rate_mmh": 0.0}