{"ts": 1774685071437, "temp_c": 12.777777777777779, "hum_pct": 48.0, "dew_c": 2.055555555555557, "wind_kmh": 4.6670976, "gust_kmh": 7.885785600000001, "wind_dir": "209", "rain_day_mm": 0.0, "rain_rate_mmh": 0.0}