{"ts": 1783464036376, "temp_c": 23.22222222222222, "hum_pct": 72.0, "dew_c": 17.88888888888889, "wind_kmh": 0.0, "gust_kmh": 1.7702784000000003, "wind_dir": "309", "rain_day_mm": 0.0, "rain_rate_mmh": 0.0}