{"ts": 1771857152961, "temp_c": 21.999999999999996, "hum_pct": 40.0, "dew_c": 7.777777777777778, "wind_kmh": 14.0012928, "gust_kmh": 15.127833600000002, "wind_dir": "234", "rain_day_mm": 0.0, "rain_rate_mmh": 0.0}