{"ts": 1774104018032, "temp_c": 18.22222222222222, "hum_pct": 29.0, "dew_c": -0.11111111111111072, "wind_kmh": 11.909145600000002, "gust_kmh": 17.2199808, "wind_dir": "191", "rain_day_mm": 0.0, "rain_rate_mmh": 0.0}