{"ts": 1781712055941, "temp_c": 32.27777777777778, "hum_pct": 36.0, "dew_c": 15.333333333333334, "wind_kmh": 13.357555200000002, "gust_kmh": 18.0246528, "wind_dir": "179", "rain_day_mm": 0.0, "rain_rate_mmh": 0.0}