{"ts": 1779922210633, "temp_c": 17.61111111111111, "hum_pct": 77.0, "dew_c": 13.499999999999998, "wind_kmh": 1.7702784000000003, "gust_kmh": 3.218688, "wind_dir": "255", "rain_day_mm": 0.0, "rain_rate_mmh": 0.0}