{"ts": 1783778951632, "temp_c": 31.61111111111111, "hum_pct": 53.0, "dew_c": 20.888888888888886, "wind_kmh": 16.2543744, "gust_kmh": 24.4620288, "wind_dir": "134", "rain_day_mm": 0.0, "rain_rate_mmh": 0.0}