{"ts": 1782574531138, "temp_c": 33.27777777777778, "hum_pct": 35.0, "dew_c": 15.777777777777779, "wind_kmh": 13.357555200000002, "gust_kmh": 23.013619200000004, "wind_dir": "165", "rain_day_mm": 0.0, "rain_rate_mmh": 0.0}