{"ts": 1775734449353, "temp_c": 25.72222222222222, "hum_pct": 37.0, "dew_c": 9.944444444444445, "wind_kmh": 8.2076544, "gust_kmh": 15.4497024, "wind_dir": "172", "rain_day_mm": 0.0, "rain_rate_mmh": 0.0}