{"ts": 1784546715544, "temp_c": 33.5, "hum_pct": 41.0, "dew_c": 18.444444444444443, "wind_kmh": 11.104473600000002, "gust_kmh": 19.151193600000003, "wind_dir": "146", "rain_day_mm": 0.0, "rain_rate_mmh": 0.0}