{"ts": 1784404134426, "temp_c": 27.11111111111111, "hum_pct": 68.0, "dew_c": 20.666666666666668, "wind_kmh": 0.0, "gust_kmh": 2.0921472000000003, "wind_dir": "208", "rain_day_mm": 0.0, "rain_rate_mmh": 0.0}