{"ts": 1773674166895, "temp_c": 21.888888888888893, "hum_pct": 34.0, "dew_c": 5.333333333333334, "wind_kmh": 5.4717696, "gust_kmh": 11.104473600000002, "wind_dir": "330", "rain_day_mm": 0.0, "rain_rate_mmh": 0.0}