{"ts": 1772300785594, "temp_c": 11.222222222222223, "hum_pct": 81.0, "dew_c": 8.055555555555555, "wind_kmh": 4.02336, "gust_kmh": 4.6670976, "wind_dir": "231", "rain_day_mm": 0.0, "rain_rate_mmh": 0.0}