{"ts": 1782247018717, "temp_c": 25.611111111111107, "hum_pct": 56.0, "dew_c": 16.166666666666668, "wind_kmh": 0.0, "gust_kmh": 0.0, "wind_dir": "183", "rain_day_mm": 0.0, "rain_rate_mmh": 0.0}