{"ts": 1775583381584, "temp_c": 20.0, "hum_pct": 39.0, "dew_c": 5.611111111111112, "wind_kmh": 6.437376, "gust_kmh": 10.1388672, "wind_dir": "178", "rain_day_mm": 0.0, "rain_rate_mmh": 0.0}