{"ts": 1769939771724, "temp_c": 10.222222222222221, "hum_pct": 60.0, "dew_c": 2.7777777777777777, "wind_kmh": 4.02336, "gust_kmh": 10.1388672, "wind_dir": "219", "rain_day_mm": null, "rain_rate_mmh": null}