{"ts": 1783642531255, "temp_c": 21.38888888888889, "hum_pct": 56.0, "dew_c": 12.277777777777779, "wind_kmh": 0.0, "gust_kmh": 2.5749504000000005, "wind_dir": "309", "rain_day_mm": 0.0, "rain_rate_mmh": 0.0}