{"ts": 1776232180741, "temp_c": 5.777777777777777, "hum_pct": 85.0, "dew_c": 3.4999999999999982, "wind_kmh": 2.8968192000000004, "gust_kmh": 5.4717696, "wind_dir": "275", "rain_day_mm": 0.0, "rain_rate_mmh": 0.0}