{"ts": 1772168839884, "temp_c": 4.000000000000002, "hum_pct": 97.0, "dew_c": 3.555555555555555, "wind_kmh": 2.0921472000000003, "gust_kmh": 4.02336, "wind_dir": "206", "rain_day_mm": 0.0, "rain_rate_mmh": 0.0}