{"ts": 1784488858418, "temp_c": 27.77777777777778, "hum_pct": 66.0, "dew_c": 20.888888888888886, "wind_kmh": 2.8968192000000004, "gust_kmh": 10.460736, "wind_dir": "179", "rain_day_mm": 0.0, "rain_rate_mmh": 0.0}