{"ts": 1774972151546, "temp_c": 16.27777777777778, "hum_pct": 52.0, "dew_c": 6.4444444444444455, "wind_kmh": 7.563916800000001, "gust_kmh": 18.346521600000003, "wind_dir": "153", "rain_day_mm": 0.0, "rain_rate_mmh": 0.0}