{"ts": 1783248530751, "temp_c": 35.22222222222222, "hum_pct": 23.0, "dew_c": 10.944444444444446, "wind_kmh": 18.0246528, "gust_kmh": 25.910438400000004, "wind_dir": "173", "rain_day_mm": 0.0, "rain_rate_mmh": 0.0}