{"ts": 1778844875605, "temp_c": 16.0, "hum_pct": 47.0, "dew_c": 4.722222222222222, "wind_kmh": 14.0012928, "gust_kmh": 16.2543744, "wind_dir": "193", "rain_day_mm": 0.0, "rain_rate_mmh": 0.0}