{"ts": 1776934938262, "temp_c": 19.222222222222218, "hum_pct": 60.0, "dew_c": 11.277777777777777, "wind_kmh": 24.4620288, "gust_kmh": 26.715110400000004, "wind_dir": "141", "rain_day_mm": 0.0, "rain_rate_mmh": 0.0}