{"ts": 1782635255699, "temp_c": 33.0, "hum_pct": 40.0, "dew_c": 17.61111111111111, "wind_kmh": 5.793638400000001, "gust_kmh": 8.690457600000002, "wind_dir": "144", "rain_day_mm": 0.0, "rain_rate_mmh": 0.0}