{"ts": 1775173690045, "temp_c": 11.88888888888889, "hum_pct": 48.0, "dew_c": 1.2222222222222239, "wind_kmh": 5.793638400000001, "gust_kmh": 27.6807168, "wind_dir": "128", "rain_day_mm": 0.0, "rain_rate_mmh": 0.0}