{"ts": 1780057498288, "temp_c": 31.38888888888889, "hum_pct": 33.0, "dew_c": 13.222222222222221, "wind_kmh": 14.8059648, "gust_kmh": 22.0480128, "wind_dir": "181", "rain_day_mm": 0.0, "rain_rate_mmh": 0.0}