{"ts": 1773610724006, "temp_c": 11.500000000000002, "hum_pct": 33.0, "dew_c": -4.222222222222223, "wind_kmh": 4.345228800000001, "gust_kmh": 4.988966400000001, "wind_dir": "142", "rain_day_mm": 0.0, "rain_rate_mmh": 0.0}