{"ts": 1777124203774, "temp_c": 24.111111111111114, "hum_pct": 44.0, "dew_c": 11.11111111111111, "wind_kmh": 15.4497024, "gust_kmh": 23.818291200000004, "wind_dir": "170", "rain_day_mm": 0.0, "rain_rate_mmh": 0.0}