{"ts": 1784473760397, "temp_c": 32.888888888888886, "hum_pct": 41.0, "dew_c": 17.944444444444443, "wind_kmh": 10.782604800000001, "gust_kmh": 15.127833600000002, "wind_dir": "172", "rain_day_mm": 0.0, "rain_rate_mmh": 0.0}