{"ts": 1782127080465, "temp_c": 34.888888888888886, "hum_pct": 29.0, "dew_c": 14.222222222222221, "wind_kmh": 12.5528832, "gust_kmh": 16.898112, "wind_dir": "164", "rain_day_mm": 0.0, "rain_rate_mmh": 0.0}