{"ts": 1781094846265, "temp_c": 28.277777777777782, "hum_pct": 33.0, "dew_c": 10.5, "wind_kmh": 7.2420480000000005, "gust_kmh": 7.885785600000001, "wind_dir": "203", "rain_day_mm": 1.5239999999999998, "rain_rate_mmh": 0.0}