{"ts": 1774724258236, "temp_c": 15.0, "hum_pct": 50.0, "dew_c": 4.666666666666666, "wind_kmh": 2.5749504000000005, "gust_kmh": 8.2076544, "wind_dir": "274", "rain_day_mm": 0.0, "rain_rate_mmh": 0.0}