{"ts": 1774820712007, "temp_c": 10.388888888888891, "hum_pct": 29.0, "dew_c": -6.888888888888888, "wind_kmh": 7.563916800000001, "gust_kmh": 7.563916800000001, "wind_dir": "328", "rain_day_mm": 0.0, "rain_rate_mmh": 0.0}