{"ts": 1771649655849, "temp_c": 7.722222222222222, "hum_pct": 69.0, "dew_c": 2.3888888888888875, "wind_kmh": 12.5528832, "gust_kmh": 14.0012928, "wind_dir": "309", "rain_day_mm": 0.0, "rain_rate_mmh": 0.0}