{"ts": 1774934867634, "temp_c": 11.777777777777779, "hum_pct": 53.0, "dew_c": 2.5555555555555562, "wind_kmh": 2.0921472000000003, "gust_kmh": 8.690457600000002, "wind_dir": "189", "rain_day_mm": 0.0, "rain_rate_mmh": 0.0}