{"ts": 1781912646087, "temp_c": 20.611111111111107, "hum_pct": 66.0, "dew_c": 14.055555555555554, "wind_kmh": 0.0, "gust_kmh": 2.8968192000000004, "wind_dir": "257", "rain_day_mm": 0.0, "rain_rate_mmh": 0.0}