{"ts": 1772290209382, "temp_c": 14.000000000000002, "hum_pct": 67.0, "dew_c": 8.0, "wind_kmh": 6.1155072, "gust_kmh": 11.587276800000001, "wind_dir": "204", "rain_day_mm": 0.0, "rain_rate_mmh": 0.0}