{"ts": 1772229365100, "temp_c": 10.111111111111112, "hum_pct": 81.0, "dew_c": 7.000000000000001, "wind_kmh": 2.8968192000000004, "gust_kmh": 7.2420480000000005, "wind_dir": "181", "rain_day_mm": 0.0, "rain_rate_mmh": 0.0}