{"ts": 1779744036047, "temp_c": 17.0, "hum_pct": 64.0, "dew_c": 10.166666666666664, "wind_kmh": 2.8968192000000004, "gust_kmh": 4.02336, "wind_dir": "306", "rain_day_mm": 0.0, "rain_rate_mmh": 0.0}