{"ts": 1770840280432, "temp_c": 13.0, "hum_pct": 86.0, "dew_c": 10.722222222222221, "wind_kmh": 3.218688, "gust_kmh": 3.218688, "wind_dir": "194", "rain_day_mm": 1.016, "rain_rate_mmh": 0.0}