{"ts": 1771581950264, "temp_c": 15.5, "hum_pct": 41.0, "dew_c": 2.333333333333335, "wind_kmh": 5.793638400000001, "gust_kmh": 11.587276800000001, "wind_dir": "195", "rain_day_mm": 0.0, "rain_rate_mmh": 0.0}