{"ts": 1776160748331, "temp_c": 18.111111111111107, "hum_pct": 33.0, "dew_c": 1.6111111111111103, "wind_kmh": 8.690457600000002, "gust_kmh": 12.2310144, "wind_dir": "20", "rain_day_mm": 0.0, "rain_rate_mmh": 0.0}