{"ts": 1770458179157, "temp_c": 12.777777777777779, "hum_pct": 45.0, "dew_c": 1.1666666666666674, "wind_kmh": 32.347814400000004, "gust_kmh": 36.0493056, "wind_dir": "311", "rain_day_mm": 0.0, "rain_rate_mmh": 0.0}