{"ts": 1783807307148, "temp_c": 23.000000000000004, "hum_pct": 84.0, "dew_c": 20.166666666666668, "wind_kmh": 0.0, "gust_kmh": 2.5749504000000005, "wind_dir": "239", "rain_day_mm": 0.0, "rain_rate_mmh": 0.0}