{"ts": 1778173281658, "temp_c": 18.5, "hum_pct": 64.0, "dew_c": 11.555555555555554, "wind_kmh": 15.771571200000002, "gust_kmh": 21.2433408, "wind_dir": "213", "rain_day_mm": 0.254, "rain_rate_mmh": 0.0}