{"ts": 1783857941985, "temp_c": 33.611111111111114, "hum_pct": 37.0, "dew_c": 16.88888888888889, "wind_kmh": 20.1168, "gust_kmh": 26.232307200000005, "wind_dir": "184", "rain_day_mm": 0.0, "rain_rate_mmh": 0.0}