{"ts": 1771146251320, "temp_c": 13.0, "hum_pct": 43.0, "dew_c": 0.7222222222222207, "wind_kmh": 7.885785600000001, "gust_kmh": 28.4853888, "wind_dir": "209", "rain_day_mm": 0.0, "rain_rate_mmh": 0.0}