{"ts": 1774156192566, "temp_c": 1.7777777777777795, "hum_pct": 90.0, "dew_c": 0.33333333333333415, "wind_kmh": 2.8968192000000004, "gust_kmh": 5.793638400000001, "wind_dir": "296", "rain_day_mm": 0.0, "rain_rate_mmh": 0.0}