{"ts": 1778976198721, "temp_c": 11.777777777777779, "hum_pct": 75.0, "dew_c": 7.5, "wind_kmh": 3.5405568000000005, "gust_kmh": 4.988966400000001, "wind_dir": "348", "rain_day_mm": 0.0, "rain_rate_mmh": 0.0}