{"ts": 1770616061684, "temp_c": 7.277777777777778, "hum_pct": 74.0, "dew_c": 2.999999999999999, "wind_kmh": 1.7702784000000003, "gust_kmh": 4.988966400000001, "wind_dir": "237", "rain_day_mm": 0.0, "rain_rate_mmh": 0.0}