{"ts": 1774436771997, "temp_c": 19.61111111111111, "hum_pct": 45.0, "dew_c": 7.333333333333335, "wind_kmh": 8.2076544, "gust_kmh": 12.2310144, "wind_dir": "184", "rain_day_mm": 0.0, "rain_rate_mmh": 0.0}