{"ts": 1778583695816, "temp_c": 25.38888888888889, "hum_pct": 38.0, "dew_c": 10.055555555555555, "wind_kmh": 7.2420480000000005, "gust_kmh": 15.771571200000002, "wind_dir": "151", "rain_day_mm": 0.0, "rain_rate_mmh": 0.0}