{"ts": 1769932411849, "temp_c": 8.11111111111111, "hum_pct": 66.0, "dew_c": 2.1111111111111094, "wind_kmh": 3.218688, "gust_kmh": 14.8059648, "wind_dir": "247", "rain_day_mm": null, "rain_rate_mmh": null}