{"ts": 1773056772592, "temp_c": 15.222222222222221, "hum_pct": 62.0, "dew_c": 8.0, "wind_kmh": 4.988966400000001, "gust_kmh": 13.357555200000002, "wind_dir": "230", "rain_day_mm": 0.0, "rain_rate_mmh": 0.0}