{"ts": 1779009725247, "temp_c": 21.722222222222218, "hum_pct": 41.0, "dew_c": 7.88888888888889, "wind_kmh": 9.3341952, "gust_kmh": 9.656064, "wind_dir": "158", "rain_day_mm": 0.0, "rain_rate_mmh": 0.0}