{"ts": 1769964978794, "temp_c": 12.388888888888888, "hum_pct": 58.0, "dew_c": 4.388888888888888, "wind_kmh": 2.8968192000000004, "gust_kmh": 4.345228800000001, "wind_dir": "257", "rain_day_mm": null, "rain_rate_mmh": null}