{"ts": 1783102953395, "temp_c": 29.38888888888889, "hum_pct": 44.0, "dew_c": 15.88888888888889, "wind_kmh": 6.1155072, "gust_kmh": 11.104473600000002, "wind_dir": "215", "rain_day_mm": 0.0, "rain_rate_mmh": 0.0}