{"ts": 1769990460394, "temp_c": 6.500000000000002, "hum_pct": 72.0, "dew_c": 1.8333333333333317, "wind_kmh": 2.0921472000000003, "gust_kmh": 4.345228800000001, "wind_dir": "298", "rain_day_mm": null, "rain_rate_mmh": null}