{"ts": 1771019712559, "temp_c": 10.388888888888891, "hum_pct": 66.0, "dew_c": 4.333333333333332, "wind_kmh": 9.3341952, "gust_kmh": 30.8994048, "wind_dir": "1", "rain_day_mm": 22.352, "rain_rate_mmh": 0.0}