{"ts": 1780435303563, "temp_c": 21.22222222222222, "hum_pct": 80.0, "dew_c": 17.61111111111111, "wind_kmh": 3.5405568000000005, "gust_kmh": 7.885785600000001, "wind_dir": "198", "rain_day_mm": 0.0, "rain_rate_mmh": 0.0}