{"ts": 1776069192970, "temp_c": 11.88888888888889, "hum_pct": 60.0, "dew_c": 4.388888888888888, "wind_kmh": 8.2076544, "gust_kmh": 8.690457600000002, "wind_dir": "301", "rain_day_mm": 4.064, "rain_rate_mmh": 0.0}