{"ts": 1773219515681, "temp_c": 15.61111111111111, "hum_pct": 64.0, "dew_c": 8.833333333333334, "wind_kmh": 7.885785600000001, "gust_kmh": 9.0123264, "wind_dir": "206", "rain_day_mm": 0.0, "rain_rate_mmh": 0.0}