{"ts": 1774328561863, "temp_c": 5.999999999999998, "hum_pct": 91.0, "dew_c": 4.666666666666666, "wind_kmh": 0.0, "gust_kmh": 3.218688, "wind_dir": "225", "rain_day_mm": 0.0, "rain_rate_mmh": 0.0}