{"ts": 1783387202540, "temp_c": 20.500000000000004, "hum_pct": 67.0, "dew_c": 14.166666666666666, "wind_kmh": 0.0, "gust_kmh": 1.7702784000000003, "wind_dir": "227", "rain_day_mm": 0.0, "rain_rate_mmh": 0.0}