{"ts": 1778797089715, "temp_c": 15.277777777777779, "hum_pct": 44.0, "dew_c": 3.111111111111112, "wind_kmh": 4.6670976, "gust_kmh": 5.793638400000001, "wind_dir": "251", "rain_day_mm": 0.0, "rain_rate_mmh": 0.0}