{"ts": 1775602485347, "temp_c": 9.38888888888889, "hum_pct": 68.0, "dew_c": 3.7777777777777763, "wind_kmh": 3.218688, "gust_kmh": 3.5405568000000005, "wind_dir": "308", "rain_day_mm": 0.0, "rain_rate_mmh": 0.0}