{"ts": 1779250979777, "temp_c": 12.111111111111109, "hum_pct": 95.0, "dew_c": 11.333333333333334, "wind_kmh": 1.7702784000000003, "gust_kmh": 3.218688, "wind_dir": "217", "rain_day_mm": 0.0, "rain_rate_mmh": 0.0}