{"ts": 1773265577868, "temp_c": 13.222222222222221, "hum_pct": 66.0, "dew_c": 7.000000000000001, "wind_kmh": 4.345228800000001, "gust_kmh": 5.4717696, "wind_dir": "249", "rain_day_mm": 0.0, "rain_rate_mmh": 0.0}