{"ts": 1783726627789, "temp_c": 22.22222222222222, "hum_pct": 54.0, "dew_c": 12.444444444444445, "wind_kmh": 2.0921472000000003, "gust_kmh": 2.5749504000000005, "wind_dir": "234", "rain_day_mm": 0.0, "rain_rate_mmh": 0.0}