{"ts": 1769954117165, "temp_c": 15.277777777777779, "hum_pct": 46.0, "dew_c": 3.7777777777777763, "wind_kmh": 9.656064, "gust_kmh": 15.771571200000002, "wind_dir": "326", "rain_day_mm": null, "rain_rate_mmh": null}