{"ts": 1772772611170, "temp_c": 12.5, "hum_pct": 89.0, "dew_c": 10.722222222222221, "wind_kmh": 1.7702784000000003, "gust_kmh": 6.1155072, "wind_dir": "128", "rain_day_mm": 0.508, "rain_rate_mmh": 0.0}