{"ts": 1783375259621, "temp_c": 22.722222222222225, "hum_pct": 60.0, "dew_c": 14.555555555555555, "wind_kmh": 0.0, "gust_kmh": 2.0921472000000003, "wind_dir": "309", "rain_day_mm": 0.0, "rain_rate_mmh": 0.0}