{"ts": 1784867266287, "temp_c": 21.611111111111114, "hum_pct": 88.0, "dew_c": 19.555555555555557, "wind_kmh": 0.0, "gust_kmh": 2.5749504000000005, "wind_dir": "208", "rain_day_mm": 0.0, "rain_rate_mmh": 0.0}