{"ts": 1773086487329, "temp_c": 9.277777777777779, "hum_pct": 92.0, "dew_c": 8.055555555555555, "wind_kmh": 2.0921472000000003, "gust_kmh": 2.5749504000000005, "wind_dir": "231", "rain_day_mm": 0.508, "rain_rate_mmh": 0.0}