{"ts": 1777218830108, "temp_c": 25.11111111111111, "hum_pct": 37.0, "dew_c": 9.38888888888889, "wind_kmh": 6.437376, "gust_kmh": 13.679424000000001, "wind_dir": "185", "rain_day_mm": 0.0, "rain_rate_mmh": 0.0}