{"ts": 1779770816822, "temp_c": 11.88888888888889, "hum_pct": 78.0, "dew_c": 8.166666666666668, "wind_kmh": 0.0, "gust_kmh": 4.345228800000001, "wind_dir": "242", "rain_day_mm": 0.0, "rain_rate_mmh": 0.0}