{"ts": 1781697953818, "temp_c": 32.22222222222222, "hum_pct": 34.0, "dew_c": 14.38888888888889, "wind_kmh": 10.1388672, "gust_kmh": 14.8059648, "wind_dir": "180", "rain_day_mm": 0.0, "rain_rate_mmh": 0.0}