{"ts": 1777906462316, "temp_c": 18.388888888888886, "hum_pct": 77.0, "dew_c": 14.277777777777779, "wind_kmh": 4.02336, "gust_kmh": 14.8059648, "wind_dir": "177", "rain_day_mm": 0.508, "rain_rate_mmh": 0.0}