{"ts": 1771671482096, "temp_c": 16.77777777777778, "hum_pct": 44.0, "dew_c": 4.500000000000001, "wind_kmh": 1.7702784000000003, "gust_kmh": 6.437376, "wind_dir": "170", "rain_day_mm": 0.0, "rain_rate_mmh": 0.0}