{"ts": 1777111453252, "temp_c": 23.88888888888889, "hum_pct": 43.0, "dew_c": 10.555555555555555, "wind_kmh": 4.6670976, "gust_kmh": 9.0123264, "wind_dir": "145", "rain_day_mm": 0.0, "rain_rate_mmh": 0.0}