{"ts": 1773828548352, "temp_c": 18.111111111111107, "hum_pct": 56.0, "dew_c": 9.166666666666666, "wind_kmh": 3.5405568000000005, "gust_kmh": 6.759244800000001, "wind_dir": "171", "rain_day_mm": 0.0, "rain_rate_mmh": 0.0}