{"ts": 1774993901833, "temp_c": 14.777777777777779, "hum_pct": 33.0, "dew_c": -1.3333333333333326, "wind_kmh": 11.104473600000002, "gust_kmh": 16.576243200000004, "wind_dir": "355", "rain_day_mm": 0.0, "rain_rate_mmh": 0.0}