{"ts": 1781818573457, "temp_c": 21.611111111111114, "hum_pct": 69.0, "dew_c": 15.666666666666666, "wind_kmh": 2.8968192000000004, "gust_kmh": 4.02336, "wind_dir": "223", "rain_day_mm": 0.0, "rain_rate_mmh": 0.0}