{"ts": 1777325784127, "temp_c": 12.777777777777779, "hum_pct": 76.0, "dew_c": 8.666666666666666, "wind_kmh": 3.218688, "gust_kmh": 3.5405568000000005, "wind_dir": "307", "rain_day_mm": 0.0, "rain_rate_mmh": 0.0}