{"ts": 1772945515822, "temp_c": 7.222222222222222, "hum_pct": 96.0, "dew_c": 6.611111111111111, "wind_kmh": 1.7702784000000003, "gust_kmh": 3.5405568000000005, "wind_dir": "248", "rain_day_mm": 0.0, "rain_rate_mmh": 0.0}