{"ts": 1779835049622, "temp_c": 17.38888888888889, "hum_pct": 69.0, "dew_c": 11.666666666666666, "wind_kmh": 1.7702784000000003, "gust_kmh": 4.02336, "wind_dir": "326", "rain_day_mm": 0.0, "rain_rate_mmh": 0.0}