{"ts": 1773697908355, "temp_c": 9.5, "hum_pct": 82.0, "dew_c": 6.611111111111111, "wind_kmh": 2.5749504000000005, "gust_kmh": 4.345228800000001, "wind_dir": "246", "rain_day_mm": 0.0, "rain_rate_mmh": 0.0}