{"ts": 1779822260550, "temp_c": 23.77777777777778, "hum_pct": 48.0, "dew_c": 12.166666666666666, "wind_kmh": 8.2076544, "gust_kmh": 11.587276800000001, "wind_dir": "195", "rain_day_mm": 0.0, "rain_rate_mmh": 0.0}