{"ts": 1776945994531, "temp_c": 21.77777777777778, "hum_pct": 48.0, "dew_c": 10.333333333333334, "wind_kmh": 22.0480128, "gust_kmh": 24.14016, "wind_dir": "131", "rain_day_mm": 0.0, "rain_rate_mmh": 0.0}