{"ts": 1777133288222, "temp_c": 22.88888888888889, "hum_pct": 46.0, "dew_c": 10.666666666666668, "wind_kmh": 10.1388672, "gust_kmh": 19.794931200000004, "wind_dir": "182", "rain_day_mm": 0.0, "rain_rate_mmh": 0.0}