{"ts": 1776440394570, "temp_c": 23.388888888888886, "hum_pct": 42.0, "dew_c": 9.777777777777779, "wind_kmh": 15.771571200000002, "gust_kmh": 18.0246528, "wind_dir": "181", "rain_day_mm": 0.0, "rain_rate_mmh": 0.0}