{"ts": 1773322476898, "temp_c": 19.111111111111114, "hum_pct": 52.0, "dew_c": 9.000000000000002, "wind_kmh": 6.759244800000001, "gust_kmh": 14.323161600000002, "wind_dir": "206", "rain_day_mm": 0.0, "rain_rate_mmh": 0.0}