{"ts": 1774243385769, "temp_c": 9.38888888888889, "hum_pct": 80.0, "dew_c": 6.111111111111111, "wind_kmh": 3.5405568000000005, "gust_kmh": 5.4717696, "wind_dir": "299", "rain_day_mm": 0.0, "rain_rate_mmh": 0.0}