{"ts": 1776656919823, "temp_c": 10.722222222222221, "hum_pct": 87.0, "dew_c": 8.61111111111111, "wind_kmh": 2.8968192000000004, "gust_kmh": 2.8968192000000004, "wind_dir": "189", "rain_day_mm": 0.0, "rain_rate_mmh": 0.0}