{"ts": 1777973418142, "temp_c": 18.111111111111107, "hum_pct": 60.0, "dew_c": 10.222222222222221, "wind_kmh": 10.782604800000001, "gust_kmh": 11.909145600000002, "wind_dir": "328", "rain_day_mm": 0.254, "rain_rate_mmh": 0.0}