{"ts": 1774612410175, "temp_c": 17.88888888888889, "hum_pct": 30.0, "dew_c": 0.11111111111111269, "wind_kmh": 9.0123264, "gust_kmh": 20.921472, "wind_dir": "181", "rain_day_mm": 0.0, "rain_rate_mmh": 0.0}