{"ts": 1776327352319, "temp_c": 21.5, "hum_pct": 47.0, "dew_c": 9.722222222222221, "wind_kmh": 2.8968192000000004, "gust_kmh": 7.2420480000000005, "wind_dir": "201", "rain_day_mm": 0.0, "rain_rate_mmh": 0.0}