{"ts": 1772427416608, "temp_c": 7.277777777777778, "hum_pct": 94.0, "dew_c": 6.388888888888889, "wind_kmh": 2.0921472000000003, "gust_kmh": 2.0921472000000003, "wind_dir": "269", "rain_day_mm": 0.0, "rain_rate_mmh": 0.0}