{"ts": 1772618093451, "temp_c": 16.72222222222222, "hum_pct": 64.0, "dew_c": 9.888888888888888, "wind_kmh": 7.2420480000000005, "gust_kmh": 8.2076544, "wind_dir": "156", "rain_day_mm": 0.0, "rain_rate_mmh": 0.0}