{"ts": 1779684440367, "temp_c": 13.499999999999998, "hum_pct": 69.0, "dew_c": 7.944444444444443, "wind_kmh": 0.0, "gust_kmh": 2.0921472000000003, "wind_dir": "299", "rain_day_mm": 0.0, "rain_rate_mmh": 0.0}