{"ts": 1772547924206, "temp_c": 16.72222222222222, "hum_pct": 61.0, "dew_c": 9.166666666666666, "wind_kmh": 3.218688, "gust_kmh": 21.565209600000003, "wind_dir": "46", "rain_day_mm": 1.016, "rain_rate_mmh": 0.0}