{"ts": 1773580485646, "temp_c": 17.5, "hum_pct": 17.0, "dew_c": -7.833333333333333, "wind_kmh": 15.127833600000002, "gust_kmh": 25.588569600000003, "wind_dir": "337", "rain_day_mm": 0.0, "rain_rate_mmh": 0.0}