{"ts": 1772747305548, "temp_c": 12.722222222222221, "hum_pct": 90.0, "dew_c": 11.11111111111111, "wind_kmh": 1.7702784000000003, "gust_kmh": 4.02336, "wind_dir": "162", "rain_day_mm": 17.779999999999998, "rain_rate_mmh": 0.0}