{"ts": 1770544644130, "temp_c": 14.222222222222221, "hum_pct": 57.0, "dew_c": 5.833333333333333, "wind_kmh": 3.5405568000000005, "gust_kmh": 4.988966400000001, "wind_dir": "152", "rain_day_mm": 1.016, "rain_rate_mmh": 0.0}