{"ts": 1781508797157, "temp_c": 30.88888888888889, "hum_pct": 33.0, "dew_c": 12.777777777777779, "wind_kmh": 4.345228800000001, "gust_kmh": 4.988966400000001, "wind_dir": "181", "rain_day_mm": 0.0, "rain_rate_mmh": 0.0}