{"ts": 1769975795891, "temp_c": 9.000000000000002, "hum_pct": 67.0, "dew_c": 3.2222222222222205, "wind_kmh": 2.0921472000000003, "gust_kmh": 2.5749504000000005, "wind_dir": "256", "rain_day_mm": null, "rain_rate_mmh": null}