{"ts": 1778363850867, "temp_c": 11.61111111111111, "hum_pct": 96.0, "dew_c": 10.999999999999998, "wind_kmh": 0.0, "gust_kmh": 2.0921472000000003, "wind_dir": "217", "rain_day_mm": 9.906, "rain_rate_mmh": 0.0}