{"ts": 1782774790510, "temp_c": 23.72222222222222, "hum_pct": 64.0, "dew_c": 16.5, "wind_kmh": 2.8968192000000004, "gust_kmh": 3.5405568000000005, "wind_dir": "143", "rain_day_mm": 0.0, "rain_rate_mmh": 0.0}