{"ts": 1772568053274, "temp_c": 13.0, "hum_pct": 72.0, "dew_c": 8.055555555555555, "wind_kmh": 2.5749504000000005, "gust_kmh": 5.793638400000001, "wind_dir": "287", "rain_day_mm": 1.016, "rain_rate_mmh": 0.0}