{"ts": 1777130615555, "temp_c": 23.388888888888886, "hum_pct": 44.0, "dew_c": 10.444444444444443, "wind_kmh": 8.690457600000002, "gust_kmh": 16.576243200000004, "wind_dir": "221", "rain_day_mm": 0.0, "rain_rate_mmh": 0.0}