{"ts": 1772404667349, "temp_c": 7.5, "hum_pct": 93.0, "dew_c": 6.4444444444444455, "wind_kmh": 0.0, "gust_kmh": 3.218688, "wind_dir": "244", "rain_day_mm": 0.254, "rain_rate_mmh": 0.0}