{"ts": 1784039167924, "temp_c": 32.388888888888886, "hum_pct": 59.0, "dew_c": 23.388888888888886, "wind_kmh": 7.563916800000001, "gust_kmh": 16.2543744, "wind_dir": "213", "rain_day_mm": 0.0, "rain_rate_mmh": 0.0}