{"ts": 1775346209200, "temp_c": 8.499999999999998, "hum_pct": 76.0, "dew_c": 4.500000000000001, "wind_kmh": 2.8968192000000004, "gust_kmh": 3.218688, "wind_dir": "297", "rain_day_mm": 0.0, "rain_rate_mmh": 0.0}