{"ts": 1782425343752, "temp_c": 23.277777777777782, "hum_pct": 68.0, "dew_c": 17.055555555555557, "wind_kmh": 3.218688, "gust_kmh": 5.4717696, "wind_dir": "315", "rain_day_mm": 0.0, "rain_rate_mmh": 0.0}