{"ts": 1777991628267, "temp_c": 15.222222222222221, "hum_pct": 76.0, "dew_c": 10.999999999999998, "wind_kmh": 5.4717696, "gust_kmh": 10.782604800000001, "wind_dir": "351", "rain_day_mm": 0.7619999999999999, "rain_rate_mmh": 0.0}