{"ts": 1772966362469, "temp_c": 12.277777777777779, "hum_pct": 87.0, "dew_c": 10.222222222222221, "wind_kmh": 1.7702784000000003, "gust_kmh": 8.2076544, "wind_dir": "314", "rain_day_mm": 6.095999999999999, "rain_rate_mmh": 0.0}