{"ts": 1776419856537, "temp_c": 24.222222222222218, "hum_pct": 34.0, "dew_c": 7.333333333333335, "wind_kmh": 2.0921472000000003, "gust_kmh": 7.885785600000001, "wind_dir": "196", "rain_day_mm": 0.0, "rain_rate_mmh": 0.0}