{"ts": 1774166365722, "temp_c": 13.38888888888889, "hum_pct": 44.0, "dew_c": 1.3888888888888888, "wind_kmh": 7.885785600000001, "gust_kmh": 17.2199808, "wind_dir": "266", "rain_day_mm": 0.0, "rain_rate_mmh": 0.0}