{"ts": 1778347992837, "temp_c": 15.222222222222221, "hum_pct": 90.0, "dew_c": 13.555555555555555, "wind_kmh": 4.988966400000001, "gust_kmh": 6.1155072, "wind_dir": "213", "rain_day_mm": 9.906, "rain_rate_mmh": 0.0}