{"ts": 1770768334983, "temp_c": 19.222222222222218, "hum_pct": 50.0, "dew_c": 8.555555555555555, "wind_kmh": 19.794931200000004, "gust_kmh": 28.4853888, "wind_dir": "286", "rain_day_mm": 0.0, "rain_rate_mmh": 0.0}