{"ts": 1771746395648, "temp_c": 12.388888888888888, "hum_pct": 61.0, "dew_c": 5.1111111111111125, "wind_kmh": 4.345228800000001, "gust_kmh": 9.0123264, "wind_dir": "291", "rain_day_mm": 0.0, "rain_rate_mmh": 0.0}