{"ts": 1770033423048, "temp_c": 10.61111111111111, "hum_pct": 83.0, "dew_c": 7.833333333333333, "wind_kmh": 4.988966400000001, "gust_kmh": 6.437376, "wind_dir": "165", "rain_day_mm": null, "rain_rate_mmh": null}