{"ts": 1780180494493, "temp_c": 20.72222222222222, "hum_pct": 81.0, "dew_c": 17.333333333333332, "wind_kmh": 2.0921472000000003, "gust_kmh": 2.5749504000000005, "wind_dir": "209", "rain_day_mm": 0.0, "rain_rate_mmh": 0.0}