{"ts": 1775223421300, "temp_c": 22.277777777777775, "hum_pct": 27.0, "dew_c": 2.3888888888888875, "wind_kmh": 10.782604800000001, "gust_kmh": 18.0246528, "wind_dir": "337", "rain_day_mm": 0.0, "rain_rate_mmh": 0.0}