{"ts": 1779224727216, "temp_c": 15.88888888888889, "hum_pct": 87.0, "dew_c": 13.722222222222223, "wind_kmh": 0.0, "gust_kmh": 2.0921472000000003, "wind_dir": "243", "rain_day_mm": 0.0, "rain_rate_mmh": 0.0}