{"ts": 1784765425188, "temp_c": 23.000000000000004, "hum_pct": 72.0, "dew_c": 17.666666666666668, "wind_kmh": 0.0, "gust_kmh": 3.5405568000000005, "wind_dir": "313", "rain_day_mm": 0.0, "rain_rate_mmh": 0.0}