{"ts": 1772644954391, "temp_c": 15.61111111111111, "hum_pct": 65.0, "dew_c": 9.055555555555554, "wind_kmh": 4.02336, "gust_kmh": 4.988966400000001, "wind_dir": "359", "rain_day_mm": 0.0, "rain_rate_mmh": 0.0}