{"ts": 1775598872977, "temp_c": 10.0, "hum_pct": 67.0, "dew_c": 4.166666666666667, "wind_kmh": 0.0, "gust_kmh": 2.8968192000000004, "wind_dir": "253", "rain_day_mm": 0.0, "rain_rate_mmh": 0.0}