{"ts": 1773236123639, "temp_c": 20.11111111111111, "hum_pct": 45.0, "dew_c": 7.833333333333333, "wind_kmh": 7.563916800000001, "gust_kmh": 13.357555200000002, "wind_dir": "225", "rain_day_mm": 0.0, "rain_rate_mmh": 0.0}