{"ts": 1779622807124, "temp_c": 29.77777777777778, "hum_pct": 33.0, "dew_c": 11.833333333333332, "wind_kmh": 6.1155072, "gust_kmh": 15.4497024, "wind_dir": "155", "rain_day_mm": 0.0, "rain_rate_mmh": 0.0}