{"ts": 1779987628953, "temp_c": 31.61111111111111, "hum_pct": 36.0, "dew_c": 14.722222222222221, "wind_kmh": 7.563916800000001, "gust_kmh": 12.2310144, "wind_dir": "192", "rain_day_mm": 0.0, "rain_rate_mmh": 0.0}