{"ts": 1784107119009, "temp_c": 34.72222222222222, "hum_pct": 56.0, "dew_c": 24.66666666666667, "wind_kmh": 2.5749504000000005, "gust_kmh": 4.6670976, "wind_dir": "179", "rain_day_mm": 0.0, "rain_rate_mmh": 0.0}