{"ts": 1772264233720, "temp_c": 10.61111111111111, "hum_pct": 79.0, "dew_c": 7.11111111111111, "wind_kmh": 4.02336, "gust_kmh": 4.02336, "wind_dir": "230", "rain_day_mm": 0.0, "rain_rate_mmh": 0.0}