{"ts": 1775646810406, "temp_c": 25.888888888888886, "hum_pct": 29.0, "dew_c": 6.500000000000002, "wind_kmh": 11.104473600000002, "gust_kmh": 11.909145600000002, "wind_dir": "242", "rain_day_mm": 0.0, "rain_rate_mmh": 0.0}