{"ts": 1779915984118, "temp_c": 19.27777777777778, "hum_pct": 74.0, "dew_c": 14.555555555555555, "wind_kmh": 0.0, "gust_kmh": 1.7702784000000003, "wind_dir": "208", "rain_day_mm": 0.0, "rain_rate_mmh": 0.0}