{"ts": 1775901249409, "temp_c": 24.499999999999996, "hum_pct": 30.0, "dew_c": 5.777777777777777, "wind_kmh": 4.988966400000001, "gust_kmh": 6.1155072, "wind_dir": "154", "rain_day_mm": 0.0, "rain_rate_mmh": 0.0}