{"ts": 1771444948000, "temp_c": 9.000000000000002, "hum_pct": 89.0, "dew_c": 7.277777777777778, "wind_kmh": 2.0921472000000003, "gust_kmh": 2.5749504000000005, "wind_dir": "217", "rain_day_mm": 0.0, "rain_rate_mmh": 0.0}