{"ts": 1775207371742, "temp_c": 18.5, "hum_pct": 36.0, "dew_c": 3.1666666666666683, "wind_kmh": 9.0123264, "gust_kmh": 13.357555200000002, "wind_dir": "3", "rain_day_mm": 0.0, "rain_rate_mmh": 0.0}