{"ts": 1775064779945, "temp_c": 19.88888888888889, "hum_pct": 27.0, "dew_c": 0.33333333333333415, "wind_kmh": 13.679424000000001, "gust_kmh": 23.335488, "wind_dir": "337", "rain_day_mm": 0.0, "rain_rate_mmh": 0.0}