{"ts": 1777664960308, "temp_c": 16.5, "hum_pct": 79.0, "dew_c": 12.833333333333334, "wind_kmh": 4.02336, "gust_kmh": 6.1155072, "wind_dir": "209", "rain_day_mm": 0.0, "rain_rate_mmh": 0.0}