{"ts": 1772927532170, "temp_c": 8.222222222222221, "hum_pct": 94.0, "dew_c": 7.277777777777778, "wind_kmh": 0.0, "gust_kmh": 3.218688, "wind_dir": "246", "rain_day_mm": 0.0, "rain_rate_mmh": 0.0}