{"ts": 1770364698943, "temp_c": 14.222222222222221, "hum_pct": 54.0, "dew_c": 5.055555555555556, "wind_kmh": 1.7702784000000003, "gust_kmh": 5.793638400000001, "wind_dir": "229", "rain_day_mm": 0.0, "rain_rate_mmh": 0.0}