{"ts": 1782561625071, "temp_c": 33.27777777777778, "hum_pct": 34.0, "dew_c": 15.333333333333334, "wind_kmh": 8.690457600000002, "gust_kmh": 11.587276800000001, "wind_dir": "174", "rain_day_mm": 0.0, "rain_rate_mmh": 0.0}