{"ts": 1781381126542, "temp_c": 24.499999999999996, "hum_pct": 45.0, "dew_c": 11.777777777777779, "wind_kmh": 0.0, "gust_kmh": 6.437376, "wind_dir": "127", "rain_day_mm": 0.0, "rain_rate_mmh": 0.0}