{"ts": 1772999425266, "temp_c": 8.722222222222223, "hum_pct": 96.0, "dew_c": 8.11111111111111, "wind_kmh": 2.5749504000000005, "gust_kmh": 3.218688, "wind_dir": "224", "rain_day_mm": 7.112, "rain_rate_mmh": 0.0}