{"ts": 1780641680008, "temp_c": 19.777777777777775, "hum_pct": 61.0, "dew_c": 12.055555555555557, "wind_kmh": 0.0, "gust_kmh": 3.5405568000000005, "wind_dir": "170", "rain_day_mm": 0.7619999999999999, "rain_rate_mmh": 0.0}