{"ts": 1781343092285, "temp_c": 32.611111111111114, "hum_pct": 26.0, "dew_c": 10.61111111111111, "wind_kmh": 9.0123264, "gust_kmh": 14.0012928, "wind_dir": "185", "rain_day_mm": 0.0, "rain_rate_mmh": 0.0}