{"ts": 1775029850671, "temp_c": 15.777777777777779, "hum_pct": 40.0, "dew_c": 2.2222222222222223, "wind_kmh": 4.988966400000001, "gust_kmh": 15.771571200000002, "wind_dir": "323", "rain_day_mm": 0.0, "rain_rate_mmh": 0.0}