{"ts": 1775506041017, "temp_c": 11.222222222222223, "hum_pct": 63.0, "dew_c": 4.444444444444445, "wind_kmh": 2.8968192000000004, "gust_kmh": 2.8968192000000004, "wind_dir": "305", "rain_day_mm": 0.0, "rain_rate_mmh": 0.0}