{"ts": 1779218895571, "temp_c": 19.72222222222222, "hum_pct": 67.0, "dew_c": 13.38888888888889, "wind_kmh": 3.5405568000000005, "gust_kmh": 4.988966400000001, "wind_dir": "207", "rain_day_mm": 0.0, "rain_rate_mmh": 0.0}