{"ts": 1772030353261, "temp_c": 18.77777777777778, "hum_pct": 55.0, "dew_c": 9.555555555555557, "wind_kmh": 7.885785600000001, "gust_kmh": 13.0356864, "wind_dir": "187", "rain_day_mm": 0.0, "rain_rate_mmh": 0.0}