{"ts": 1772570766472, "temp_c": 12.611111111111112, "hum_pct": 72.0, "dew_c": 7.666666666666665, "wind_kmh": 2.5749504000000005, "gust_kmh": 3.218688, "wind_dir": "354", "rain_day_mm": 1.016, "rain_rate_mmh": 0.0}