{"ts": 1777237006562, "temp_c": 14.61111111111111, "hum_pct": 78.0, "dew_c": 10.833333333333334, "wind_kmh": 0.0, "gust_kmh": 3.5405568000000005, "wind_dir": "239", "rain_day_mm": 0.0, "rain_rate_mmh": 0.0}