{"ts": 1777409335839, "temp_c": 13.722222222222223, "hum_pct": 72.0, "dew_c": 8.722222222222223, "wind_kmh": 1.7702784000000003, "gust_kmh": 3.218688, "wind_dir": "307", "rain_day_mm": 0.0, "rain_rate_mmh": 0.0}