{"ts": 1770854262112, "temp_c": 17.11111111111111, "hum_pct": 48.0, "dew_c": 5.999999999999998, "wind_kmh": 10.1388672, "gust_kmh": 32.0259456, "wind_dir": "264", "rain_day_mm": 0.0, "rain_rate_mmh": 0.0}