{"ts": 1774111511313, "temp_c": 15.722222222222221, "hum_pct": 46.0, "dew_c": 4.111111111111111, "wind_kmh": 15.4497024, "gust_kmh": 18.346521600000003, "wind_dir": "184", "rain_day_mm": 0.0, "rain_rate_mmh": 0.0}