{"ts": 1775940568389, "temp_c": 18.111111111111107, "hum_pct": 41.0, "dew_c": 4.666666666666666, "wind_kmh": 3.5405568000000005, "gust_kmh": 4.345228800000001, "wind_dir": "118", "rain_day_mm": 0.0, "rain_rate_mmh": 0.0}