{"ts": 1775389213990, "temp_c": 23.277777777777782, "hum_pct": 43.0, "dew_c": 10.055555555555555, "wind_kmh": 10.1388672, "gust_kmh": 17.702784, "wind_dir": "195", "rain_day_mm": 0.0, "rain_rate_mmh": 0.0}