{"ts": 1784673067914, "temp_c": 24.499999999999996, "hum_pct": 54.0, "dew_c": 14.61111111111111, "wind_kmh": 0.0, "gust_kmh": 2.0921472000000003, "wind_dir": "346", "rain_day_mm": 0.0, "rain_rate_mmh": 0.0}