{"ts": 1782018888076, "temp_c": 19.72222222222222, "hum_pct": 61.0, "dew_c": 12.0, "wind_kmh": 0.0, "gust_kmh": 2.5749504000000005, "wind_dir": "320", "rain_day_mm": 0.0, "rain_rate_mmh": 0.0}