{"ts": 1773377605879, "temp_c": 5.1111111111111125, "hum_pct": 97.0, "dew_c": 4.666666666666666, "wind_kmh": 2.8968192000000004, "gust_kmh": 3.218688, "wind_dir": "235", "rain_day_mm": 0.0, "rain_rate_mmh": 0.0}