{"ts": 1784347828724, "temp_c": 23.5, "hum_pct": 89.0, "dew_c": 21.611111111111114, "wind_kmh": 0.0, "gust_kmh": 3.218688, "wind_dir": "348", "rain_day_mm": 0.0, "rain_rate_mmh": 0.0}