{"ts": 1772528290909, "temp_c": 13.777777777777777, "hum_pct": 70.0, "dew_c": 8.444444444444446, "wind_kmh": 5.793638400000001, "gust_kmh": 11.909145600000002, "wind_dir": "24", "rain_day_mm": 1.016, "rain_rate_mmh": 0.0}