{"ts": 1770761390206, "temp_c": 19.88888888888889, "hum_pct": 53.0, "dew_c": 10.055555555555555, "wind_kmh": 28.8072576, "gust_kmh": 43.130419200000006, "wind_dir": "282", "rain_day_mm": 0.0, "rain_rate_mmh": 0.0}