{"ts": 1771880749405, "temp_c": 7.3888888888888875, "hum_pct": 84.0, "dew_c": 4.8888888888888875, "wind_kmh": 2.8968192000000004, "gust_kmh": 4.02336, "wind_dir": "278", "rain_day_mm": 0.0, "rain_rate_mmh": 0.0}