{"ts": 1782394668546, "temp_c": 33.72222222222222, "hum_pct": 36.0, "dew_c": 16.555555555555557, "wind_kmh": 5.793638400000001, "gust_kmh": 21.2433408, "wind_dir": "155", "rain_day_mm": 0.0, "rain_rate_mmh": 0.0}