{"ts": 1783765370008, "temp_c": 33.111111111111114, "hum_pct": 42.0, "dew_c": 18.5, "wind_kmh": 2.0921472000000003, "gust_kmh": 5.793638400000001, "wind_dir": "185", "rain_day_mm": 0.0, "rain_rate_mmh": 0.0}