{"ts": 1773514508868, "temp_c": 9.000000000000002, "hum_pct": 81.0, "dew_c": 5.944444444444446, "wind_kmh": 5.4717696, "gust_kmh": 6.1155072, "wind_dir": "180", "rain_day_mm": 0.0, "rain_rate_mmh": 0.0}