{"ts": 1772978369983, "temp_c": 14.11111111111111, "hum_pct": 74.0, "dew_c": 9.555555555555557, "wind_kmh": 10.1388672, "gust_kmh": 16.898112, "wind_dir": "188", "rain_day_mm": 7.112, "rain_rate_mmh": 0.0}