{"ts": 1783287424872, "temp_c": 24.72222222222222, "hum_pct": 52.0, "dew_c": 14.166666666666666, "wind_kmh": 0.0, "gust_kmh": 3.218688, "wind_dir": "316", "rain_day_mm": 0.0, "rain_rate_mmh": 0.0}