{"ts": 1772278737490, "temp_c": 13.722222222222223, "hum_pct": 70.0, "dew_c": 8.333333333333334, "wind_kmh": 4.02336, "gust_kmh": 4.6670976, "wind_dir": "136", "rain_day_mm": 0.0, "rain_rate_mmh": 0.0}