{"ts": 1773002299673, "temp_c": 8.61111111111111, "hum_pct": 97.0, "dew_c": 8.166666666666668, "wind_kmh": 0.0, "gust_kmh": 3.218688, "wind_dir": "213", "rain_day_mm": 7.112, "rain_rate_mmh": 0.0}