{"ts": 1772465040882, "temp_c": 12.611111111111112, "hum_pct": 75.0, "dew_c": 8.277777777777779, "wind_kmh": 6.759244800000001, "gust_kmh": 13.0356864, "wind_dir": "149", "rain_day_mm": 0.0, "rain_rate_mmh": 0.0}