{"ts": 1779386881227, "temp_c": 25.27777777777778, "hum_pct": 38.0, "dew_c": 10.0, "wind_kmh": 13.357555200000002, "gust_kmh": 16.898112, "wind_dir": "192", "rain_day_mm": 0.0, "rain_rate_mmh": 0.0}