{"ts": 1784217624790, "temp_c": 31.88888888888889, "hum_pct": 59.0, "dew_c": 22.88888888888889, "wind_kmh": 7.885785600000001, "gust_kmh": 10.460736, "wind_dir": "140", "rain_day_mm": 0.0, "rain_rate_mmh": 0.0}