{"ts": 1771657770139, "temp_c": 8.222222222222221, "hum_pct": 67.0, "dew_c": 2.4444444444444438, "wind_kmh": 4.6670976, "gust_kmh": 16.576243200000004, "wind_dir": "281", "rain_day_mm": 0.0, "rain_rate_mmh": 0.0}