{"ts": 1777943687037, "temp_c": 10.999999999999998, "hum_pct": 90.0, "dew_c": 9.444444444444445, "wind_kmh": 0.0, "gust_kmh": 4.02336, "wind_dir": "237", "rain_day_mm": 0.0, "rain_rate_mmh": 0.0}