{"ts": 1784181650772, "temp_c": 25.72222222222222, "hum_pct": 74.0, "dew_c": 20.72222222222222, "wind_kmh": 2.0921472000000003, "gust_kmh": 2.5749504000000005, "wind_dir": "157", "rain_day_mm": 0.0, "rain_rate_mmh": 0.0}