{"ts": 1773381651866, "temp_c": 4.8888888888888875, "hum_pct": 97.0, "dew_c": 4.444444444444445, "wind_kmh": 3.5405568000000005, "gust_kmh": 4.345228800000001, "wind_dir": "237", "rain_day_mm": 0.0, "rain_rate_mmh": 0.0}