{"ts": 1777737458767, "temp_c": 18.61111111111111, "hum_pct": 62.0, "dew_c": 11.166666666666666, "wind_kmh": 10.1388672, "gust_kmh": 19.4730624, "wind_dir": "173", "rain_day_mm": 2.794, "rain_rate_mmh": 0.0}