{"ts": 1774479179638, "temp_c": 10.88888888888889, "hum_pct": 50.0, "dew_c": 0.8888888888888897, "wind_kmh": 14.0012928, "gust_kmh": 26.232307200000005, "wind_dir": "299", "rain_day_mm": 0.0, "rain_rate_mmh": 0.0}