{"ts": 1782578633323, "temp_c": 33.0, "hum_pct": 35.0, "dew_c": 15.5, "wind_kmh": 4.02336, "gust_kmh": 14.323161600000002, "wind_dir": "193", "rain_day_mm": 0.0, "rain_rate_mmh": 0.0}