{"ts": 1783794869193, "temp_c": 27.77777777777778, "hum_pct": 68.0, "dew_c": 21.333333333333336, "wind_kmh": 9.0123264, "gust_kmh": 10.1388672, "wind_dir": "176", "rain_day_mm": 0.0, "rain_rate_mmh": 0.0}