{"ts": 1770959698380, "temp_c": 10.88888888888889, "hum_pct": 59.0, "dew_c": 3.2222222222222205, "wind_kmh": 2.8968192000000004, "gust_kmh": 5.4717696, "wind_dir": "92", "rain_day_mm": 0.0, "rain_rate_mmh": 0.0}