{"ts": 1774631276035, "temp_c": 14.38888888888889, "hum_pct": 53.0, "dew_c": 4.944444444444444, "wind_kmh": 14.8059648, "gust_kmh": 40.394534400000005, "wind_dir": "145", "rain_day_mm": 0.0, "rain_rate_mmh": 0.0}