{"ts": 1774029865486, "temp_c": 12.611111111111112, "hum_pct": 58.0, "dew_c": 4.555555555555557, "wind_kmh": 4.6670976, "gust_kmh": 5.793638400000001, "wind_dir": "198", "rain_day_mm": 0.254, "rain_rate_mmh": 0.0}