{"ts": 1782335485442, "temp_c": 24.222222222222218, "hum_pct": 73.0, "dew_c": 19.055555555555557, "wind_kmh": 0.0, "gust_kmh": 2.0921472000000003, "wind_dir": "249", "rain_day_mm": 0.0, "rain_rate_mmh": 0.0}