{"ts": 1778226977420, "temp_c": 18.88888888888889, "hum_pct": 54.0, "dew_c": 9.38888888888889, "wind_kmh": 4.6670976, "gust_kmh": 7.885785600000001, "wind_dir": "195", "rain_day_mm": 0.0, "rain_rate_mmh": 0.0}