{"ts": 1776009847631, "temp_c": 11.722222222222221, "hum_pct": 78.0, "dew_c": 8.0, "wind_kmh": 14.0012928, "gust_kmh": 22.0480128, "wind_dir": "318", "rain_day_mm": 1.5239999999999998, "rain_rate_mmh": 0.0}