{"ts": 1780782063987, "temp_c": 20.11111111111111, "hum_pct": 89.0, "dew_c": 18.22222222222222, "wind_kmh": 2.8968192000000004, "gust_kmh": 3.5405568000000005, "wind_dir": "165", "rain_day_mm": 0.0, "rain_rate_mmh": 0.0}