{"ts": 1782461900375, "temp_c": 30.77777777777778, "hum_pct": 48.0, "dew_c": 18.555555555555557, "wind_kmh": 9.656064, "gust_kmh": 11.104473600000002, "wind_dir": "161", "rain_day_mm": 0.0, "rain_rate_mmh": 0.0}