{"ts": 1778069816505, "temp_c": 21.611111111111114, "hum_pct": 42.0, "dew_c": 8.166666666666668, "wind_kmh": 12.2310144, "gust_kmh": 14.8059648, "wind_dir": "184", "rain_day_mm": 0.0, "rain_rate_mmh": 0.0}