{"ts": 1777055264258, "temp_c": 16.27777777777778, "hum_pct": 69.0, "dew_c": 10.61111111111111, "wind_kmh": 6.759244800000001, "gust_kmh": 13.0356864, "wind_dir": "187", "rain_day_mm": 0.0, "rain_rate_mmh": 0.0}