{"ts": 1774208139623, "temp_c": 11.38888888888889, "hum_pct": 83.0, "dew_c": 8.61111111111111, "wind_kmh": 4.345228800000001, "gust_kmh": 8.690457600000002, "wind_dir": "149", "rain_day_mm": 0.0, "rain_rate_mmh": 0.0}