{"ts": 1774774541768, "temp_c": 11.722222222222221, "hum_pct": 32.0, "dew_c": -4.444444444444445, "wind_kmh": 16.2543744, "gust_kmh": 42.80855040000001, "wind_dir": "336", "rain_day_mm": 0.0, "rain_rate_mmh": 0.0}