{"ts": 1773733106016, "temp_c": 15.11111111111111, "hum_pct": 65.0, "dew_c": 8.555555555555555, "wind_kmh": 2.0921472000000003, "gust_kmh": 2.8968192000000004, "wind_dir": "209", "rain_day_mm": 0.0, "rain_rate_mmh": 0.0}