{"ts": 1784262189213, "temp_c": 21.38888888888889, "hum_pct": 90.0, "dew_c": 19.66666666666667, "wind_kmh": 0.0, "gust_kmh": 2.0921472000000003, "wind_dir": "262", "rain_day_mm": 0.0, "rain_rate_mmh": 0.0}