{"ts": 1771496942845, "temp_c": 12.611111111111112, "hum_pct": 43.0, "dew_c": 0.33333333333333415, "wind_kmh": 25.588569600000003, "gust_kmh": 63.73002240000001, "wind_dir": "329", "rain_day_mm": 0.0, "rain_rate_mmh": 0.0}