{"ts": 1775565588762, "temp_c": 24.222222222222218, "hum_pct": 29.0, "dew_c": 5.055555555555556, "wind_kmh": 15.4497024, "gust_kmh": 16.898112, "wind_dir": "132", "rain_day_mm": 0.0, "rain_rate_mmh": 0.0}