{"ts": 1773867229580, "temp_c": 10.722222222222221, "hum_pct": 80.0, "dew_c": 7.3888888888888875, "wind_kmh": 3.218688, "gust_kmh": 9.3341952, "wind_dir": "197", "rain_day_mm": 0.0, "rain_rate_mmh": 0.0}