{"ts": 1774033494521, "temp_c": 8.722222222222223, "hum_pct": 74.0, "dew_c": 4.333333333333332, "wind_kmh": 0.0, "gust_kmh": 2.8968192000000004, "wind_dir": "269", "rain_day_mm": 0.254, "rain_rate_mmh": 0.0}