{"ts": 1777271963768, "temp_c": 18.61111111111111, "hum_pct": 56.0, "dew_c": 9.666666666666666, "wind_kmh": 3.5405568000000005, "gust_kmh": 4.988966400000001, "wind_dir": "193", "rain_day_mm": 0.0, "rain_rate_mmh": 0.0}