{"ts": 1772980652785, "temp_c": 13.0, "hum_pct": 78.0, "dew_c": 9.277777777777779, "wind_kmh": 9.3341952, "gust_kmh": 14.8059648, "wind_dir": "154", "rain_day_mm": 7.112, "rain_rate_mmh": 0.0}