{"ts": 1784749146230, "temp_c": 26.722222222222218, "hum_pct": 50.0, "dew_c": 15.444444444444445, "wind_kmh": 7.563916800000001, "gust_kmh": 9.0123264, "wind_dir": "176", "rain_day_mm": 0.0, "rain_rate_mmh": 0.0}