{"ts": 1782419685069, "temp_c": 25.611111111111107, "hum_pct": 58.0, "dew_c": 16.72222222222222, "wind_kmh": 3.5405568000000005, "gust_kmh": 7.885785600000001, "wind_dir": "192", "rain_day_mm": 0.0, "rain_rate_mmh": 0.0}