{"ts": 1777680072313, "temp_c": 16.22222222222222, "hum_pct": 79.0, "dew_c": 12.555555555555555, "wind_kmh": 3.218688, "gust_kmh": 7.563916800000001, "wind_dir": "182", "rain_day_mm": 0.0, "rain_rate_mmh": 0.0}