{"ts": 1778336358351, "temp_c": 16.77777777777778, "hum_pct": 78.0, "dew_c": 12.944444444444443, "wind_kmh": 6.1155072, "gust_kmh": 6.759244800000001, "wind_dir": "163", "rain_day_mm": 1.5239999999999998, "rain_rate_mmh": 0.0}