{"ts": 1773787776286, "temp_c": 7.722222222222222, "hum_pct": 81.0, "dew_c": 4.666666666666666, "wind_kmh": 2.0921472000000003, "gust_kmh": 2.5749504000000005, "wind_dir": "248", "rain_day_mm": 0.0, "rain_rate_mmh": 0.0}