{"ts": 1782172349841, "temp_c": 20.777777777777782, "hum_pct": 60.0, "dew_c": 12.777777777777779, "wind_kmh": 0.0, "gust_kmh": 1.7702784000000003, "wind_dir": "277", "rain_day_mm": 0.0, "rain_rate_mmh": 0.0}