{"ts": 1781009343998, "temp_c": 27.88888888888889, "hum_pct": 47.0, "dew_c": 15.555555555555555, "wind_kmh": 8.690457600000002, "gust_kmh": 15.771571200000002, "wind_dir": "239", "rain_day_mm": 0.0, "rain_rate_mmh": 0.0}