{"ts": 1772607800065, "temp_c": 12.888888888888891, "hum_pct": 71.0, "dew_c": 7.777777777777778, "wind_kmh": 2.5749504000000005, "gust_kmh": 2.8968192000000004, "wind_dir": "190", "rain_day_mm": 0.0, "rain_rate_mmh": 0.0}