{"ts": 1774555033033, "temp_c": 12.611111111111112, "hum_pct": 34.0, "dew_c": -2.833333333333334, "wind_kmh": 31.7040768, "gust_kmh": 42.80855040000001, "wind_dir": "317", "rain_day_mm": 0.0, "rain_rate_mmh": 0.0}