{"ts": 1774190555273, "temp_c": 17.88888888888889, "hum_pct": 56.0, "dew_c": 9.000000000000002, "wind_kmh": 22.0480128, "gust_kmh": 24.4620288, "wind_dir": "212", "rain_day_mm": 0.0, "rain_rate_mmh": 0.0}