{"ts": 1772686389677, "temp_c": 13.61111111111111, "hum_pct": 71.0, "dew_c": 8.444444444444446, "wind_kmh": 4.345228800000001, "gust_kmh": 5.4717696, "wind_dir": "184", "rain_day_mm": 0.0, "rain_rate_mmh": 0.0}