{"ts": 1772269058781, "temp_c": 11.61111111111111, "hum_pct": 77.0, "dew_c": 7.722222222222222, "wind_kmh": 5.4717696, "gust_kmh": 6.759244800000001, "wind_dir": "165", "rain_day_mm": 0.0, "rain_rate_mmh": 0.0}