{"ts": 1784788623623, "temp_c": 27.277777777777775, "hum_pct": 68.0, "dew_c": 20.888888888888886, "wind_kmh": 2.0921472000000003, "gust_kmh": 3.218688, "wind_dir": "158", "rain_day_mm": 0.0, "rain_rate_mmh": 0.0}