{"ts": 1770042809048, "temp_c": 11.11111111111111, "hum_pct": 87.0, "dew_c": 9.000000000000002, "wind_kmh": 2.8968192000000004, "gust_kmh": 3.5405568000000005, "wind_dir": "204", "rain_day_mm": 0.508, "rain_rate_mmh": 0.508}