{"ts": 1772307655415, "temp_c": 10.277777777777779, "hum_pct": 91.0, "dew_c": 8.88888888888889, "wind_kmh": 0.0, "gust_kmh": 2.8968192000000004, "wind_dir": "97", "rain_day_mm": 0.254, "rain_rate_mmh": 0.0}