{"ts": 1771693244360, "temp_c": 15.722222222222221, "hum_pct": 52.0, "dew_c": 5.888888888888889, "wind_kmh": 5.4717696, "gust_kmh": 9.656064, "wind_dir": "186", "rain_day_mm": 0.0, "rain_rate_mmh": 0.0}