{"ts": 1782919346073, "temp_c": 36.388888888888886, "hum_pct": 23.0, "dew_c": 11.944444444444445, "wind_kmh": 6.437376, "gust_kmh": 10.460736, "wind_dir": "267", "rain_day_mm": 0.0, "rain_rate_mmh": 0.0}