{"ts": 1773050666307, "temp_c": 13.88888888888889, "hum_pct": 71.0, "dew_c": 8.722222222222223, "wind_kmh": 8.690457600000002, "gust_kmh": 11.909145600000002, "wind_dir": "240", "rain_day_mm": 0.0, "rain_rate_mmh": 0.0}