{"ts": 1773820711043, "temp_c": 15.38888888888889, "hum_pct": 51.0, "dew_c": 5.333333333333334, "wind_kmh": 4.6670976, "gust_kmh": 8.690457600000002, "wind_dir": "202", "rain_day_mm": 0.0, "rain_rate_mmh": 0.0}