{"ts": 1776621021125, "temp_c": 18.388888888888886, "hum_pct": 76.0, "dew_c": 14.11111111111111, "wind_kmh": 7.563916800000001, "gust_kmh": 13.357555200000002, "wind_dir": "193", "rain_day_mm": 0.0, "rain_rate_mmh": 0.0}