{"ts": 1772912944123, "temp_c": 8.722222222222223, "hum_pct": 97.0, "dew_c": 8.277777777777779, "wind_kmh": 0.0, "gust_kmh": 3.218688, "wind_dir": "232", "rain_day_mm": 20.066, "rain_rate_mmh": 0.0}