{"ts": 1774108575515, "temp_c": 16.77777777777778, "hum_pct": 35.0, "dew_c": 1.2777777777777761, "wind_kmh": 7.885785600000001, "gust_kmh": 20.1168, "wind_dir": "170", "rain_day_mm": 0.0, "rain_rate_mmh": 0.0}