{"ts": 1782764954723, "temp_c": 26.611111111111114, "hum_pct": 56.0, "dew_c": 17.11111111111111, "wind_kmh": 6.1155072, "gust_kmh": 7.2420480000000005, "wind_dir": "170", "rain_day_mm": 0.0, "rain_rate_mmh": 0.0}