{"ts": 1784203541625, "temp_c": 30.27777777777778, "hum_pct": 69.0, "dew_c": 24.0, "wind_kmh": 9.3341952, "gust_kmh": 16.898112, "wind_dir": "177", "rain_day_mm": 0.0, "rain_rate_mmh": 0.0}