{"ts": 1777927168629, "temp_c": 12.611111111111112, "hum_pct": 88.0, "dew_c": 10.666666666666668, "wind_kmh": 4.02336, "gust_kmh": 4.988966400000001, "wind_dir": "210", "rain_day_mm": 4.826, "rain_rate_mmh": 0.0}