{"ts": 1774261997038, "temp_c": 16.11111111111111, "hum_pct": 54.0, "dew_c": 6.7777777777777795, "wind_kmh": 20.599603200000004, "gust_kmh": 21.565209600000003, "wind_dir": "227", "rain_day_mm": 0.0, "rain_rate_mmh": 0.0}