{"ts": 1776200725169, "temp_c": 11.61111111111111, "hum_pct": 71.0, "dew_c": 6.500000000000002, "wind_kmh": 0.0, "gust_kmh": 4.345228800000001, "wind_dir": "140", "rain_day_mm": 0.0, "rain_rate_mmh": 0.0}