{"ts": 1784011018030, "temp_c": 29.5, "hum_pct": 67.0, "dew_c": 22.722222222222225, "wind_kmh": 4.02336, "gust_kmh": 4.02336, "wind_dir": "135", "rain_day_mm": 0.0, "rain_rate_mmh": 0.0}