{"ts": 1777756971824, "temp_c": 16.22222222222222, "hum_pct": 84.0, "dew_c": 13.499999999999998, "wind_kmh": 5.4717696, "gust_kmh": 7.2420480000000005, "wind_dir": "198", "rain_day_mm": 2.794, "rain_rate_mmh": 0.0}