{"ts": 1770508907788, "temp_c": 9.000000000000002, "hum_pct": 87.0, "dew_c": 6.944444444444445, "wind_kmh": 1.7702784000000003, "gust_kmh": 4.02336, "wind_dir": "205", "rain_day_mm": 1.016, "rain_rate_mmh": 0.0}