{"ts": 1773299438745, "temp_c": 9.277777777777779, "hum_pct": 84.0, "dew_c": 6.722222222222223, "wind_kmh": 0.0, "gust_kmh": 3.218688, "wind_dir": "215", "rain_day_mm": 0.0, "rain_rate_mmh": 0.0}