{"ts": 1776030500322, "temp_c": 9.5, "hum_pct": 88.0, "dew_c": 7.6111111111111125, "wind_kmh": 7.2420480000000005, "gust_kmh": 10.1388672, "wind_dir": "235", "rain_day_mm": 9.652, "rain_rate_mmh": 1.27}