{"ts": 1784524846129, "temp_c": 21.999999999999996, "hum_pct": 84.0, "dew_c": 19.166666666666668, "wind_kmh": 0.0, "gust_kmh": 2.0921472000000003, "wind_dir": "220", "rain_day_mm": 0.0, "rain_rate_mmh": 0.0}