{"ts": 1783978283975, "temp_c": 25.500000000000004, "hum_pct": 85.0, "dew_c": 22.77777777777778, "wind_kmh": 6.437376, "gust_kmh": 8.2076544, "wind_dir": "134", "rain_day_mm": 0.0, "rain_rate_mmh": 0.0}