{"ts": 1775670171335, "temp_c": 19.777777777777775, "hum_pct": 55.0, "dew_c": 10.5, "wind_kmh": 4.02336, "gust_kmh": 6.1155072, "wind_dir": "204", "rain_day_mm": 0.0, "rain_rate_mmh": 0.0}