{"ts": 1780489408190, "temp_c": 28.77777777777778, "hum_pct": 32.0, "dew_c": 10.5, "wind_kmh": 4.345228800000001, "gust_kmh": 7.2420480000000005, "wind_dir": "101", "rain_day_mm": 0.0, "rain_rate_mmh": 0.0}