{"ts": 1780223636468, "temp_c": 31.27777777777778, "hum_pct": 39.0, "dew_c": 15.722222222222221, "wind_kmh": 13.0356864, "gust_kmh": 20.1168, "wind_dir": "163", "rain_day_mm": 0.0, "rain_rate_mmh": 0.0}