{"ts": 1780761244748, "temp_c": 25.0, "hum_pct": 66.0, "dew_c": 18.22222222222222, "wind_kmh": 4.6670976, "gust_kmh": 15.771571200000002, "wind_dir": "207", "rain_day_mm": 0.0, "rain_rate_mmh": 0.0}