{"ts": 1770268210763, "temp_c": 7.722222222222222, "hum_pct": 81.0, "dew_c": 4.666666666666666, "wind_kmh": 2.5749504000000005, "gust_kmh": 3.218688, "wind_dir": "241", "rain_day_mm": 0.0, "rain_rate_mmh": 0.0}