{"ts": 1771685835385, "temp_c": 19.499999999999996, "hum_pct": 43.0, "dew_c": 6.611111111111111, "wind_kmh": 13.0356864, "gust_kmh": 17.702784, "wind_dir": "171", "rain_day_mm": 0.0, "rain_rate_mmh": 0.0}