{"ts": 1776448882067, "temp_c": 18.61111111111111, "hum_pct": 62.0, "dew_c": 11.166666666666666, "wind_kmh": 9.3341952, "gust_kmh": 15.4497024, "wind_dir": "174", "rain_day_mm": 0.0, "rain_rate_mmh": 0.0}