{"ts": 1777140441449, "temp_c": 19.499999999999996, "hum_pct": 55.0, "dew_c": 10.222222222222221, "wind_kmh": 6.759244800000001, "gust_kmh": 9.656064, "wind_dir": "224", "rain_day_mm": 0.0, "rain_rate_mmh": 0.0}