{"ts": 1777075696862, "temp_c": 11.722222222222221, "hum_pct": 79.0, "dew_c": 8.166666666666668, "wind_kmh": 0.0, "gust_kmh": 2.8968192000000004, "wind_dir": "327", "rain_day_mm": 0.0, "rain_rate_mmh": 0.0}