{"ts": 1776509802858, "temp_c": 25.500000000000004, "hum_pct": 39.0, "dew_c": 10.555555555555555, "wind_kmh": 8.690457600000002, "gust_kmh": 24.14016, "wind_dir": "165", "rain_day_mm": 0.0, "rain_rate_mmh": 0.0}