{"ts": 1780814423006, "temp_c": 24.61111111111111, "hum_pct": 67.0, "dew_c": 18.055555555555557, "wind_kmh": 2.5749504000000005, "gust_kmh": 3.5405568000000005, "wind_dir": "188", "rain_day_mm": 0.0, "rain_rate_mmh": 0.0}