{"ts": 1778256094465, "temp_c": 19.72222222222222, "hum_pct": 56.0, "dew_c": 10.666666666666668, "wind_kmh": 14.0012928, "gust_kmh": 21.565209600000003, "wind_dir": "163", "rain_day_mm": 0.0, "rain_rate_mmh": 0.0}