{"ts": 1774793236155, "temp_c": 17.77777777777778, "hum_pct": 17.0, "dew_c": -7.555555555555555, "wind_kmh": 9.3341952, "gust_kmh": 24.4620288, "wind_dir": "19", "rain_day_mm": 0.0, "rain_rate_mmh": 0.0}