{"ts": 1777052104556, "temp_c": 17.88888888888889, "hum_pct": 67.0, "dew_c": 11.666666666666666, "wind_kmh": 10.1388672, "gust_kmh": 15.4497024, "wind_dir": "173", "rain_day_mm": 0.0, "rain_rate_mmh": 0.0}