{"ts": 1784331027299, "temp_c": 23.61111111111111, "hum_pct": 87.0, "dew_c": 21.333333333333336, "wind_kmh": 2.5749504000000005, "gust_kmh": 3.218688, "wind_dir": "311", "rain_day_mm": 0.0, "rain_rate_mmh": 0.0}