{"ts": 1772592503704, "temp_c": 12.777777777777779, "hum_pct": 64.0, "dew_c": 6.166666666666668, "wind_kmh": 2.8968192000000004, "gust_kmh": 4.6670976, "wind_dir": "289", "rain_day_mm": 0.0, "rain_rate_mmh": 0.0}