{"ts": 1774955310523, "temp_c": 20.72222222222222, "hum_pct": 30.0, "dew_c": 2.5, "wind_kmh": 8.2076544, "gust_kmh": 15.771571200000002, "wind_dir": "313", "rain_day_mm": 0.0, "rain_rate_mmh": 0.0}