{"ts": 1778063166188, "temp_c": 20.500000000000004, "hum_pct": 42.0, "dew_c": 7.166666666666667, "wind_kmh": 3.218688, "gust_kmh": 4.6670976, "wind_dir": "286", "rain_day_mm": 0.0, "rain_rate_mmh": 0.0}