{"ts": 1773586093534, "temp_c": 19.111111111111114, "hum_pct": 18.0, "dew_c": -5.777777777777777, "wind_kmh": 16.576243200000004, "gust_kmh": 18.346521600000003, "wind_dir": "307", "rain_day_mm": 0.0, "rain_rate_mmh": 0.0}