{"ts": 1775641683954, "temp_c": 25.0, "hum_pct": 27.0, "dew_c": 4.722222222222222, "wind_kmh": 4.345228800000001, "gust_kmh": 6.1155072, "wind_dir": "177", "rain_day_mm": 0.0, "rain_rate_mmh": 0.0}