{"ts": 1773997084778, "temp_c": 17.27777777777778, "hum_pct": 35.0, "dew_c": 1.722222222222223, "wind_kmh": 5.4717696, "gust_kmh": 6.437376, "wind_dir": "172", "rain_day_mm": 0.254, "rain_rate_mmh": 0.0}