{"ts": 1783438426377, "temp_c": 34.27777777777778, "hum_pct": 37.0, "dew_c": 17.555555555555557, "wind_kmh": 11.587276800000001, "gust_kmh": 20.921472, "wind_dir": "167", "rain_day_mm": 0.0, "rain_rate_mmh": 0.0}