{"ts": 1776269566779, "temp_c": 21.0, "hum_pct": 50.0, "dew_c": 10.166666666666664, "wind_kmh": 15.771571200000002, "gust_kmh": 25.910438400000004, "wind_dir": "194", "rain_day_mm": 0.0, "rain_rate_mmh": 0.0}