{"ts": 1774528631161, "temp_c": 17.77777777777778, "hum_pct": 32.0, "dew_c": 0.8888888888888897, "wind_kmh": 20.1168, "gust_kmh": 25.910438400000004, "wind_dir": "318", "rain_day_mm": 0.0, "rain_rate_mmh": 0.0}