{"ts": 1773760402264, "temp_c": 20.72222222222222, "hum_pct": 41.0, "dew_c": 7.000000000000001, "wind_kmh": 11.104473600000002, "gust_kmh": 17.702784, "wind_dir": "234", "rain_day_mm": 0.0, "rain_rate_mmh": 0.0}