{"ts": 1784585366582, "temp_c": 24.777777777777775, "hum_pct": 85.0, "dew_c": 22.11111111111111, "wind_kmh": 0.0, "gust_kmh": 2.0921472000000003, "wind_dir": "200", "rain_day_mm": 0.0, "rain_rate_mmh": 0.0}