{"ts": 1772634233639, "temp_c": 18.111111111111107, "hum_pct": 60.0, "dew_c": 10.222222222222221, "wind_kmh": 11.587276800000001, "gust_kmh": 14.8059648, "wind_dir": "98", "rain_day_mm": 0.0, "rain_rate_mmh": 0.0}