{"ts": 1776710315924, "temp_c": 17.77777777777778, "hum_pct": 77.0, "dew_c": 13.722222222222223, "wind_kmh": 14.0012928, "gust_kmh": 20.599603200000004, "wind_dir": "154", "rain_day_mm": 0.0, "rain_rate_mmh": 0.0}