{"ts": 1784877215237, "temp_c": 28.111111111111107, "hum_pct": 75.0, "dew_c": 23.277777777777782, "wind_kmh": 0.0, "gust_kmh": 2.5749504000000005, "wind_dir": "18", "rain_day_mm": 0.0, "rain_rate_mmh": 0.0}