{"ts": 1772904858105, "temp_c": 8.777777777777777, "hum_pct": 96.0, "dew_c": 8.222222222222221, "wind_kmh": 2.5749504000000005, "gust_kmh": 3.218688, "wind_dir": "229", "rain_day_mm": 19.558, "rain_rate_mmh": 0.508}