{"ts": 1773169489279, "temp_c": 9.222222222222221, "hum_pct": 89.0, "dew_c": 7.5, "wind_kmh": 1.7702784000000003, "gust_kmh": 2.5749504000000005, "wind_dir": "232", "rain_day_mm": 0.0, "rain_rate_mmh": 0.0}