{"ts": 1773506801783, "temp_c": 10.722222222222221, "hum_pct": 74.0, "dew_c": 6.277777777777776, "wind_kmh": 18.0246528, "gust_kmh": 30.577536000000002, "wind_dir": "161", "rain_day_mm": 0.0, "rain_rate_mmh": 0.0}