{"ts": 1773262056985, "temp_c": 13.222222222222221, "hum_pct": 66.0, "dew_c": 7.000000000000001, "wind_kmh": 10.1388672, "gust_kmh": 14.0012928, "wind_dir": "105", "rain_day_mm": 0.0, "rain_rate_mmh": 0.0}