{"ts": 1772232930554, "temp_c": 10.111111111111112, "hum_pct": 80.0, "dew_c": 6.833333333333332, "wind_kmh": 7.2420480000000005, "gust_kmh": 9.656064, "wind_dir": "157", "rain_day_mm": 0.0, "rain_rate_mmh": 0.0}