{"ts": 1772361594873, "temp_c": 14.61111111111111, "hum_pct": 67.0, "dew_c": 8.555555555555555, "wind_kmh": 8.690457600000002, "gust_kmh": 14.0012928, "wind_dir": "185", "rain_day_mm": 0.0, "rain_rate_mmh": 0.0}