{"ts": 1770536865074, "temp_c": 8.722222222222223, "hum_pct": 83.0, "dew_c": 5.999999999999998, "wind_kmh": 3.5405568000000005, "gust_kmh": 5.793638400000001, "wind_dir": "164", "rain_day_mm": 1.016, "rain_rate_mmh": 0.0}