{"ts": 1772365744174, "temp_c": 14.38888888888889, "hum_pct": 66.0, "dew_c": 8.11111111111111, "wind_kmh": 8.2076544, "gust_kmh": 20.599603200000004, "wind_dir": "230", "rain_day_mm": 0.254, "rain_rate_mmh": 0.0}