{"ts": 1774874253535, "temp_c": 19.27777777777778, "hum_pct": 30.0, "dew_c": 1.2777777777777761, "wind_kmh": 14.323161600000002, "gust_kmh": 22.0480128, "wind_dir": "279", "rain_day_mm": 0.0, "rain_rate_mmh": 0.0}