{"ts": 1772551806087, "temp_c": 16.77777777777778, "hum_pct": 57.0, "dew_c": 8.222222222222221, "wind_kmh": 17.702784, "gust_kmh": 28.0025856, "wind_dir": "123", "rain_day_mm": 1.016, "rain_rate_mmh": 0.0}