{"ts": 1775279440054, "temp_c": 8.61111111111111, "hum_pct": 70.0, "dew_c": 3.444444444444446, "wind_kmh": 5.793638400000001, "gust_kmh": 11.587276800000001, "wind_dir": "287", "rain_day_mm": 0.0, "rain_rate_mmh": 0.0}