{"ts": 1775342794104, "temp_c": 9.38888888888889, "hum_pct": 74.0, "dew_c": 5.0, "wind_kmh": 3.218688, "gust_kmh": 3.218688, "wind_dir": "290", "rain_day_mm": 0.0, "rain_rate_mmh": 0.0}