{"ts": 1775773359414, "temp_c": 12.277777777777779, "hum_pct": 71.0, "dew_c": 7.222222222222222, "wind_kmh": 2.8968192000000004, "gust_kmh": 3.5405568000000005, "wind_dir": "307", "rain_day_mm": 0.0, "rain_rate_mmh": 0.0}