{"ts": 1776183530910, "temp_c": 19.499999999999996, "hum_pct": 36.0, "dew_c": 4.055555555555554, "wind_kmh": 15.127833600000002, "gust_kmh": 25.910438400000004, "wind_dir": "167", "rain_day_mm": 0.0, "rain_rate_mmh": 0.0}