{"ts": 1782376167152, "temp_c": 32.111111111111114, "hum_pct": 33.0, "dew_c": 13.833333333333334, "wind_kmh": 9.656064, "gust_kmh": 14.8059648, "wind_dir": "121", "rain_day_mm": 0.0, "rain_rate_mmh": 0.0}