{"ts": 1784392340278, "temp_c": 31.38888888888889, "hum_pct": 51.0, "dew_c": 20.055555555555554, "wind_kmh": 8.2076544, "gust_kmh": 15.127833600000002, "wind_dir": "161", "rain_day_mm": 0.0, "rain_rate_mmh": 0.0}