{"ts": 1773906790613, "temp_c": 14.722222222222221, "hum_pct": 58.0, "dew_c": 6.555555555555554, "wind_kmh": 10.782604800000001, "gust_kmh": 15.771571200000002, "wind_dir": "121", "rain_day_mm": 0.0, "rain_rate_mmh": 0.0}