{"ts": 1774618785943, "temp_c": 18.72222222222222, "hum_pct": 27.0, "dew_c": -0.6666666666666663, "wind_kmh": 16.898112, "gust_kmh": 22.0480128, "wind_dir": "337", "rain_day_mm": 0.0, "rain_rate_mmh": 0.0}