{"ts": 1773315594012, "temp_c": 19.0, "hum_pct": 53.0, "dew_c": 9.222222222222221, "wind_kmh": 4.345228800000001, "gust_kmh": 6.1155072, "wind_dir": "153", "rain_day_mm": 0.0, "rain_rate_mmh": 0.0}