{"ts": 1778136510053, "temp_c": 18.72222222222222, "hum_pct": 62.0, "dew_c": 11.277777777777777, "wind_kmh": 5.4717696, "gust_kmh": 6.759244800000001, "wind_dir": "211", "rain_day_mm": 0.0, "rain_rate_mmh": 0.0}