{"ts": 1780787703902, "temp_c": 20.27777777777778, "hum_pct": 85.0, "dew_c": 17.72222222222222, "wind_kmh": 3.5405568000000005, "gust_kmh": 6.437376, "wind_dir": "166", "rain_day_mm": 0.0, "rain_rate_mmh": 0.0}