{"ts": 1778867417177, "temp_c": 13.777777777777777, "hum_pct": 61.0, "dew_c": 6.388888888888889, "wind_kmh": 1.7702784000000003, "gust_kmh": 7.2420480000000005, "wind_dir": "210", "rain_day_mm": 0.0, "rain_rate_mmh": 0.0}