{"ts": 1778714288391, "temp_c": 15.222222222222221, "hum_pct": 52.0, "dew_c": 5.444444444444443, "wind_kmh": 3.218688, "gust_kmh": 4.345228800000001, "wind_dir": "175", "rain_day_mm": 0.0, "rain_rate_mmh": 0.0}