{"ts": 1778404502852, "temp_c": 20.777777777777782, "hum_pct": 65.0, "dew_c": 14.000000000000002, "wind_kmh": 4.02336, "gust_kmh": 9.656064, "wind_dir": "156", "rain_day_mm": 0.0, "rain_rate_mmh": 0.0}