{"ts": 1772491408784, "temp_c": 9.611111111111109, "hum_pct": 91.0, "dew_c": 8.222222222222221, "wind_kmh": 2.0921472000000003, "gust_kmh": 3.5405568000000005, "wind_dir": "247", "rain_day_mm": 0.0, "rain_rate_mmh": 0.0}