{"ts": 1776635328534, "temp_c": 15.5, "hum_pct": 85.0, "dew_c": 13.0, "wind_kmh": 2.5749504000000005, "gust_kmh": 2.5749504000000005, "wind_dir": "218", "rain_day_mm": 0.0, "rain_rate_mmh": 0.0}