{"ts": 1775229891931, "temp_c": 23.111111111111107, "hum_pct": 25.0, "dew_c": 2.000000000000001, "wind_kmh": 4.988966400000001, "gust_kmh": 16.576243200000004, "wind_dir": "268", "rain_day_mm": 0.0, "rain_rate_mmh": 0.0}