{"ts": 1771754194251, "temp_c": 20.222222222222225, "hum_pct": 40.0, "dew_c": 6.166666666666668, "wind_kmh": 6.1155072, "gust_kmh": 13.357555200000002, "wind_dir": "311", "rain_day_mm": 0.0, "rain_rate_mmh": 0.0}