{"ts": 1770624511196, "temp_c": 8.0, "hum_pct": 76.0, "dew_c": 4.055555555555554, "wind_kmh": 4.345228800000001, "gust_kmh": 4.345228800000001, "wind_dir": "228", "rain_day_mm": 0.0, "rain_rate_mmh": 0.0}