{"ts": 1778916309249, "temp_c": 15.61111111111111, "hum_pct": 46.0, "dew_c": 4.055555555555554, "wind_kmh": 4.345228800000001, "gust_kmh": 19.4730624, "wind_dir": "258", "rain_day_mm": 0.0, "rain_rate_mmh": 0.0}