{"ts": 1778030047981, "temp_c": 9.000000000000002, "hum_pct": 87.0, "dew_c": 6.944444444444445, "wind_kmh": 0.0, "gust_kmh": 2.8968192000000004, "wind_dir": "244", "rain_day_mm": 0.0, "rain_rate_mmh": 0.0}