{"ts": 1773421038868, "temp_c": 16.72222222222222, "hum_pct": 71.0, "dew_c": 11.444444444444445, "wind_kmh": 7.563916800000001, "gust_kmh": 15.4497024, "wind_dir": "201", "rain_day_mm": 0.0, "rain_rate_mmh": 0.0}