{"ts": 1776705428112, "temp_c": 23.88888888888889, "hum_pct": 54.0, "dew_c": 14.055555555555554, "wind_kmh": 4.345228800000001, "gust_kmh": 7.563916800000001, "wind_dir": "210", "rain_day_mm": 0.0, "rain_rate_mmh": 0.0}