{"ts": 1771531250662, "temp_c": 11.11111111111111, "hum_pct": 48.0, "dew_c": 0.4999999999999992, "wind_kmh": 21.565209600000003, "gust_kmh": 48.6021888, "wind_dir": "296", "rain_day_mm": 0.0, "rain_rate_mmh": 0.0}