{"ts": 1772738701352, "temp_c": 13.0, "hum_pct": 93.0, "dew_c": 11.88888888888889, "wind_kmh": 7.885785600000001, "gust_kmh": 22.0480128, "wind_dir": "143", "rain_day_mm": 17.272000000000002, "rain_rate_mmh": 1.27}