{"ts": 1780961049040, "temp_c": 20.38888888888889, "hum_pct": 74.0, "dew_c": 15.61111111111111, "wind_kmh": 0.0, "gust_kmh": 0.0, "wind_dir": "230", "rain_day_mm": 0.0, "rain_rate_mmh": 0.0}