{"ts": 1778020431232, "temp_c": 11.11111111111111, "hum_pct": 86.0, "dew_c": 8.833333333333334, "wind_kmh": 0.0, "gust_kmh": 3.5405568000000005, "wind_dir": "263", "rain_day_mm": 0.0, "rain_rate_mmh": 0.0}