{"ts": 1774365388660, "temp_c": 18.000000000000004, "hum_pct": 47.0, "dew_c": 6.555555555555554, "wind_kmh": 11.587276800000001, "gust_kmh": 19.794931200000004, "wind_dir": "175", "rain_day_mm": 0.0, "rain_rate_mmh": 0.0}