{"ts": 1777871013713, "temp_c": 13.777777777777777, "hum_pct": 88.0, "dew_c": 11.833333333333332, "wind_kmh": 0.0, "gust_kmh": 2.5749504000000005, "wind_dir": "243", "rain_day_mm": 0.0, "rain_rate_mmh": 0.0}