{"ts": 1772221767692, "temp_c": 10.277777777777779, "hum_pct": 84.0, "dew_c": 7.722222222222222, "wind_kmh": 7.2420480000000005, "gust_kmh": 11.909145600000002, "wind_dir": "155", "rain_day_mm": 0.0, "rain_rate_mmh": 0.0}