{"ts": 1773122260462, "temp_c": 4.777777777777779, "hum_pct": 97.0, "dew_c": 4.388888888888888, "wind_kmh": 1.7702784000000003, "gust_kmh": 3.218688, "wind_dir": "249", "rain_day_mm": 0.0, "rain_rate_mmh": 0.0}