{"ts": 1781021496747, "temp_c": 26.77777777777778, "hum_pct": 49.0, "dew_c": 15.222222222222221, "wind_kmh": 10.460736, "gust_kmh": 16.576243200000004, "wind_dir": "202", "rain_day_mm": 0.0, "rain_rate_mmh": 0.0}