{"ts": 1781615779969, "temp_c": 32.888888888888886, "hum_pct": 27.0, "dew_c": 11.444444444444445, "wind_kmh": 11.909145600000002, "gust_kmh": 14.8059648, "wind_dir": "170", "rain_day_mm": 0.0, "rain_rate_mmh": 0.0}