{"ts": 1784618129687, "temp_c": 30.61111111111111, "hum_pct": 57.0, "dew_c": 21.11111111111111, "wind_kmh": 4.6670976, "gust_kmh": 4.6670976, "wind_dir": "109", "rain_day_mm": 0.0, "rain_rate_mmh": 0.0}