{"ts": 1780743467820, "temp_c": 24.388888888888893, "hum_pct": 65.0, "dew_c": 17.38888888888889, "wind_kmh": 4.988966400000001, "gust_kmh": 14.323161600000002, "wind_dir": "253", "rain_day_mm": 0.0, "rain_rate_mmh": 0.0}