{"ts": 1779784848536, "temp_c": 29.22222222222222, "hum_pct": 30.0, "dew_c": 9.833333333333336, "wind_kmh": 4.345228800000001, "gust_kmh": 4.345228800000001, "wind_dir": "162", "rain_day_mm": 0.0, "rain_rate_mmh": 0.0}