{"ts": 1777153809166, "temp_c": 12.722222222222221, "hum_pct": 79.0, "dew_c": 9.166666666666666, "wind_kmh": 2.0921472000000003, "gust_kmh": 2.8968192000000004, "wind_dir": "217", "rain_day_mm": 0.0, "rain_rate_mmh": 0.0}