{"ts": 1784158713821, "temp_c": 25.27777777777778, "hum_pct": 74.0, "dew_c": 20.33333333333333, "wind_kmh": 4.6670976, "gust_kmh": 6.1155072, "wind_dir": "180", "rain_day_mm": 0.0, "rain_rate_mmh": 0.0}