{"ts": 1780163086620, "temp_c": 26.888888888888893, "hum_pct": 56.0, "dew_c": 17.38888888888889, "wind_kmh": 4.02336, "gust_kmh": 11.909145600000002, "wind_dir": "167", "rain_day_mm": 0.0, "rain_rate_mmh": 0.0}