{"ts": 1776034300799, "temp_c": 9.222222222222221, "hum_pct": 89.0, "dew_c": 7.5, "wind_kmh": 4.345228800000001, "gust_kmh": 6.1155072, "wind_dir": "229", "rain_day_mm": 1.016, "rain_rate_mmh": 1.27}