{"ts": 1776089096759, "temp_c": 20.222222222222225, "hum_pct": 30.0, "dew_c": 2.1111111111111094, "wind_kmh": 2.8968192000000004, "gust_kmh": 5.4717696, "wind_dir": "164", "rain_day_mm": 4.064, "rain_rate_mmh": 0.0}