{"ts": 1773096281742, "temp_c": 8.88888888888889, "hum_pct": 96.0, "dew_c": 8.277777777777779, "wind_kmh": 0.0, "gust_kmh": 3.5405568000000005, "wind_dir": "265", "rain_day_mm": 0.508, "rain_rate_mmh": 0.0}