{"ts": 1772752612313, "temp_c": 12.777777777777779, "hum_pct": 90.0, "dew_c": 11.222222222222223, "wind_kmh": 3.218688, "gust_kmh": 7.2420480000000005, "wind_dir": "158", "rain_day_mm": 0.0, "rain_rate_mmh": 0.0}