{"ts": 1778703705042, "temp_c": 17.27777777777778, "hum_pct": 48.0, "dew_c": 6.166666666666668, "wind_kmh": 0.0, "gust_kmh": 4.345228800000001, "wind_dir": "177", "rain_day_mm": 0.0, "rain_rate_mmh": 0.0}