{"ts": 1770205762383, "temp_c": 12.277777777777779, "hum_pct": 63.0, "dew_c": 5.444444444444443, "wind_kmh": 8.2076544, "gust_kmh": 10.782604800000001, "wind_dir": "207", "rain_day_mm": 1.016, "rain_rate_mmh": 0.0}