{"ts": 1771737254619, "temp_c": 5.38888888888889, "hum_pct": 79.0, "dew_c": 2.055555555555557, "wind_kmh": 1.7702784000000003, "gust_kmh": 4.02336, "wind_dir": "143", "rain_day_mm": 0.0, "rain_rate_mmh": 0.0}