{"ts": 1770983693870, "temp_c": 10.277777777777779, "hum_pct": 93.0, "dew_c": 9.222222222222221, "wind_kmh": 2.5749504000000005, "gust_kmh": 9.0123264, "wind_dir": "156", "rain_day_mm": 16.764, "rain_rate_mmh": 7.874}