{"ts": 1778043572819, "temp_c": 9.888888888888888, "hum_pct": 75.0, "dew_c": 5.666666666666668, "wind_kmh": 6.759244800000001, "gust_kmh": 13.357555200000002, "wind_dir": "342", "rain_day_mm": 0.0, "rain_rate_mmh": 0.0}