{"ts": 1772690385267, "temp_c": 13.777777777777777, "hum_pct": 69.0, "dew_c": 8.222222222222221, "wind_kmh": 2.8968192000000004, "gust_kmh": 7.563916800000001, "wind_dir": "332", "rain_day_mm": 0.0, "rain_rate_mmh": 0.0}