{"ts": 1777645173311, "temp_c": 23.61111111111111, "hum_pct": 54.0, "dew_c": 13.777777777777777, "wind_kmh": 14.323161600000002, "gust_kmh": 22.6917504, "wind_dir": "117", "rain_day_mm": 0.0, "rain_rate_mmh": 0.0}