{"ts": 1774627429591, "temp_c": 18.88888888888889, "hum_pct": 28.0, "dew_c": 0.0, "wind_kmh": 4.6670976, "gust_kmh": 7.885785600000001, "wind_dir": "357", "rain_day_mm": 0.0, "rain_rate_mmh": 0.0}