{"ts": 1784649863467, "temp_c": 32.27777777777778, "hum_pct": 46.0, "dew_c": 19.222222222222218, "wind_kmh": 6.1155072, "gust_kmh": 12.5528832, "wind_dir": "149", "rain_day_mm": 0.0, "rain_rate_mmh": 0.0}