{"ts": 1773917895343, "temp_c": 14.61111111111111, "hum_pct": 55.0, "dew_c": 5.666666666666668, "wind_kmh": 7.885785600000001, "gust_kmh": 13.679424000000001, "wind_dir": "157", "rain_day_mm": 0.0, "rain_rate_mmh": 0.0}