{"ts": 1769975123041, "temp_c": 9.11111111111111, "hum_pct": 66.0, "dew_c": 3.111111111111112, "wind_kmh": 1.7702784000000003, "gust_kmh": 4.02336, "wind_dir": "194", "rain_day_mm": null, "rain_rate_mmh": null}