{"ts": 1776783165729, "temp_c": 24.777777777777775, "hum_pct": 37.0, "dew_c": 9.11111111111111, "wind_kmh": 10.460736, "gust_kmh": 20.1168, "wind_dir": "144", "rain_day_mm": 0.0, "rain_rate_mmh": 0.0}