{"ts": 1776512824032, "temp_c": 24.499999999999996, "hum_pct": 41.0, "dew_c": 10.388888888888891, "wind_kmh": 11.587276800000001, "gust_kmh": 18.346521600000003, "wind_dir": "176", "rain_day_mm": 0.0, "rain_rate_mmh": 0.0}