{"ts": 1772660843118, "temp_c": 13.777777777777777, "hum_pct": 70.0, "dew_c": 8.444444444444446, "wind_kmh": 6.437376, "gust_kmh": 7.563916800000001, "wind_dir": "8", "rain_day_mm": 0.0, "rain_rate_mmh": 0.0}