{"ts": 1770977436882, "temp_c": 9.277777777777779, "hum_pct": 90.0, "dew_c": 7.722222222222222, "wind_kmh": 4.345228800000001, "gust_kmh": 18.346521600000003, "wind_dir": "158", "rain_day_mm": 6.35, "rain_rate_mmh": 6.095999999999999}