{"ts": 1772555174144, "temp_c": 16.38888888888889, "hum_pct": 60.0, "dew_c": 8.61111111111111, "wind_kmh": 5.793638400000001, "gust_kmh": 10.460736, "wind_dir": "115", "rain_day_mm": 1.016, "rain_rate_mmh": 0.0}