{"ts": 1773596471550, "temp_c": 16.11111111111111, "hum_pct": 25.0, "dew_c": -3.944444444444445, "wind_kmh": 4.02336, "gust_kmh": 11.104473600000002, "wind_dir": "294", "rain_day_mm": 0.0, "rain_rate_mmh": 0.0}