{"ts": 1771416184640, "temp_c": 15.61111111111111, "hum_pct": 65.0, "dew_c": 9.055555555555554, "wind_kmh": 3.5405568000000005, "gust_kmh": 8.690457600000002, "wind_dir": "194", "rain_day_mm": 0.0, "rain_rate_mmh": 0.0}