{"ts": 1772275978220, "temp_c": 12.722222222222221, "hum_pct": 74.0, "dew_c": 8.166666666666668, "wind_kmh": 2.5749504000000005, "gust_kmh": 6.759244800000001, "wind_dir": "203", "rain_day_mm": 0.0, "rain_rate_mmh": 0.0}