{"ts": 1771329787727, "temp_c": 18.388888888888886, "hum_pct": 44.0, "dew_c": 5.944444444444446, "wind_kmh": 7.2420480000000005, "gust_kmh": 26.715110400000004, "wind_dir": "291", "rain_day_mm": 0.0, "rain_rate_mmh": 0.0}