{"ts": 1772558769081, "temp_c": 15.277777777777779, "hum_pct": 66.0, "dew_c": 9.000000000000002, "wind_kmh": 2.0921472000000003, "gust_kmh": 3.5405568000000005, "wind_dir": "53", "rain_day_mm": 1.016, "rain_rate_mmh": 0.0}