{"ts": 1773012901902, "temp_c": 8.277777777777779, "hum_pct": 95.0, "dew_c": 7.555555555555555, "wind_kmh": 0.0, "gust_kmh": 2.5749504000000005, "wind_dir": "191", "rain_day_mm": 0.0, "rain_rate_mmh": 0.0}