{"ts": 1778562505023, "temp_c": 10.61111111111111, "hum_pct": 84.0, "dew_c": 8.0, "wind_kmh": 0.0, "gust_kmh": 4.02336, "wind_dir": "263", "rain_day_mm": 0.0, "rain_rate_mmh": 0.0}