{"ts": 1776290515611, "temp_c": 10.999999999999998, "hum_pct": 82.0, "dew_c": 8.055555555555555, "wind_kmh": 0.0, "gust_kmh": 3.5405568000000005, "wind_dir": "249", "rain_day_mm": 0.0, "rain_rate_mmh": 0.0}