{"ts": 1770528194277, "temp_c": 7.000000000000001, "hum_pct": 92.0, "dew_c": 5.777777777777777, "wind_kmh": 4.02336, "gust_kmh": 4.6670976, "wind_dir": "202", "rain_day_mm": 1.016, "rain_rate_mmh": 0.0}