{"ts": 1779575477512, "temp_c": 17.61111111111111, "hum_pct": 84.0, "dew_c": 14.88888888888889, "wind_kmh": 0.0, "gust_kmh": 2.0921472000000003, "wind_dir": "220", "rain_day_mm": 0.0, "rain_rate_mmh": 0.0}