{"ts": 1775292933420, "temp_c": 21.22222222222222, "hum_pct": 38.0, "dew_c": 6.333333333333332, "wind_kmh": 4.02336, "gust_kmh": 7.563916800000001, "wind_dir": "281", "rain_day_mm": 0.0, "rain_rate_mmh": 0.0}