{"ts": 1780471504626, "temp_c": 21.722222222222218, "hum_pct": 46.0, "dew_c": 9.611111111111109, "wind_kmh": 4.6670976, "gust_kmh": 10.782604800000001, "wind_dir": "294", "rain_day_mm": 0.0, "rain_rate_mmh": 0.0}