{"ts": 1777102989222, "temp_c": 20.888888888888886, "hum_pct": 53.0, "dew_c": 10.944444444444446, "wind_kmh": 4.02336, "gust_kmh": 5.4717696, "wind_dir": "168", "rain_day_mm": 0.0, "rain_rate_mmh": 0.0}