{"ts": 1773149048224, "temp_c": 14.5, "hum_pct": 71.0, "dew_c": 9.333333333333332, "wind_kmh": 9.3341952, "gust_kmh": 14.0012928, "wind_dir": "152", "rain_day_mm": 0.0, "rain_rate_mmh": 0.0}