{"ts": 1779527316793, "temp_c": 27.61111111111111, "hum_pct": 38.0, "dew_c": 12.0, "wind_kmh": 3.5405568000000005, "gust_kmh": 8.690457600000002, "wind_dir": "158", "rain_day_mm": 0.0, "rain_rate_mmh": 0.0}