{"ts": 1771178125232, "temp_c": 13.0, "hum_pct": 53.0, "dew_c": 3.6666666666666674, "wind_kmh": 4.988966400000001, "gust_kmh": 10.1388672, "wind_dir": "278", "rain_day_mm": 0.0, "rain_rate_mmh": 0.0}