{"ts": 1776453436583, "temp_c": 15.88888888888889, "hum_pct": 72.0, "dew_c": 10.88888888888889, "wind_kmh": 3.5405568000000005, "gust_kmh": 3.5405568000000005, "wind_dir": "220", "rain_day_mm": 0.0, "rain_rate_mmh": 0.0}