{"ts": 1774257136572, "temp_c": 14.222222222222221, "hum_pct": 62.0, "dew_c": 7.055555555555557, "wind_kmh": 15.127833600000002, "gust_kmh": 19.151193600000003, "wind_dir": "238", "rain_day_mm": 0.0, "rain_rate_mmh": 0.0}