{"ts": 1770909000779, "temp_c": 17.77777777777778, "hum_pct": 32.0, "dew_c": 0.8888888888888897, "wind_kmh": 28.0025856, "gust_kmh": 40.394534400000005, "wind_dir": "322", "rain_day_mm": 0.0, "rain_rate_mmh": 0.0}