{"ts": 1773226628235, "temp_c": 17.61111111111111, "hum_pct": 56.0, "dew_c": 8.722222222222223, "wind_kmh": 9.3341952, "gust_kmh": 22.0480128, "wind_dir": "340", "rain_day_mm": 0.0, "rain_rate_mmh": 0.0}