{"ts": 1778823438320, "temp_c": 12.277777777777779, "hum_pct": 59.0, "dew_c": 4.500000000000001, "wind_kmh": 36.693043200000005, "gust_kmh": 56.1661056, "wind_dir": "334", "rain_day_mm": 0.0, "rain_rate_mmh": 0.0}