{"ts": 1778279586490, "temp_c": 13.499999999999998, "hum_pct": 88.0, "dew_c": 11.555555555555554, "wind_kmh": 1.7702784000000003, "gust_kmh": 2.8968192000000004, "wind_dir": "246", "rain_day_mm": 0.0, "rain_rate_mmh": 0.0}