{"ts": 1779019409010, "temp_c": 22.11111111111111, "hum_pct": 42.0, "dew_c": 8.61111111111111, "wind_kmh": 9.0123264, "gust_kmh": 18.0246528, "wind_dir": "165", "rain_day_mm": 0.0, "rain_rate_mmh": 0.0}