{"ts": 1784554083189, "temp_c": 34.611111111111114, "hum_pct": 39.0, "dew_c": 18.61111111111111, "wind_kmh": 7.2420480000000005, "gust_kmh": 18.346521600000003, "wind_dir": "178", "rain_day_mm": 0.0, "rain_rate_mmh": 0.0}