{"ts": 1773742031191, "temp_c": 19.777777777777775, "hum_pct": 45.0, "dew_c": 7.555555555555555, "wind_kmh": 8.690457600000002, "gust_kmh": 14.0012928, "wind_dir": "210", "rain_day_mm": 0.0, "rain_rate_mmh": 0.0}