{"ts": 1775590940341, "temp_c": 12.5, "hum_pct": 63.0, "dew_c": 5.666666666666668, "wind_kmh": 0.0, "gust_kmh": 2.8968192000000004, "wind_dir": "219", "rain_day_mm": 0.0, "rain_rate_mmh": 0.0}