{"ts": 1778792111477, "temp_c": 16.22222222222222, "hum_pct": 41.0, "dew_c": 2.944444444444443, "wind_kmh": 15.127833600000002, "gust_kmh": 24.4620288, "wind_dir": "298", "rain_day_mm": 0.0, "rain_rate_mmh": 0.0}