{"ts": 1780100150876, "temp_c": 18.5, "hum_pct": 73.0, "dew_c": 13.555555555555555, "wind_kmh": 0.0, "gust_kmh": 3.218688, "wind_dir": "200", "rain_day_mm": 0.0, "rain_rate_mmh": 0.0}