{"ts": 1772819412788, "temp_c": 13.222222222222221, "hum_pct": 79.0, "dew_c": 9.666666666666666, "wind_kmh": 6.437376, "gust_kmh": 7.2420480000000005, "wind_dir": "83", "rain_day_mm": 11.43, "rain_rate_mmh": 0.0}