{"ts": 1778473236066, "temp_c": 12.222222222222221, "hum_pct": 80.0, "dew_c": 8.833333333333334, "wind_kmh": 7.563916800000001, "gust_kmh": 8.2076544, "wind_dir": "238", "rain_day_mm": 0.0, "rain_rate_mmh": 0.0}