{"ts": 1777062455331, "temp_c": 12.888888888888891, "hum_pct": 78.0, "dew_c": 9.166666666666666, "wind_kmh": 0.0, "gust_kmh": 2.0921472000000003, "wind_dir": "197", "rain_day_mm": 0.0, "rain_rate_mmh": 0.0}