{"ts": 1777979086395, "temp_c": 21.5, "hum_pct": 47.0, "dew_c": 9.722222222222221, "wind_kmh": 3.5405568000000005, "gust_kmh": 9.656064, "wind_dir": "332", "rain_day_mm": 0.254, "rain_rate_mmh": 0.0}