{"ts": 1777504076851, "temp_c": 14.277777777777779, "hum_pct": 81.0, "dew_c": 11.11111111111111, "wind_kmh": 2.0921472000000003, "gust_kmh": 2.8968192000000004, "wind_dir": "229", "rain_day_mm": 0.0, "rain_rate_mmh": 0.0}