{"ts": 1773133073590, "temp_c": 11.38888888888889, "hum_pct": 84.0, "dew_c": 8.777777777777777, "wind_kmh": 0.0, "gust_kmh": 2.0921472000000003, "wind_dir": "200", "rain_day_mm": 0.0, "rain_rate_mmh": 0.0}