{"ts": 1777438737993, "temp_c": 14.277777777777779, "hum_pct": 90.0, "dew_c": 12.666666666666664, "wind_kmh": 0.0, "gust_kmh": 2.5749504000000005, "wind_dir": "274", "rain_day_mm": 0.0, "rain_rate_mmh": 0.0}