{"ts": 1782643967737, "temp_c": 34.27777777777778, "hum_pct": 34.0, "dew_c": 16.22222222222222, "wind_kmh": 10.782604800000001, "gust_kmh": 14.323161600000002, "wind_dir": "182", "rain_day_mm": 0.0, "rain_rate_mmh": 0.0}