{"ts": 1776445432861, "temp_c": 21.999999999999996, "hum_pct": 48.0, "dew_c": 10.5, "wind_kmh": 5.793638400000001, "gust_kmh": 8.690457600000002, "wind_dir": "156", "rain_day_mm": 0.0, "rain_rate_mmh": 0.0}