{"ts": 1777247587134, "temp_c": 12.611111111111112, "hum_pct": 84.0, "dew_c": 9.944444444444445, "wind_kmh": 0.0, "gust_kmh": 2.5749504000000005, "wind_dir": "149", "rain_day_mm": 0.0, "rain_rate_mmh": 0.0}