{"ts": 1774036074282, "temp_c": 7.3888888888888875, "hum_pct": 77.0, "dew_c": 3.611111111111111, "wind_kmh": 2.5749504000000005, "gust_kmh": 2.8968192000000004, "wind_dir": "254", "rain_day_mm": 0.254, "rain_rate_mmh": 0.0}