{"ts": 1772653789470, "temp_c": 14.277777777777779, "hum_pct": 69.0, "dew_c": 8.722222222222223, "wind_kmh": 9.3341952, "gust_kmh": 13.679424000000001, "wind_dir": "112", "rain_day_mm": 0.0, "rain_rate_mmh": 0.0}