{"ts": 1773250303377, "temp_c": 13.38888888888889, "hum_pct": 75.0, "dew_c": 9.055555555555554, "wind_kmh": 6.1155072, "gust_kmh": 7.563916800000001, "wind_dir": "224", "rain_day_mm": 0.0, "rain_rate_mmh": 0.0}