{"ts": 1775991364888, "temp_c": 13.61111111111111, "hum_pct": 64.0, "dew_c": 6.944444444444445, "wind_kmh": 10.1388672, "gust_kmh": 15.4497024, "wind_dir": "339", "rain_day_mm": 0.0, "rain_rate_mmh": 0.0}