{"ts": 1773355253148, "temp_c": 8.777777777777777, "hum_pct": 92.0, "dew_c": 7.555555555555555, "wind_kmh": 0.0, "gust_kmh": 2.8968192000000004, "wind_dir": "237", "rain_day_mm": 0.0, "rain_rate_mmh": 0.0}