{"ts": 1775057013770, "temp_c": 21.611111111111114, "hum_pct": 25.0, "dew_c": 0.7222222222222207, "wind_kmh": 11.587276800000001, "gust_kmh": 27.036979200000005, "wind_dir": "330", "rain_day_mm": 0.0, "rain_rate_mmh": 0.0}