{"ts": 1771707227296, "temp_c": 6.7777777777777795, "hum_pct": 84.0, "dew_c": 4.2777777777777795, "wind_kmh": 2.5749504000000005, "gust_kmh": 4.345228800000001, "wind_dir": "202", "rain_day_mm": 0.0, "rain_rate_mmh": 0.0}