{"ts": 1783200930724, "temp_c": 24.499999999999996, "hum_pct": 76.0, "dew_c": 20.0, "wind_kmh": 2.8968192000000004, "gust_kmh": 6.759244800000001, "wind_dir": "144", "rain_day_mm": 0.0, "rain_rate_mmh": 0.0}