{"ts": 1784060376321, "temp_c": 26.27777777777778, "hum_pct": 82.0, "dew_c": 23.000000000000004, "wind_kmh": 2.8968192000000004, "gust_kmh": 3.218688, "wind_dir": "164", "rain_day_mm": 0.0, "rain_rate_mmh": 0.0}