{"ts": 1775837040916, "temp_c": 24.88888888888889, "hum_pct": 35.0, "dew_c": 8.38888888888889, "wind_kmh": 9.656064, "gust_kmh": 16.898112, "wind_dir": "164", "rain_day_mm": 0.0, "rain_rate_mmh": 0.0}