{"ts": 1779630935771, "temp_c": 30.72222222222222, "hum_pct": 30.0, "dew_c": 11.166666666666666, "wind_kmh": 9.0123264, "gust_kmh": 10.460736, "wind_dir": "187", "rain_day_mm": 0.0, "rain_rate_mmh": 0.0}