{"ts": 1773975088233, "temp_c": 4.388888888888888, "hum_pct": 85.0, "dew_c": 2.1111111111111094, "wind_kmh": 1.7702784000000003, "gust_kmh": 3.218688, "wind_dir": "206", "rain_day_mm": 0.0, "rain_rate_mmh": 0.0}