{"ts": 1779413578401, "temp_c": 13.222222222222221, "hum_pct": 78.0, "dew_c": 9.444444444444445, "wind_kmh": 2.8968192000000004, "gust_kmh": 3.218688, "wind_dir": "298", "rain_day_mm": 0.0, "rain_rate_mmh": 0.0}