{"ts": 1784779028880, "temp_c": 20.500000000000004, "hum_pct": 83.0, "dew_c": 17.5, "wind_kmh": 0.0, "gust_kmh": 2.5749504000000005, "wind_dir": "213", "rain_day_mm": 0.0, "rain_rate_mmh": 0.0}