{"ts": 1778696767367, "temp_c": 20.777777777777782, "hum_pct": 42.0, "dew_c": 7.444444444444445, "wind_kmh": 8.690457600000002, "gust_kmh": 13.0356864, "wind_dir": "260", "rain_day_mm": 0.0, "rain_rate_mmh": 0.0}