{"ts": 1769989780453, "temp_c": 6.611111111111111, "hum_pct": 72.0, "dew_c": 1.9444444444444444, "wind_kmh": 2.5749504000000005, "gust_kmh": 3.218688, "wind_dir": "307", "rain_day_mm": null, "rain_rate_mmh": null}