{"ts": 1773948665876, "temp_c": 9.777777777777779, "hum_pct": 77.0, "dew_c": 5.944444444444446, "wind_kmh": 2.0921472000000003, "gust_kmh": 3.218688, "wind_dir": "250", "rain_day_mm": 0.0, "rain_rate_mmh": 0.0}