{"ts": 1771714575301, "temp_c": 8.722222222222223, "hum_pct": 71.0, "dew_c": 3.7222222222222237, "wind_kmh": 3.218688, "gust_kmh": 11.104473600000002, "wind_dir": "277", "rain_day_mm": 0.0, "rain_rate_mmh": 0.0}