{"ts": 1775476561084, "temp_c": 22.11111111111111, "hum_pct": 40.0, "dew_c": 7.88888888888889, "wind_kmh": 6.437376, "gust_kmh": 10.782604800000001, "wind_dir": "216", "rain_day_mm": 0.0, "rain_rate_mmh": 0.0}