{"ts": 1774433221572, "temp_c": 20.0, "hum_pct": 44.0, "dew_c": 7.3888888888888875, "wind_kmh": 12.5528832, "gust_kmh": 18.346521600000003, "wind_dir": "180", "rain_day_mm": 0.0, "rain_rate_mmh": 0.0}