{"ts": 1773338321316, "temp_c": 13.61111111111111, "hum_pct": 79.0, "dew_c": 10.055555555555555, "wind_kmh": 6.437376, "gust_kmh": 7.2420480000000005, "wind_dir": "204", "rain_day_mm": 0.0, "rain_rate_mmh": 0.0}