{"ts": 1781960244334, "temp_c": 34.0, "hum_pct": 27.0, "dew_c": 12.388888888888888, "wind_kmh": 7.2420480000000005, "gust_kmh": 23.818291200000004, "wind_dir": "156", "rain_day_mm": 0.0, "rain_rate_mmh": 0.0}