{"ts": 1779211692706, "temp_c": 22.61111111111111, "hum_pct": 63.0, "dew_c": 15.222222222222221, "wind_kmh": 4.6670976, "gust_kmh": 11.587276800000001, "wind_dir": "164", "rain_day_mm": 0.0, "rain_rate_mmh": 0.0}