{"ts": 1772794347641, "temp_c": 12.111111111111109, "hum_pct": 90.0, "dew_c": 10.5, "wind_kmh": 4.988966400000001, "gust_kmh": 7.885785600000001, "wind_dir": "41", "rain_day_mm": 7.112, "rain_rate_mmh": 1.27}