{"ts": 1780766577398, "temp_c": 25.72222222222222, "hum_pct": 63.0, "dew_c": 18.111111111111107, "wind_kmh": 11.587276800000001, "gust_kmh": 16.2543744, "wind_dir": "187", "rain_day_mm": 0.0, "rain_rate_mmh": 0.0}