{"ts": 1780826932328, "temp_c": 24.88888888888889, "hum_pct": 61.0, "dew_c": 16.88888888888889, "wind_kmh": 15.127833600000002, "gust_kmh": 20.921472, "wind_dir": "185", "rain_day_mm": 0.0, "rain_rate_mmh": 0.0}