{"ts": 1773118195534, "temp_c": 5.999999999999998, "hum_pct": 99.0, "dew_c": 5.833333333333333, "wind_kmh": 0.0, "gust_kmh": 3.218688, "wind_dir": "239", "rain_day_mm": 0.0, "rain_rate_mmh": 0.0}