{"ts": 1777937416564, "temp_c": 10.222222222222221, "hum_pct": 94.0, "dew_c": 9.277777777777779, "wind_kmh": 2.0921472000000003, "gust_kmh": 3.5405568000000005, "wind_dir": "192", "rain_day_mm": 0.0, "rain_rate_mmh": 0.0}