{"ts": 1772474280633, "temp_c": 12.0, "hum_pct": 81.0, "dew_c": 8.833333333333334, "wind_kmh": 6.759244800000001, "gust_kmh": 8.2076544, "wind_dir": "186", "rain_day_mm": 0.0, "rain_rate_mmh": 0.0}