{"ts": 1774016757342, "temp_c": 17.88888888888889, "hum_pct": 36.0, "dew_c": 2.6111111111111125, "wind_kmh": 14.0012928, "gust_kmh": 22.6917504, "wind_dir": "179", "rain_day_mm": 0.254, "rain_rate_mmh": 0.0}