{"ts": 1773963646540, "temp_c": 5.611111111111112, "hum_pct": 86.0, "dew_c": 3.444444444444446, "wind_kmh": 2.5749504000000005, "gust_kmh": 3.5405568000000005, "wind_dir": "246", "rain_day_mm": 0.0, "rain_rate_mmh": 0.0}