{"ts": 1775685379072, "temp_c": 10.999999999999998, "hum_pct": 74.0, "dew_c": 6.555555555555554, "wind_kmh": 2.0921472000000003, "gust_kmh": 3.5405568000000005, "wind_dir": "288", "rain_day_mm": 0.0, "rain_rate_mmh": 0.0}