{"ts": 1782847367489, "temp_c": 27.38888888888889, "hum_pct": 62.0, "dew_c": 19.499999999999996, "wind_kmh": 5.4717696, "gust_kmh": 8.2076544, "wind_dir": "171", "rain_day_mm": 0.0, "rain_rate_mmh": 0.0}