{"ts": 1774911189610, "temp_c": 14.000000000000002, "hum_pct": 55.0, "dew_c": 5.1111111111111125, "wind_kmh": 4.02336, "gust_kmh": 14.8059648, "wind_dir": "290", "rain_day_mm": 0.0, "rain_rate_mmh": 0.0}