{"ts": 1771689179892, "temp_c": 18.111111111111107, "hum_pct": 47.0, "dew_c": 6.611111111111111, "wind_kmh": 11.909145600000002, "gust_kmh": 16.2543744, "wind_dir": "183", "rain_day_mm": 0.0, "rain_rate_mmh": 0.0}