{"ts": 1773033009435, "temp_c": 5.222222222222221, "hum_pct": 98.0, "dew_c": 4.8888888888888875, "wind_kmh": 1.7702784000000003, "gust_kmh": 2.5749504000000005, "wind_dir": "298", "rain_day_mm": 0.0, "rain_rate_mmh": 0.0}