{"ts": 1771063070808, "temp_c": 14.5, "hum_pct": 46.0, "dew_c": 2.999999999999999, "wind_kmh": 2.0921472000000003, "gust_kmh": 10.1388672, "wind_dir": "176", "rain_day_mm": 0.0, "rain_rate_mmh": 0.0}