{"ts": 1780247957205, "temp_c": 25.72222222222222, "hum_pct": 64.0, "dew_c": 18.388888888888886, "wind_kmh": 12.2310144, "gust_kmh": 20.1168, "wind_dir": "167", "rain_day_mm": 0.0, "rain_rate_mmh": 0.0}