{"ts": 1775756527750, "temp_c": 21.722222222222218, "hum_pct": 53.0, "dew_c": 11.722222222222221, "wind_kmh": 11.587276800000001, "gust_kmh": 18.346521600000003, "wind_dir": "182", "rain_day_mm": 0.0, "rain_rate_mmh": 0.0}