{"ts": 1772401905710, "temp_c": 8.0, "hum_pct": 92.0, "dew_c": 6.7777777777777795, "wind_kmh": 1.7702784000000003, "gust_kmh": 2.5749504000000005, "wind_dir": "198", "rain_day_mm": 0.254, "rain_rate_mmh": 0.0}