{"ts": 1771077413009, "temp_c": 15.777777777777779, "hum_pct": 45.0, "dew_c": 3.888888888888889, "wind_kmh": 6.1155072, "gust_kmh": 33.474355200000005, "wind_dir": "214", "rain_day_mm": 0.0, "rain_rate_mmh": 0.0}