{"ts": 1771929260048, "temp_c": 19.88888888888889, "hum_pct": 38.0, "dew_c": 5.166666666666665, "wind_kmh": 7.885785600000001, "gust_kmh": 10.460736, "wind_dir": "202", "rain_day_mm": 0.254, "rain_rate_mmh": 0.0}