{"ts": 1778438248103, "temp_c": 15.38888888888889, "hum_pct": 83.0, "dew_c": 12.555555555555555, "wind_kmh": 0.0, "gust_kmh": 2.5749504000000005, "wind_dir": "190", "rain_day_mm": 0.508, "rain_rate_mmh": 0.0}