{"ts": 1773182701417, "temp_c": 6.111111111111111, "hum_pct": 96.0, "dew_c": 5.499999999999999, "wind_kmh": 1.7702784000000003, "gust_kmh": 3.218688, "wind_dir": "202", "rain_day_mm": 0.0, "rain_rate_mmh": 0.0}