{"ts": 1777303505806, "temp_c": 24.88888888888889, "hum_pct": 28.0, "dew_c": 5.166666666666665, "wind_kmh": 6.437376, "gust_kmh": 24.783897600000003, "wind_dir": "168", "rain_day_mm": 0.0, "rain_rate_mmh": 0.0}