{"ts": 1783261159782, "temp_c": 34.72222222222222, "hum_pct": 24.0, "dew_c": 11.166666666666666, "wind_kmh": 23.818291200000004, "gust_kmh": 23.818291200000004, "wind_dir": "191", "rain_day_mm": 0.0, "rain_rate_mmh": 0.0}