{"ts": 1773755427999, "temp_c": 20.72222222222222, "hum_pct": 45.0, "dew_c": 8.333333333333334, "wind_kmh": 9.0123264, "gust_kmh": 18.346521600000003, "wind_dir": "188", "rain_day_mm": 0.0, "rain_rate_mmh": 0.0}