{"ts": 1777672976485, "temp_c": 15.777777777777779, "hum_pct": 79.0, "dew_c": 12.166666666666666, "wind_kmh": 0.0, "gust_kmh": 4.02336, "wind_dir": "332", "rain_day_mm": 0.0, "rain_rate_mmh": 0.0}