{"ts": 1784595875078, "temp_c": 24.388888888888893, "hum_pct": 84.0, "dew_c": 21.5, "wind_kmh": 0.0, "gust_kmh": 2.0921472000000003, "wind_dir": "177", "rain_day_mm": 0.0, "rain_rate_mmh": 0.0}