{"ts": 1784064819615, "temp_c": 25.38888888888889, "hum_pct": 86.0, "dew_c": 22.88888888888889, "wind_kmh": 4.345228800000001, "gust_kmh": 8.2076544, "wind_dir": "107", "rain_day_mm": 0.0, "rain_rate_mmh": 0.0}