{"ts": 1771081107703, "temp_c": 17.27777777777778, "hum_pct": 41.0, "dew_c": 3.944444444444445, "wind_kmh": 2.0921472000000003, "gust_kmh": 16.2543744, "wind_dir": "164", "rain_day_mm": 0.0, "rain_rate_mmh": 0.0}