{"ts": 1779142227405, "temp_c": 16.22222222222222, "hum_pct": 88.0, "dew_c": 14.222222222222221, "wind_kmh": 2.0921472000000003, "gust_kmh": 3.218688, "wind_dir": "149", "rain_day_mm": 0.0, "rain_rate_mmh": 0.0}