{"ts": 1769895763280, "temp_c": 51.1, "hum_pct": 54.0, "dew_c": 35.0, "wind_kmh": 17.2199808, "gust_kmh": 44.578828800000004, "wind_dir": "325", "rain_day_mm": null, "rain_rate_mmh": null}