{"ts": 1775014695742, "temp_c": 10.61111111111111, "hum_pct": 53.0, "dew_c": 1.4444444444444453, "wind_kmh": 6.759244800000001, "gust_kmh": 18.6683904, "wind_dir": "276", "rain_day_mm": 0.0, "rain_rate_mmh": 0.0}