{"ts": 1772311924947, "temp_c": 10.111111111111112, "hum_pct": 93.0, "dew_c": 9.000000000000002, "wind_kmh": 0.0, "gust_kmh": 4.02336, "wind_dir": "187", "rain_day_mm": 0.508, "rain_rate_mmh": 0.508}