{"ts": 1774172753739, "temp_c": 16.0, "hum_pct": 52.0, "dew_c": 6.166666666666668, "wind_kmh": 4.988966400000001, "gust_kmh": 15.771571200000002, "wind_dir": "208", "rain_day_mm": 0.0, "rain_rate_mmh": 0.0}