{"ts": 1780834229895, "temp_c": 27.61111111111111, "hum_pct": 53.0, "dew_c": 17.166666666666668, "wind_kmh": 8.690457600000002, "gust_kmh": 16.576243200000004, "wind_dir": "165", "rain_day_mm": 0.0, "rain_rate_mmh": 0.0}