{"ts": 1779124218263, "temp_c": 19.111111111111114, "hum_pct": 72.0, "dew_c": 13.944444444444445, "wind_kmh": 7.885785600000001, "gust_kmh": 14.8059648, "wind_dir": "176", "rain_day_mm": 29.209999999999997, "rain_rate_mmh": 0.508}