{"ts": 1784068556102, "temp_c": 25.38888888888889, "hum_pct": 88.0, "dew_c": 23.277777777777782, "wind_kmh": 4.02336, "gust_kmh": 4.02336, "wind_dir": "168", "rain_day_mm": 0.0, "rain_rate_mmh": 0.0}