{"ts": 1775158349103, "temp_c": 15.0, "hum_pct": 32.0, "dew_c": -1.555555555555556, "wind_kmh": 6.759244800000001, "gust_kmh": 9.0123264, "wind_dir": "303", "rain_day_mm": 0.0, "rain_rate_mmh": 0.0}