{"ts": 1774086207292, "temp_c": 17.72222222222222, "hum_pct": 29.0, "dew_c": -0.5555555555555556, "wind_kmh": 11.587276800000001, "gust_kmh": 12.5528832, "wind_dir": "161", "rain_day_mm": 0.0, "rain_rate_mmh": 0.0}