{"ts": 1775100170621, "temp_c": 11.277777777777777, "hum_pct": 53.0, "dew_c": 2.055555555555557, "wind_kmh": 14.0012928, "gust_kmh": 30.8994048, "wind_dir": "331", "rain_day_mm": 0.0, "rain_rate_mmh": 0.0}