{"ts": 1775329164861, "temp_c": 14.11111111111111, "hum_pct": 56.0, "dew_c": 5.444444444444443, "wind_kmh": 0.0, "gust_kmh": 1.7702784000000003, "wind_dir": "262", "rain_day_mm": 0.0, "rain_rate_mmh": 0.0}