{"ts": 1771059821619, "temp_c": 13.61111111111111, "hum_pct": 47.0, "dew_c": 2.5, "wind_kmh": 10.460736, "gust_kmh": 32.8306176, "wind_dir": "324", "rain_day_mm": 0.0, "rain_rate_mmh": 0.0}