{"ts": 1773780944084, "temp_c": 8.61111111111111, "hum_pct": 85.0, "dew_c": 6.222222222222224, "wind_kmh": 1.7702784000000003, "gust_kmh": 2.5749504000000005, "wind_dir": "278", "rain_day_mm": 0.0, "rain_rate_mmh": 0.0}