{"ts": 1776274978588, "temp_c": 19.111111111111114, "hum_pct": 54.0, "dew_c": 9.555555555555557, "wind_kmh": 7.885785600000001, "gust_kmh": 10.782604800000001, "wind_dir": "172", "rain_day_mm": 0.0, "rain_rate_mmh": 0.0}