{"ts": 1775331682310, "temp_c": 12.277777777777779, "hum_pct": 64.0, "dew_c": 5.666666666666668, "wind_kmh": 1.7702784000000003, "gust_kmh": 2.5749504000000005, "wind_dir": "244", "rain_day_mm": 0.0, "rain_rate_mmh": 0.0}