{"ts": 1774299241074, "temp_c": 11.277777777777777, "hum_pct": 77.0, "dew_c": 7.444444444444445, "wind_kmh": 8.2076544, "gust_kmh": 9.0123264, "wind_dir": "221", "rain_day_mm": 0.0, "rain_rate_mmh": 0.0}