{"ts": 1783015190819, "temp_c": 29.11111111111111, "hum_pct": 46.0, "dew_c": 16.333333333333332, "wind_kmh": 6.437376, "gust_kmh": 12.2310144, "wind_dir": "168", "rain_day_mm": 0.0, "rain_rate_mmh": 0.0}