{"ts": 1770241735402, "temp_c": 8.499999999999998, "hum_pct": 74.0, "dew_c": 4.111111111111111, "wind_kmh": 1.7702784000000003, "gust_kmh": 4.988966400000001, "wind_dir": "181", "rain_day_mm": 1.016, "rain_rate_mmh": 0.0}