{"ts": 1784668930643, "temp_c": 25.11111111111111, "hum_pct": 57.0, "dew_c": 16.0, "wind_kmh": 2.8968192000000004, "gust_kmh": 4.02336, "wind_dir": "321", "rain_day_mm": 0.0, "rain_rate_mmh": 0.0}