{"ts": 1778786506464, "temp_c": 17.11111111111111, "hum_pct": 40.0, "dew_c": 3.3888888888888897, "wind_kmh": 4.6670976, "gust_kmh": 17.702784, "wind_dir": "180", "rain_day_mm": 0.0, "rain_rate_mmh": 0.0}