{"ts": 1774420894255, "temp_c": 7.000000000000001, "hum_pct": 81.0, "dew_c": 3.944444444444445, "wind_kmh": 2.0921472000000003, "gust_kmh": 4.02336, "wind_dir": "281", "rain_day_mm": 0.0, "rain_rate_mmh": 0.0}