{"ts": 1778450386549, "temp_c": 14.61111111111111, "hum_pct": 82.0, "dew_c": 11.555555555555554, "wind_kmh": 4.6670976, "gust_kmh": 4.6670976, "wind_dir": "297", "rain_day_mm": 0.7619999999999999, "rain_rate_mmh": 0.0}