{"ts": 1780229017300, "temp_c": 30.5, "hum_pct": 43.0, "dew_c": 16.5, "wind_kmh": 16.576243200000004, "gust_kmh": 22.6917504, "wind_dir": "171", "rain_day_mm": 0.0, "rain_rate_mmh": 0.0}