{"ts": 1779564869955, "temp_c": 21.722222222222218, "hum_pct": 65.0, "dew_c": 14.833333333333334, "wind_kmh": 3.5405568000000005, "gust_kmh": 4.345228800000001, "wind_dir": "217", "rain_day_mm": 0.0, "rain_rate_mmh": 0.0}