{"ts": 1774784332080, "temp_c": 14.61111111111111, "hum_pct": 21.0, "dew_c": -7.5, "wind_kmh": 8.2076544, "gust_kmh": 20.921472, "wind_dir": "353", "rain_day_mm": 0.0, "rain_rate_mmh": 0.0}