{"ts": 1776178538653, "temp_c": 21.611111111111114, "hum_pct": 30.0, "dew_c": 3.277777777777777, "wind_kmh": 4.988966400000001, "gust_kmh": 17.702784, "wind_dir": "166", "rain_day_mm": 0.0, "rain_rate_mmh": 0.0}