{"ts": 1781386597706, "temp_c": 21.0, "hum_pct": 54.0, "dew_c": 11.333333333333334, "wind_kmh": 0.0, "gust_kmh": 3.218688, "wind_dir": "278", "rain_day_mm": 0.0, "rain_rate_mmh": 0.0}