{"ts": 1775539716126, "temp_c": 5.611111111111112, "hum_pct": 79.0, "dew_c": 2.2222222222222223, "wind_kmh": 2.0921472000000003, "gust_kmh": 3.5405568000000005, "wind_dir": "264", "rain_day_mm": 0.0, "rain_rate_mmh": 0.0}