{"ts": 1770573418558, "temp_c": 12.0, "hum_pct": 57.0, "dew_c": 3.7777777777777763, "wind_kmh": 16.576243200000004, "gust_kmh": 46.831910400000005, "wind_dir": "323", "rain_day_mm": 1.016, "rain_rate_mmh": 0.0}