{"ts": 1775339008375, "temp_c": 9.5, "hum_pct": 74.0, "dew_c": 5.1111111111111125, "wind_kmh": 2.0921472000000003, "gust_kmh": 2.8968192000000004, "wind_dir": "231", "rain_day_mm": 0.0, "rain_rate_mmh": 0.0}