{"ts": 1774125557479, "temp_c": 7.777777777777778, "hum_pct": 78.0, "dew_c": 4.222222222222223, "wind_kmh": 0.0, "gust_kmh": 2.8968192000000004, "wind_dir": "223", "rain_day_mm": 0.0, "rain_rate_mmh": 0.0}