{"ts": 1778262135850, "temp_c": 18.22222222222222, "hum_pct": 64.0, "dew_c": 11.277777777777777, "wind_kmh": 4.988966400000001, "gust_kmh": 10.782604800000001, "wind_dir": "176", "rain_day_mm": 0.0, "rain_rate_mmh": 0.0}