{"ts": 1784759867662, "temp_c": 25.0, "hum_pct": 66.0, "dew_c": 18.22222222222222, "wind_kmh": 0.0, "gust_kmh": 4.345228800000001, "wind_dir": "65", "rain_day_mm": 0.0, "rain_rate_mmh": 0.0}