{"ts": 1784567067900, "temp_c": 29.22222222222222, "hum_pct": 69.0, "dew_c": 22.944444444444443, "wind_kmh": 4.6670976, "gust_kmh": 9.0123264, "wind_dir": "171", "rain_day_mm": 1.5239999999999998, "rain_rate_mmh": 0.0}