{"ts": 1776424196993, "temp_c": 24.777777777777775, "hum_pct": 37.0, "dew_c": 9.11111111111111, "wind_kmh": 7.2420480000000005, "gust_kmh": 14.0012928, "wind_dir": "214", "rain_day_mm": 0.0, "rain_rate_mmh": 0.0}