{"ts": 1784478624737, "temp_c": 30.5, "hum_pct": 52.0, "dew_c": 19.555555555555557, "wind_kmh": 8.690457600000002, "gust_kmh": 16.2543744, "wind_dir": "180", "rain_day_mm": 0.0, "rain_rate_mmh": 0.0}