{"ts": 1777956435101, "temp_c": 10.61111111111111, "hum_pct": 91.0, "dew_c": 9.166666666666666, "wind_kmh": 0.0, "gust_kmh": 2.5749504000000005, "wind_dir": "177", "rain_day_mm": 0.0, "rain_rate_mmh": 0.0}