{"ts": 1771696465728, "temp_c": 13.0, "hum_pct": 64.0, "dew_c": 6.333333333333332, "wind_kmh": 3.218688, "gust_kmh": 6.437376, "wind_dir": "171", "rain_day_mm": 0.0, "rain_rate_mmh": 0.0}