{"ts": 1780701755780, "temp_c": 16.27777777777778, "hum_pct": 82.0, "dew_c": 13.222222222222221, "wind_kmh": 0.0, "gust_kmh": 2.5749504000000005, "wind_dir": "217", "rain_day_mm": 0.0, "rain_rate_mmh": 0.0}