{"ts": 1772920197028, "temp_c": 9.11111111111111, "hum_pct": 96.0, "dew_c": 8.499999999999998, "wind_kmh": 2.0921472000000003, "gust_kmh": 4.02336, "wind_dir": "199", "rain_day_mm": 20.066, "rain_rate_mmh": 0.0}