{"ts": 1780955933277, "temp_c": 21.77777777777778, "hum_pct": 66.0, "dew_c": 15.166666666666666, "wind_kmh": 4.988966400000001, "gust_kmh": 6.759244800000001, "wind_dir": "322", "rain_day_mm": 0.0, "rain_rate_mmh": 0.0}