{"ts": 1770378942804, "temp_c": 16.11111111111111, "hum_pct": 43.0, "dew_c": 3.4999999999999982, "wind_kmh": 4.02336, "gust_kmh": 18.346521600000003, "wind_dir": "271", "rain_day_mm": 0.0, "rain_rate_mmh": 0.0}