{"ts": 1776906673138, "temp_c": 15.222222222222221, "hum_pct": 85.0, "dew_c": 12.722222222222221, "wind_kmh": 5.793638400000001, "gust_kmh": 7.885785600000001, "wind_dir": "238", "rain_day_mm": 0.0, "rain_rate_mmh": 0.0}