{"ts": 1777669503879, "temp_c": 15.5, "hum_pct": 81.0, "dew_c": 12.277777777777779, "wind_kmh": 1.7702784000000003, "gust_kmh": 4.02336, "wind_dir": "233", "rain_day_mm": 0.0, "rain_rate_mmh": 0.0}