{"ts": 1771628517928, "temp_c": 9.611111111111109, "hum_pct": 65.0, "dew_c": 3.3333333333333335, "wind_kmh": 2.0921472000000003, "gust_kmh": 4.02336, "wind_dir": "265", "rain_day_mm": 0.0, "rain_rate_mmh": 0.0}