{"ts": 1776829165077, "temp_c": 11.61111111111111, "hum_pct": 76.0, "dew_c": 7.5, "wind_kmh": 2.8968192000000004, "gust_kmh": 3.5405568000000005, "wind_dir": "264", "rain_day_mm": 0.0, "rain_rate_mmh": 0.0}