{"ts": 1774960608761, "temp_c": 22.277777777777775, "hum_pct": 29.0, "dew_c": 3.444444444444446, "wind_kmh": 12.5528832, "gust_kmh": 15.127833600000002, "wind_dir": "315", "rain_day_mm": 0.0, "rain_rate_mmh": 0.0}