{"ts": 1771170744906, "temp_c": 14.61111111111111, "hum_pct": 52.0, "dew_c": 4.8888888888888875, "wind_kmh": 7.2420480000000005, "gust_kmh": 25.2667008, "wind_dir": "287", "rain_day_mm": 0.0, "rain_rate_mmh": 0.0}