{"ts": 1777583596928, "temp_c": 16.22222222222222, "hum_pct": 84.0, "dew_c": 13.499999999999998, "wind_kmh": 7.2420480000000005, "gust_kmh": 7.2420480000000005, "wind_dir": "206", "rain_day_mm": 0.0, "rain_rate_mmh": 0.0}