{"ts": 1778772517824, "temp_c": 22.277777777777775, "hum_pct": 30.0, "dew_c": 3.888888888888889, "wind_kmh": 16.2543744, "gust_kmh": 25.588569600000003, "wind_dir": "258", "rain_day_mm": 0.0, "rain_rate_mmh": 0.0}