{"ts": 1780082037359, "temp_c": 24.88888888888889, "hum_pct": 56.0, "dew_c": 15.555555555555555, "wind_kmh": 3.5405568000000005, "gust_kmh": 7.563916800000001, "wind_dir": "185", "rain_day_mm": 0.0, "rain_rate_mmh": 0.0}