{"ts": 1774169421009, "temp_c": 13.222222222222221, "hum_pct": 56.0, "dew_c": 4.61111111111111, "wind_kmh": 7.2420480000000005, "gust_kmh": 12.2310144, "wind_dir": "243", "rain_day_mm": 0.0, "rain_rate_mmh": 0.0}