{"ts": 1781350196118, "temp_c": 32.888888888888886, "hum_pct": 26.0, "dew_c": 10.88888888888889, "wind_kmh": 7.563916800000001, "gust_kmh": 18.346521600000003, "wind_dir": "169", "rain_day_mm": 0.0, "rain_rate_mmh": 0.0}