{"ts": 1776494904806, "temp_c": 17.0, "hum_pct": 67.0, "dew_c": 10.833333333333334, "wind_kmh": 1.7702784000000003, "gust_kmh": 2.5749504000000005, "wind_dir": "219", "rain_day_mm": 0.0, "rain_rate_mmh": 0.508}