{"ts": 1783445701568, "temp_c": 32.72222222222222, "hum_pct": 35.0, "dew_c": 15.277777777777779, "wind_kmh": 13.357555200000002, "gust_kmh": 17.2199808, "wind_dir": "168", "rain_day_mm": 0.0, "rain_rate_mmh": 0.0}