{"ts": 1778591516395, "temp_c": 24.27777777777778, "hum_pct": 45.0, "dew_c": 11.61111111111111, "wind_kmh": 9.3341952, "gust_kmh": 24.783897600000003, "wind_dir": "143", "rain_day_mm": 0.0, "rain_rate_mmh": 0.0}