{"ts": 1774309529830, "temp_c": 9.11111111111111, "hum_pct": 83.0, "dew_c": 6.388888888888889, "wind_kmh": 2.5749504000000005, "gust_kmh": 2.8968192000000004, "wind_dir": "231", "rain_day_mm": 0.0, "rain_rate_mmh": 0.0}