{"ts": 1773485020693, "temp_c": 13.61111111111111, "hum_pct": 53.0, "dew_c": 4.222222222222223, "wind_kmh": 13.0356864, "gust_kmh": 27.358848000000002, "wind_dir": "262", "rain_day_mm": 0.0, "rain_rate_mmh": 0.0}