{"ts": 1769899857047, "temp_c": 50.9, "hum_pct": 53.0, "dew_c": 34.4, "wind_kmh": 16.2543744, "gust_kmh": 20.921472, "wind_dir": "301", "rain_day_mm": null, "rain_rate_mmh": null}