{"ts": 1781786330766, "temp_c": 30.5, "hum_pct": 43.0, "dew_c": 16.5, "wind_kmh": 18.6683904, "gust_kmh": 19.151193600000003, "wind_dir": "136", "rain_day_mm": 0.0, "rain_rate_mmh": 0.0}