{"ts": 1772924143382, "temp_c": 8.722222222222223, "hum_pct": 97.0, "dew_c": 8.277777777777779, "wind_kmh": 2.5749504000000005, "gust_kmh": 3.5405568000000005, "wind_dir": "287", "rain_day_mm": 20.066, "rain_rate_mmh": 0.0}