{"ts": 1780507931714, "temp_c": 23.88888888888889, "hum_pct": 62.0, "dew_c": 16.166666666666668, "wind_kmh": 12.5528832, "gust_kmh": 18.6683904, "wind_dir": "176", "rain_day_mm": 0.0, "rain_rate_mmh": 0.0}