{"ts": 1776429613892, "temp_c": 24.88888888888889, "hum_pct": 35.0, "dew_c": 8.38888888888889, "wind_kmh": 13.357555200000002, "gust_kmh": 18.0246528, "wind_dir": "164", "rain_day_mm": 0.0, "rain_rate_mmh": 0.0}