{"ts": 1776838066332, "temp_c": 14.38888888888889, "hum_pct": 83.0, "dew_c": 11.555555555555554, "wind_kmh": 0.0, "gust_kmh": 4.02336, "wind_dir": "92", "rain_day_mm": 0.0, "rain_rate_mmh": 0.0}