{"ts": 1784127567161, "temp_c": 34.72222222222222, "hum_pct": 56.0, "dew_c": 24.66666666666667, "wind_kmh": 3.218688, "gust_kmh": 5.793638400000001, "wind_dir": "207", "rain_day_mm": 0.0, "rain_rate_mmh": 0.0}