{"ts": 1771045294048, "temp_c": 9.5, "hum_pct": 61.0, "dew_c": 2.333333333333335, "wind_kmh": 7.885785600000001, "gust_kmh": 10.782604800000001, "wind_dir": "355", "rain_day_mm": 0.0, "rain_rate_mmh": 0.0}