{"ts": 1782034068704, "temp_c": 35.27777777777778, "hum_pct": 26.0, "dew_c": 12.888888888888891, "wind_kmh": 6.1155072, "gust_kmh": 11.104473600000002, "wind_dir": "182", "rain_day_mm": 0.0, "rain_rate_mmh": 0.0}