{"ts": 1783556283765, "temp_c": 25.888888888888886, "hum_pct": 55.0, "dew_c": 16.166666666666668, "wind_kmh": 0.0, "gust_kmh": 2.8968192000000004, "wind_dir": "103", "rain_day_mm": 0.0, "rain_rate_mmh": 0.0}