{"ts": 1772208233429, "temp_c": 15.5, "hum_pct": 68.0, "dew_c": 9.611111111111109, "wind_kmh": 7.563916800000001, "gust_kmh": 14.323161600000002, "wind_dir": "225", "rain_day_mm": 0.0, "rain_rate_mmh": 0.0}