{"ts": 1771502607577, "temp_c": 14.38888888888889, "hum_pct": 39.0, "dew_c": 0.6111111111111119, "wind_kmh": 9.3341952, "gust_kmh": 27.6807168, "wind_dir": "249", "rain_day_mm": 0.0, "rain_rate_mmh": 0.0}