{"ts": 1784071873177, "temp_c": 25.27777777777778, "hum_pct": 89.0, "dew_c": 23.333333333333332, "wind_kmh": 4.345228800000001, "gust_kmh": 5.793638400000001, "wind_dir": "174", "rain_day_mm": 0.0, "rain_rate_mmh": 0.0}