{"ts": 1778932879013, "temp_c": 20.777777777777782, "hum_pct": 28.0, "dew_c": 1.6111111111111103, "wind_kmh": 4.988966400000001, "gust_kmh": 18.346521600000003, "wind_dir": "49", "rain_day_mm": 0.0, "rain_rate_mmh": 0.0}