{"ts": 1780684027434, "temp_c": 18.88888888888889, "hum_pct": 70.0, "dew_c": 13.333333333333334, "wind_kmh": 11.104473600000002, "gust_kmh": 16.898112, "wind_dir": "194", "rain_day_mm": 0.7619999999999999, "rain_rate_mmh": 0.0}