{"ts": 1784574276215, "temp_c": 27.5, "hum_pct": 70.0, "dew_c": 21.555555555555557, "wind_kmh": 0.0, "gust_kmh": 2.0921472000000003, "wind_dir": "140", "rain_day_mm": 1.5239999999999998, "rain_rate_mmh": 0.0}