{"ts": 1776631883783, "temp_c": 15.5, "hum_pct": 85.0, "dew_c": 13.0, "wind_kmh": 2.0921472000000003, "gust_kmh": 3.218688, "wind_dir": "245", "rain_day_mm": 0.0, "rain_rate_mmh": 0.0}