{"ts": 1773312986509, "temp_c": 18.22222222222222, "hum_pct": 54.0, "dew_c": 8.722222222222223, "wind_kmh": 7.885785600000001, "gust_kmh": 10.782604800000001, "wind_dir": "218", "rain_day_mm": 0.0, "rain_rate_mmh": 0.0}