{"ts": 1777072958971, "temp_c": 11.61111111111111, "hum_pct": 82.0, "dew_c": 8.61111111111111, "wind_kmh": 0.0, "gust_kmh": 3.218688, "wind_dir": "281", "rain_day_mm": 0.0, "rain_rate_mmh": 0.0}