{"ts": 1780913207554, "temp_c": 27.77777777777778, "hum_pct": 42.0, "dew_c": 13.722222222222223, "wind_kmh": 7.563916800000001, "gust_kmh": 16.576243200000004, "wind_dir": "165", "rain_day_mm": 0.0, "rain_rate_mmh": 0.0}