{"ts": 1771597728137, "temp_c": 17.22222222222222, "hum_pct": 40.0, "dew_c": 3.4999999999999982, "wind_kmh": 12.2310144, "gust_kmh": 16.2543744, "wind_dir": "278", "rain_day_mm": 0.0, "rain_rate_mmh": 0.0}