{"ts": 1771513762246, "temp_c": 14.88888888888889, "hum_pct": 39.0, "dew_c": 1.0555555555555547, "wind_kmh": 16.898112, "gust_kmh": 57.936384000000004, "wind_dir": "351", "rain_day_mm": 0.0, "rain_rate_mmh": 0.0}