{"ts": 1779298948607, "temp_c": 23.277777777777782, "hum_pct": 55.0, "dew_c": 13.777777777777777, "wind_kmh": 6.437376, "gust_kmh": 13.679424000000001, "wind_dir": "186", "rain_day_mm": 0.0, "rain_rate_mmh": 0.0}