{"ts": 1774136204962, "temp_c": 5.222222222222221, "hum_pct": 87.0, "dew_c": 3.2222222222222205, "wind_kmh": 2.0921472000000003, "gust_kmh": 2.8968192000000004, "wind_dir": "242", "rain_day_mm": 0.0, "rain_rate_mmh": 0.0}