{"ts": 1784279900075, "temp_c": 33.22222222222222, "hum_pct": 52.0, "dew_c": 21.999999999999996, "wind_kmh": 0.0, "gust_kmh": 6.1155072, "wind_dir": "231", "rain_day_mm": 0.0, "rain_rate_mmh": 0.0}