{"ts": 1773950636435, "temp_c": 9.11111111111111, "hum_pct": 78.0, "dew_c": 5.444444444444443, "wind_kmh": 0.0, "gust_kmh": 2.8968192000000004, "wind_dir": "281", "rain_day_mm": 0.0, "rain_rate_mmh": 0.0}