{"ts": 1774781442090, "temp_c": 14.277777777777779, "hum_pct": 21.0, "dew_c": -7.722222222222222, "wind_kmh": 17.702784, "gust_kmh": 36.0493056, "wind_dir": "340", "rain_day_mm": 0.0, "rain_rate_mmh": 0.0}