{"ts": 1775515996361, "temp_c": 8.38888888888889, "hum_pct": 69.0, "dew_c": 3.0555555555555554, "wind_kmh": 1.7702784000000003, "gust_kmh": 2.5749504000000005, "wind_dir": "228", "rain_day_mm": 0.0, "rain_rate_mmh": 0.0}