{"ts": 1777202665402, "temp_c": 25.222222222222225, "hum_pct": 40.0, "dew_c": 10.666666666666668, "wind_kmh": 12.5528832, "gust_kmh": 23.335488, "wind_dir": "131", "rain_day_mm": 0.0, "rain_rate_mmh": 0.0}