{"ts": 1778548919866, "temp_c": 11.11111111111111, "hum_pct": 85.0, "dew_c": 8.666666666666666, "wind_kmh": 4.6670976, "gust_kmh": 5.4717696, "wind_dir": "322", "rain_day_mm": 0.0, "rain_rate_mmh": 0.0}