{"ts": 1774790277091, "temp_c": 16.61111111111111, "hum_pct": 19.0, "dew_c": -7.111111111111111, "wind_kmh": 19.4730624, "gust_kmh": 48.6021888, "wind_dir": "353", "rain_day_mm": 0.0, "rain_rate_mmh": 0.0}