{"ts": 1770418471814, "temp_c": 10.388888888888891, "hum_pct": 72.0, "dew_c": 5.555555555555555, "wind_kmh": 4.6670976, "gust_kmh": 14.8059648, "wind_dir": "278", "rain_day_mm": 0.0, "rain_rate_mmh": 0.0}