{"ts": 1776682601066, "temp_c": 26.22222222222222, "hum_pct": 41.0, "dew_c": 11.944444444444445, "wind_kmh": 6.1155072, "gust_kmh": 9.0123264, "wind_dir": "153", "rain_day_mm": 0.0, "rain_rate_mmh": 0.0}