{"ts": 1771996815606, "temp_c": 3.7777777777777763, "hum_pct": 88.0, "dew_c": 2.000000000000001, "wind_kmh": 1.7702784000000003, "gust_kmh": 3.5405568000000005, "wind_dir": "290", "rain_day_mm": 0.0, "rain_rate_mmh": 0.0}