{"ts": 1772006672817, "temp_c": 12.777777777777779, "hum_pct": 61.0, "dew_c": 5.499999999999999, "wind_kmh": 4.345228800000001, "gust_kmh": 5.793638400000001, "wind_dir": "198", "rain_day_mm": 0.0, "rain_rate_mmh": 0.0}