{"ts": 1775317516916, "temp_c": 21.77777777777778, "hum_pct": 40.0, "dew_c": 7.6111111111111125, "wind_kmh": 6.437376, "gust_kmh": 17.2199808, "wind_dir": "190", "rain_day_mm": 0.0, "rain_rate_mmh": 0.0}