{"ts": 1783083883409, "temp_c": 33.388888888888886, "hum_pct": 33.0, "dew_c": 14.944444444444445, "wind_kmh": 6.759244800000001, "gust_kmh": 16.898112, "wind_dir": "183", "rain_day_mm": 0.0, "rain_rate_mmh": 0.0}