{"ts": 1778499202395, "temp_c": 23.22222222222222, "hum_pct": 40.0, "dew_c": 8.88888888888889, "wind_kmh": 5.793638400000001, "gust_kmh": 14.323161600000002, "wind_dir": "3", "rain_day_mm": 0.0, "rain_rate_mmh": 0.0}