{"ts": 1776376588640, "temp_c": 13.0, "hum_pct": 66.0, "dew_c": 6.7777777777777795, "wind_kmh": 0.0, "gust_kmh": 4.345228800000001, "wind_dir": "273", "rain_day_mm": 0.0, "rain_rate_mmh": 0.0}