{"ts": 1774841714455, "temp_c": 7.11111111111111, "hum_pct": 41.0, "dew_c": -5.277777777777778, "wind_kmh": 4.345228800000001, "gust_kmh": 9.0123264, "wind_dir": "253", "rain_day_mm": 0.0, "rain_rate_mmh": 0.0}