{"ts": 1770215587075, "temp_c": 15.777777777777779, "hum_pct": 51.0, "dew_c": 5.666666666666668, "wind_kmh": 12.5528832, "gust_kmh": 18.0246528, "wind_dir": "327", "rain_day_mm": 1.016, "rain_rate_mmh": 0.0}