{"ts": 1775314255356, "temp_c": 22.11111111111111, "hum_pct": 36.0, "dew_c": 6.333333333333332, "wind_kmh": 12.2310144, "gust_kmh": 25.2667008, "wind_dir": "180", "rain_day_mm": 0.0, "rain_rate_mmh": 0.0}