{"ts": 1776642616863, "temp_c": 13.11111111111111, "hum_pct": 88.0, "dew_c": 11.166666666666666, "wind_kmh": 0.0, "gust_kmh": 2.0921472000000003, "wind_dir": "269", "rain_day_mm": 0.0, "rain_rate_mmh": 0.0}