{"ts": 1770551312412, "temp_c": 13.0, "hum_pct": 59.0, "dew_c": 5.166666666666665, "wind_kmh": 6.1155072, "gust_kmh": 30.8994048, "wind_dir": "226", "rain_day_mm": 1.016, "rain_rate_mmh": 0.0}