{"ts": 1771369371775, "temp_c": 8.88888888888889, "hum_pct": 79.0, "dew_c": 5.444444444444443, "wind_kmh": 1.7702784000000003, "gust_kmh": 3.218688, "wind_dir": "250", "rain_day_mm": 0.0, "rain_rate_mmh": 0.0}