{"ts": 1774651792678, "temp_c": 10.5, "hum_pct": 75.0, "dew_c": 6.277777777777776, "wind_kmh": 6.1155072, "gust_kmh": 9.656064, "wind_dir": "181", "rain_day_mm": 0.0, "rain_rate_mmh": 0.0}