{"ts": 1781872425596, "temp_c": 32.388888888888886, "hum_pct": 29.0, "dew_c": 12.111111111111109, "wind_kmh": 10.782604800000001, "gust_kmh": 25.2667008, "wind_dir": "161", "rain_day_mm": 0.254, "rain_rate_mmh": 0.0}