{"ts": 1778180152444, "temp_c": 15.722222222222221, "hum_pct": 75.0, "dew_c": 11.277777777777777, "wind_kmh": 3.5405568000000005, "gust_kmh": 9.3341952, "wind_dir": "179", "rain_day_mm": 0.254, "rain_rate_mmh": 0.0}