{"ts": 1776718785050, "temp_c": 14.722222222222221, "hum_pct": 82.0, "dew_c": 11.666666666666666, "wind_kmh": 3.218688, "gust_kmh": 3.5405568000000005, "wind_dir": "218", "rain_day_mm": 0.0, "rain_rate_mmh": 0.0}