{"ts": 1782548048437, "temp_c": 30.38888888888889, "hum_pct": 51.0, "dew_c": 19.111111111111114, "wind_kmh": 2.8968192000000004, "gust_kmh": 11.104473600000002, "wind_dir": "140", "rain_day_mm": 0.0, "rain_rate_mmh": 0.0}