{"ts": 1770541451496, "temp_c": 14.722222222222221, "hum_pct": 59.0, "dew_c": 6.7777777777777795, "wind_kmh": 2.0921472000000003, "gust_kmh": 3.218688, "wind_dir": "169", "rain_day_mm": 1.016, "rain_rate_mmh": 0.0}