{"ts": 1782523851944, "temp_c": 20.222222222222225, "hum_pct": 78.0, "dew_c": 16.22222222222222, "wind_kmh": 0.0, "gust_kmh": 1.7702784000000003, "wind_dir": "214", "rain_day_mm": 0.0, "rain_rate_mmh": 0.0}