{"ts": 1773415530363, "temp_c": 18.5, "hum_pct": 66.0, "dew_c": 12.055555555555557, "wind_kmh": 4.988966400000001, "gust_kmh": 13.357555200000002, "wind_dir": "184", "rain_day_mm": 0.0, "rain_rate_mmh": 0.0}