{"ts": 1773571629490, "temp_c": 14.61111111111111, "hum_pct": 31.0, "dew_c": -2.333333333333333, "wind_kmh": 12.2310144, "gust_kmh": 24.783897600000003, "wind_dir": "260", "rain_day_mm": 0.0, "rain_rate_mmh": 0.0}