{"ts": 1784139443935, "temp_c": 32.111111111111114, "hum_pct": 59.0, "dew_c": 23.111111111111107, "wind_kmh": 2.8968192000000004, "gust_kmh": 9.656064, "wind_dir": "195", "rain_day_mm": 0.0, "rain_rate_mmh": 0.0}