{"ts": 1773953625520, "temp_c": 7.5, "hum_pct": 80.0, "dew_c": 4.2777777777777795, "wind_kmh": 2.0921472000000003, "gust_kmh": 4.02336, "wind_dir": "204", "rain_day_mm": 0.0, "rain_rate_mmh": 0.0}