{"ts": 1771182956828, "temp_c": 12.388888888888888, "hum_pct": 53.0, "dew_c": 3.111111111111112, "wind_kmh": 7.2420480000000005, "gust_kmh": 7.2420480000000005, "wind_dir": "187", "rain_day_mm": 0.0, "rain_rate_mmh": 0.0}