{"ts": 1775193873221, "temp_c": 9.5, "hum_pct": 57.0, "dew_c": 1.3888888888888888, "wind_kmh": 3.5405568000000005, "gust_kmh": 8.2076544, "wind_dir": "79", "rain_day_mm": 0.0, "rain_rate_mmh": 0.0}