{"ts": 1783362506668, "temp_c": 31.27777777777778, "hum_pct": 37.0, "dew_c": 14.88888888888889, "wind_kmh": 11.909145600000002, "gust_kmh": 13.357555200000002, "wind_dir": "185", "rain_day_mm": 0.0, "rain_rate_mmh": 0.0}