{"ts": 1778249532707, "temp_c": 21.38888888888889, "hum_pct": 49.0, "dew_c": 10.277777777777779, "wind_kmh": 7.2420480000000005, "gust_kmh": 10.460736, "wind_dir": "152", "rain_day_mm": 0.0, "rain_rate_mmh": 0.0}