{"ts": 1774755148803, "temp_c": 8.61111111111111, "hum_pct": 45.0, "dew_c": -2.666666666666667, "wind_kmh": 24.14016, "gust_kmh": 41.3601408, "wind_dir": "347", "rain_day_mm": 0.0, "rain_rate_mmh": 0.0}