{"ts": 1772783421397, "temp_c": 11.88888888888889, "hum_pct": 88.0, "dew_c": 10.0, "wind_kmh": 2.5749504000000005, "gust_kmh": 4.988966400000001, "wind_dir": "266", "rain_day_mm": 0.7619999999999999, "rain_rate_mmh": 0.0}