{"ts": 1778193629529, "temp_c": 12.611111111111112, "hum_pct": 88.0, "dew_c": 10.666666666666668, "wind_kmh": 0.0, "gust_kmh": 2.5749504000000005, "wind_dir": "272", "rain_day_mm": 0.0, "rain_rate_mmh": 0.0}