{"ts": 1778340766406, "temp_c": 14.722222222222221, "hum_pct": 93.0, "dew_c": 13.555555555555555, "wind_kmh": 4.988966400000001, "gust_kmh": 4.988966400000001, "wind_dir": "196", "rain_day_mm": 6.858, "rain_rate_mmh": 6.604}