{"ts": 1782052304879, "temp_c": 36.22222222222222, "hum_pct": 25.0, "dew_c": 13.055555555555555, "wind_kmh": 8.690457600000002, "gust_kmh": 19.794931200000004, "wind_dir": "163", "rain_day_mm": 0.0, "rain_rate_mmh": 0.0}