{"ts": 1780777134800, "temp_c": 20.11111111111111, "hum_pct": 88.0, "dew_c": 18.055555555555557, "wind_kmh": 4.02336, "gust_kmh": 6.437376, "wind_dir": "184", "rain_day_mm": 0.0, "rain_rate_mmh": 0.0}