{"ts": 1775718192055, "temp_c": 12.277777777777779, "hum_pct": 69.0, "dew_c": 6.7777777777777795, "wind_kmh": 1.7702784000000003, "gust_kmh": 2.8968192000000004, "wind_dir": "196", "rain_day_mm": 0.0, "rain_rate_mmh": 0.0}