{"ts": 1781899303522, "temp_c": 24.72222222222222, "hum_pct": 57.0, "dew_c": 15.61111111111111, "wind_kmh": 5.793638400000001, "gust_kmh": 7.2420480000000005, "wind_dir": "195", "rain_day_mm": 0.254, "rain_rate_mmh": 0.0}