{"ts": 1780677398513, "temp_c": 20.72222222222222, "hum_pct": 64.0, "dew_c": 13.666666666666666, "wind_kmh": 6.1155072, "gust_kmh": 19.4730624, "wind_dir": "180", "rain_day_mm": 0.7619999999999999, "rain_rate_mmh": 0.0}