{"ts": 1774078961759, "temp_c": 11.777777777777779, "hum_pct": 53.0, "dew_c": 2.5555555555555562, "wind_kmh": 0.0, "gust_kmh": 2.5749504000000005, "wind_dir": "221", "rain_day_mm": 0.0, "rain_rate_mmh": 0.0}