{"ts": 1775415671699, "temp_c": 15.11111111111111, "hum_pct": 74.0, "dew_c": 10.5, "wind_kmh": 7.2420480000000005, "gust_kmh": 7.885785600000001, "wind_dir": "189", "rain_day_mm": 0.0, "rain_rate_mmh": 0.0}