{"ts": 1774730833956, "temp_c": 15.277777777777779, "hum_pct": 44.0, "dew_c": 3.111111111111112, "wind_kmh": 10.782604800000001, "gust_kmh": 22.369881600000003, "wind_dir": "316", "rain_day_mm": 0.0, "rain_rate_mmh": 0.0}