{"ts": 1782252215282, "temp_c": 23.111111111111107, "hum_pct": 63.0, "dew_c": 15.666666666666666, "wind_kmh": 0.0, "gust_kmh": 3.218688, "wind_dir": "306", "rain_day_mm": 0.0, "rain_rate_mmh": 0.0}