{"ts": 1775817335227, "temp_c": 27.77777777777778, "hum_pct": 30.0, "dew_c": 8.666666666666666, "wind_kmh": 4.02336, "gust_kmh": 15.127833600000002, "wind_dir": "199", "rain_day_mm": 0.0, "rain_rate_mmh": 0.0}