{"ts": 1781178252895, "temp_c": 25.777777777777782, "hum_pct": 39.0, "dew_c": 10.833333333333334, "wind_kmh": 4.02336, "gust_kmh": 9.656064, "wind_dir": "73", "rain_day_mm": 0.0, "rain_rate_mmh": 0.0}