{"ts": 1781735115232, "temp_c": 20.500000000000004, "hum_pct": 78.0, "dew_c": 16.555555555555557, "wind_kmh": 2.5749504000000005, "gust_kmh": 3.218688, "wind_dir": "303", "rain_day_mm": 0.0, "rain_rate_mmh": 0.0}