{"ts": 1772488073899, "temp_c": 10.222222222222221, "hum_pct": 89.0, "dew_c": 8.444444444444446, "wind_kmh": 2.0921472000000003, "gust_kmh": 2.8968192000000004, "wind_dir": "268", "rain_day_mm": 0.0, "rain_rate_mmh": 0.0}