{"ts": 1771544801625, "temp_c": 10.0, "hum_pct": 51.0, "dew_c": 0.33333333333333415, "wind_kmh": 6.759244800000001, "gust_kmh": 16.576243200000004, "wind_dir": "166", "rain_day_mm": 0.0, "rain_rate_mmh": 0.0}