{"ts": 1772017916078, "temp_c": 14.5, "hum_pct": 70.0, "dew_c": 9.11111111111111, "wind_kmh": 6.759244800000001, "gust_kmh": 12.5528832, "wind_dir": "245", "rain_day_mm": 0.0, "rain_rate_mmh": 0.0}