{"ts": 1776464413274, "temp_c": 11.88888888888889, "hum_pct": 87.0, "dew_c": 9.833333333333336, "wind_kmh": 0.0, "gust_kmh": 2.8968192000000004, "wind_dir": "265", "rain_day_mm": 0.0, "rain_rate_mmh": 0.0}