{"ts": 1776715515736, "temp_c": 15.722222222222221, "hum_pct": 83.0, "dew_c": 12.833333333333334, "wind_kmh": 2.8968192000000004, "gust_kmh": 3.218688, "wind_dir": "223", "rain_day_mm": 0.0, "rain_rate_mmh": 0.0}