{"ts": 1773583494787, "temp_c": 18.77777777777778, "hum_pct": 17.0, "dew_c": -6.777777777777778, "wind_kmh": 7.885785600000001, "gust_kmh": 21.565209600000003, "wind_dir": "73", "rain_day_mm": 0.0, "rain_rate_mmh": 0.0}