{"ts": 1773424215072, "temp_c": 14.11111111111111, "hum_pct": 77.0, "dew_c": 10.111111111111112, "wind_kmh": 10.1388672, "gust_kmh": 10.1388672, "wind_dir": "221", "rain_day_mm": 0.0, "rain_rate_mmh": 0.0}