{"ts": 1772895403230, "temp_c": 9.222222222222221, "hum_pct": 95.0, "dew_c": 8.444444444444446, "wind_kmh": 10.782604800000001, "gust_kmh": 19.4730624, "wind_dir": "200", "rain_day_mm": 16.002, "rain_rate_mmh": 1.778}