{"ts": 1773463851331, "temp_c": 12.277777777777779, "hum_pct": 75.0, "dew_c": 8.0, "wind_kmh": 4.02336, "gust_kmh": 7.885785600000001, "wind_dir": "160", "rain_day_mm": 0.0, "rain_rate_mmh": 0.0}