{"ts": 1784320171640, "temp_c": 26.11111111111111, "hum_pct": 81.0, "dew_c": 22.61111111111111, "wind_kmh": 5.4717696, "gust_kmh": 10.1388672, "wind_dir": "180", "rain_day_mm": 0.0, "rain_rate_mmh": 0.0}