{"ts": 1770076655346, "temp_c": 8.722222222222223, "hum_pct": 68.0, "dew_c": 3.111111111111112, "wind_kmh": 4.6670976, "gust_kmh": 8.690457600000002, "wind_dir": "178", "rain_day_mm": 0.0, "rain_rate_mmh": 0.0}