{"ts": 1770312809570, "temp_c": 12.277777777777779, "hum_pct": 75.0, "dew_c": 8.0, "wind_kmh": 15.4497024, "gust_kmh": 35.566502400000005, "wind_dir": "272", "rain_day_mm": 3.8099999999999996, "rain_rate_mmh": 8.382}