{"ts": 1776052155460, "temp_c": 8.11111111111111, "hum_pct": 81.0, "dew_c": 5.055555555555556, "wind_kmh": 6.759244800000001, "gust_kmh": 7.885785600000001, "wind_dir": "130", "rain_day_mm": 4.064, "rain_rate_mmh": 0.508}