{"ts": 1774636316533, "temp_c": 11.500000000000002, "hum_pct": 64.0, "dew_c": 4.944444444444444, "wind_kmh": 4.02336, "gust_kmh": 9.656064, "wind_dir": "182", "rain_day_mm": 0.0, "rain_rate_mmh": 0.0}