{"ts": 1778944310038, "temp_c": 24.27777777777778, "hum_pct": 28.0, "dew_c": 4.666666666666666, "wind_kmh": 4.02336, "gust_kmh": 5.793638400000001, "wind_dir": "174", "rain_day_mm": 0.0, "rain_rate_mmh": 0.0}