{"ts": 1772445845619, "temp_c": 13.38888888888889, "hum_pct": 76.0, "dew_c": 9.277777777777779, "wind_kmh": 8.2076544, "gust_kmh": 8.690457600000002, "wind_dir": "155", "rain_day_mm": 0.0, "rain_rate_mmh": 0.0}