{"ts": 1770483768528, "temp_c": 11.38888888888889, "hum_pct": 61.0, "dew_c": 4.166666666666667, "wind_kmh": 6.1155072, "gust_kmh": 12.2310144, "wind_dir": "241", "rain_day_mm": 0.0, "rain_rate_mmh": 0.0}