{"ts": 1770332443614, "temp_c": 12.777777777777779, "hum_pct": 61.0, "dew_c": 5.499999999999999, "wind_kmh": 4.6670976, "gust_kmh": 5.4717696, "wind_dir": "277", "rain_day_mm": 0.0, "rain_rate_mmh": 0.0}