{"ts": 1779568132092, "temp_c": 19.388888888888893, "hum_pct": 74.0, "dew_c": 14.666666666666666, "wind_kmh": 0.0, "gust_kmh": 0.0, "wind_dir": "319", "rain_day_mm": 0.0, "rain_rate_mmh": 0.0}