{"ts": 1770570174845, "temp_c": 12.722222222222221, "hum_pct": 59.0, "dew_c": 4.8888888888888875, "wind_kmh": 19.151193600000003, "gust_kmh": 42.1648128, "wind_dir": "305", "rain_day_mm": 1.016, "rain_rate_mmh": 0.0}