{"ts": 1782933703891, "temp_c": 26.11111111111111, "hum_pct": 63.0, "dew_c": 18.5, "wind_kmh": 5.793638400000001, "gust_kmh": 13.357555200000002, "wind_dir": "164", "rain_day_mm": 0.0, "rain_rate_mmh": 0.0}