{"ts": 1772816265589, "temp_c": 14.11111111111111, "hum_pct": 76.0, "dew_c": 9.944444444444445, "wind_kmh": 6.437376, "gust_kmh": 10.1388672, "wind_dir": "138", "rain_day_mm": 11.43, "rain_rate_mmh": 0.0}