{"ts": 1784721639208, "temp_c": 33.22222222222222, "hum_pct": 32.0, "dew_c": 14.277777777777779, "wind_kmh": 10.460736, "gust_kmh": 22.0480128, "wind_dir": "186", "rain_day_mm": 0.0, "rain_rate_mmh": 0.0}