{"ts": 1781262400674, "temp_c": 29.5, "hum_pct": 42.0, "dew_c": 15.277777777777779, "wind_kmh": 9.656064, "gust_kmh": 19.151193600000003, "wind_dir": "199", "rain_day_mm": 0.0, "rain_rate_mmh": 0.0}