{"ts": 1777653465781, "temp_c": 19.777777777777775, "hum_pct": 65.0, "dew_c": 13.055555555555555, "wind_kmh": 16.2543744, "gust_kmh": 20.921472, "wind_dir": "168", "rain_day_mm": 0.0, "rain_rate_mmh": 0.0}