{"ts": 1782667401254, "temp_c": 30.11111111111111, "hum_pct": 47.0, "dew_c": 17.555555555555557, "wind_kmh": 4.345228800000001, "gust_kmh": 7.563916800000001, "wind_dir": "206", "rain_day_mm": 0.0, "rain_rate_mmh": 0.0}