{"ts": 1775052053895, "temp_c": 21.11111111111111, "hum_pct": 27.0, "dew_c": 1.3888888888888888, "wind_kmh": 10.1388672, "gust_kmh": 22.369881600000003, "wind_dir": "325", "rain_day_mm": 0.0, "rain_rate_mmh": 0.0}