{"ts": 1777378459219, "temp_c": 25.500000000000004, "hum_pct": 24.0, "dew_c": 3.444444444444446, "wind_kmh": 12.5528832, "gust_kmh": 19.151193600000003, "wind_dir": "167", "rain_day_mm": 0.0, "rain_rate_mmh": 0.0}