{"ts": 1773009455398, "temp_c": 8.777777777777777, "hum_pct": 95.0, "dew_c": 8.055555555555555, "wind_kmh": 2.8968192000000004, "gust_kmh": 2.8968192000000004, "wind_dir": "299", "rain_day_mm": 7.112, "rain_rate_mmh": 0.0}