{"ts": 1774101654799, "temp_c": 18.388888888888886, "hum_pct": 31.0, "dew_c": 0.9999999999999984, "wind_kmh": 8.2076544, "gust_kmh": 12.5528832, "wind_dir": "178", "rain_day_mm": 0.0, "rain_rate_mmh": 0.0}