{"ts": 1773348598257, "temp_c": 9.777777777777779, "hum_pct": 91.0, "dew_c": 8.38888888888889, "wind_kmh": 2.0921472000000003, "gust_kmh": 5.793638400000001, "wind_dir": "281", "rain_day_mm": 0.0, "rain_rate_mmh": 0.0}