{"ts": 1774457065347, "temp_c": 22.61111111111111, "hum_pct": 32.0, "dew_c": 5.1111111111111125, "wind_kmh": 3.218688, "gust_kmh": 11.587276800000001, "wind_dir": "219", "rain_day_mm": 0.0, "rain_rate_mmh": 0.0}