{"ts": 1774185168866, "temp_c": 18.72222222222222, "hum_pct": 52.0, "dew_c": 8.666666666666666, "wind_kmh": 4.6670976, "gust_kmh": 22.6917504, "wind_dir": "171", "rain_day_mm": 0.0, "rain_rate_mmh": 0.0}