{"ts": 1770752943647, "temp_c": 19.61111111111111, "hum_pct": 55.0, "dew_c": 10.333333333333334, "wind_kmh": 7.2420480000000005, "gust_kmh": 31.7040768, "wind_dir": "220", "rain_day_mm": 0.0, "rain_rate_mmh": 0.0}