{"ts": 1779099776876, "temp_c": 16.38888888888889, "hum_pct": 86.0, "dew_c": 14.055555555555554, "wind_kmh": 6.759244800000001, "gust_kmh": 14.323161600000002, "wind_dir": "174", "rain_day_mm": 7.112, "rain_rate_mmh": 10.668}