{"ts": 1776287017463, "temp_c": 11.500000000000002, "hum_pct": 80.0, "dew_c": 8.166666666666668, "wind_kmh": 1.7702784000000003, "gust_kmh": 2.8968192000000004, "wind_dir": "262", "rain_day_mm": 0.0, "rain_rate_mmh": 0.0}