{"ts": 1774796567755, "temp_c": 18.61111111111111, "hum_pct": 17.0, "dew_c": -6.944444444444445, "wind_kmh": 7.885785600000001, "gust_kmh": 11.104473600000002, "wind_dir": "40", "rain_day_mm": 0.0, "rain_rate_mmh": 0.0}