{"ts": 1779286311989, "temp_c": 26.77777777777778, "hum_pct": 42.0, "dew_c": 12.833333333333334, "wind_kmh": 8.2076544, "gust_kmh": 17.702784, "wind_dir": "166", "rain_day_mm": 0.0, "rain_rate_mmh": 0.0}