{"ts": 1781305287874, "temp_c": 18.388888888888886, "hum_pct": 70.0, "dew_c": 12.833333333333334, "wind_kmh": 2.5749504000000005, "gust_kmh": 3.5405568000000005, "wind_dir": "233", "rain_day_mm": 0.0, "rain_rate_mmh": 0.0}