{"ts": 1773936303236, "temp_c": 14.000000000000002, "hum_pct": 58.0, "dew_c": 5.888888888888889, "wind_kmh": 14.8059648, "gust_kmh": 21.2433408, "wind_dir": "137", "rain_day_mm": 0.0, "rain_rate_mmh": 0.0}