{"ts": 1771757847824, "temp_c": 21.0, "hum_pct": 39.0, "dew_c": 6.555555555555554, "wind_kmh": 9.3341952, "gust_kmh": 12.5528832, "wind_dir": "303", "rain_day_mm": 0.0, "rain_rate_mmh": 0.0}