{"ts": 1778355838641, "temp_c": 13.722222222222223, "hum_pct": 92.0, "dew_c": 12.444444444444445, "wind_kmh": 4.988966400000001, "gust_kmh": 5.793638400000001, "wind_dir": "209", "rain_day_mm": 9.906, "rain_rate_mmh": 0.0}