{"ts": 1781443070011, "temp_c": 32.388888888888886, "hum_pct": 27.0, "dew_c": 10.999999999999998, "wind_kmh": 9.3341952, "gust_kmh": 18.6683904, "wind_dir": "153", "rain_day_mm": 0.0, "rain_rate_mmh": 0.0}