{"ts": 1772186882219, "temp_c": 11.500000000000002, "hum_pct": 83.0, "dew_c": 8.722222222222223, "wind_kmh": 3.218688, "gust_kmh": 4.345228800000001, "wind_dir": "197", "rain_day_mm": 0.0, "rain_rate_mmh": 0.0}