{"ts": 1779858116026, "temp_c": 13.222222222222221, "hum_pct": 77.0, "dew_c": 9.277777777777779, "wind_kmh": 0.0, "gust_kmh": 2.8968192000000004, "wind_dir": "224", "rain_day_mm": 0.0, "rain_rate_mmh": 0.0}