{"ts": 1773242862965, "temp_c": 17.61111111111111, "hum_pct": 49.0, "dew_c": 6.7777777777777795, "wind_kmh": 8.690457600000002, "gust_kmh": 10.460736, "wind_dir": "306", "rain_day_mm": 0.0, "rain_rate_mmh": 0.0}