{"ts": 1784458662435, "temp_c": 34.0, "hum_pct": 41.0, "dew_c": 18.88888888888889, "wind_kmh": 10.1388672, "gust_kmh": 15.771571200000002, "wind_dir": "190", "rain_day_mm": 0.0, "rain_rate_mmh": 0.0}