{"ts": 1772988191604, "temp_c": 12.611111111111112, "hum_pct": 80.0, "dew_c": 9.222222222222221, "wind_kmh": 7.2420480000000005, "gust_kmh": 7.2420480000000005, "wind_dir": "162", "rain_day_mm": 7.112, "rain_rate_mmh": 0.0}