{"ts": 1776578765138, "temp_c": 14.277777777777779, "hum_pct": 69.0, "dew_c": 8.722222222222223, "wind_kmh": 2.0921472000000003, "gust_kmh": 3.218688, "wind_dir": "274", "rain_day_mm": 0.0, "rain_rate_mmh": 0.0}