{"ts": 1775308722211, "temp_c": 23.000000000000004, "hum_pct": 36.0, "dew_c": 7.166666666666667, "wind_kmh": 18.346521600000003, "gust_kmh": 20.599603200000004, "wind_dir": "194", "rain_day_mm": 0.0, "rain_rate_mmh": 0.0}