{"ts": 1778330294303, "temp_c": 17.72222222222222, "hum_pct": 74.0, "dew_c": 13.0, "wind_kmh": 2.5749504000000005, "gust_kmh": 4.6670976, "wind_dir": "227", "rain_day_mm": 0.0, "rain_rate_mmh": 0.0}