{"ts": 1780895817542, "temp_c": 15.11111111111111, "hum_pct": 82.0, "dew_c": 12.055555555555557, "wind_kmh": 1.7702784000000003, "gust_kmh": 2.8968192000000004, "wind_dir": "274", "rain_day_mm": 0.0, "rain_rate_mmh": 0.0}