{"ts": 1777447968868, "temp_c": 20.222222222222225, "hum_pct": 65.0, "dew_c": 13.444444444444446, "wind_kmh": 5.793638400000001, "gust_kmh": 7.2420480000000005, "wind_dir": "203", "rain_day_mm": 0.254, "rain_rate_mmh": 0.0}