{"ts": 1781993972060, "temp_c": 24.27777777777778, "hum_pct": 46.0, "dew_c": 11.944444444444445, "wind_kmh": 0.0, "gust_kmh": 1.7702784000000003, "wind_dir": "228", "rain_day_mm": 0.0, "rain_rate_mmh": 0.0}