{"ts": 1778709435761, "temp_c": 16.61111111111111, "hum_pct": 44.0, "dew_c": 4.333333333333332, "wind_kmh": 3.218688, "gust_kmh": 13.0356864, "wind_dir": "294", "rain_day_mm": 0.0, "rain_rate_mmh": 0.0}