{"ts": 1771624400053, "temp_c": 9.777777777777779, "hum_pct": 66.0, "dew_c": 3.7777777777777763, "wind_kmh": 4.02336, "gust_kmh": 4.02336, "wind_dir": "318", "rain_day_mm": 0.0, "rain_rate_mmh": 0.0}