{"ts": 1772319116725, "temp_c": 10.222222222222221, "hum_pct": 95.0, "dew_c": 9.444444444444445, "wind_kmh": 3.5405568000000005, "gust_kmh": 4.988966400000001, "wind_dir": "175", "rain_day_mm": 0.508, "rain_rate_mmh": 0.508}