{"ts": 1777019635087, "temp_c": 20.611111111111107, "hum_pct": 53.0, "dew_c": 10.666666666666668, "wind_kmh": 6.437376, "gust_kmh": 10.1388672, "wind_dir": "227", "rain_day_mm": 0.0, "rain_rate_mmh": 0.0}