{"ts": 1775965339502, "temp_c": 14.277777777777779, "hum_pct": 60.0, "dew_c": 6.666666666666667, "wind_kmh": 6.1155072, "gust_kmh": 14.8059648, "wind_dir": "304", "rain_day_mm": 0.0, "rain_rate_mmh": 0.0}