{"ts": 1782990826738, "temp_c": 31.27777777777778, "hum_pct": 31.0, "dew_c": 12.166666666666666, "wind_kmh": 1.7702784000000003, "gust_kmh": 10.1388672, "wind_dir": "341", "rain_day_mm": 0.0, "rain_rate_mmh": 0.0}