{"ts": 1774609514943, "temp_c": 17.0, "hum_pct": 30.0, "dew_c": -0.6666666666666663, "wind_kmh": 9.656064, "gust_kmh": 20.1168, "wind_dir": "181", "rain_day_mm": 0.0, "rain_rate_mmh": 0.0}