{"ts": 1773143129723, "temp_c": 15.222222222222221, "hum_pct": 63.0, "dew_c": 8.222222222222221, "wind_kmh": 5.4717696, "gust_kmh": 7.563916800000001, "wind_dir": "177", "rain_day_mm": 0.0, "rain_rate_mmh": 0.0}