{"ts": 1772869108946, "temp_c": 11.222222222222223, "hum_pct": 91.0, "dew_c": 9.777777777777779, "wind_kmh": 4.6670976, "gust_kmh": 11.587276800000001, "wind_dir": "126", "rain_day_mm": 5.588, "rain_rate_mmh": 0.0}