{"ts": 1773408127874, "temp_c": 19.222222222222218, "hum_pct": 62.0, "dew_c": 11.777777777777779, "wind_kmh": 9.3341952, "gust_kmh": 17.2199808, "wind_dir": "181", "rain_day_mm": 0.0, "rain_rate_mmh": 0.0}