{"ts": 1784408511302, "temp_c": 26.11111111111111, "hum_pct": 70.0, "dew_c": 20.222222222222225, "wind_kmh": 2.0921472000000003, "gust_kmh": 3.218688, "wind_dir": "183", "rain_day_mm": 0.0, "rain_rate_mmh": 0.0}