{"ts": 1773494005965, "temp_c": 17.38888888888889, "hum_pct": 41.0, "dew_c": 4.000000000000002, "wind_kmh": 7.2420480000000005, "gust_kmh": 19.151193600000003, "wind_dir": "342", "rain_day_mm": 0.0, "rain_rate_mmh": 0.0}