{"ts": 1776806766406, "temp_c": 14.5, "hum_pct": 80.0, "dew_c": 11.11111111111111, "wind_kmh": 2.0921472000000003, "gust_kmh": 2.8968192000000004, "wind_dir": "284", "rain_day_mm": 0.0, "rain_rate_mmh": 0.0}