{"ts": 1772926409870, "temp_c": 8.61111111111111, "hum_pct": 94.0, "dew_c": 7.666666666666665, "wind_kmh": 2.0921472000000003, "gust_kmh": 4.02336, "wind_dir": "269", "rain_day_mm": 0.0, "rain_rate_mmh": 0.0}