{"ts": 1775712593842, "temp_c": 8.222222222222221, "hum_pct": 77.0, "dew_c": 4.388888888888888, "wind_kmh": 2.8968192000000004, "gust_kmh": 4.02336, "wind_dir": "287", "rain_day_mm": 0.0, "rain_rate_mmh": 0.0}