{"ts": 1781374861857, "temp_c": 28.000000000000004, "hum_pct": 37.0, "dew_c": 11.944444444444445, "wind_kmh": 11.587276800000001, "gust_kmh": 12.2310144, "wind_dir": "180", "rain_day_mm": 0.0, "rain_rate_mmh": 0.0}