{"ts": 1777493895617, "temp_c": 16.11111111111111, "hum_pct": 74.0, "dew_c": 11.444444444444445, "wind_kmh": 2.5749504000000005, "gust_kmh": 5.793638400000001, "wind_dir": "227", "rain_day_mm": 0.254, "rain_rate_mmh": 0.0}