{"ts": 1774703827045, "temp_c": 19.61111111111111, "hum_pct": 32.0, "dew_c": 2.4444444444444438, "wind_kmh": 16.898112, "gust_kmh": 28.8072576, "wind_dir": "356", "rain_day_mm": 0.0, "rain_rate_mmh": 0.0}