{"ts": 1773574564627, "temp_c": 15.11111111111111, "hum_pct": 33.0, "dew_c": -1.0555555555555547, "wind_kmh": 10.1388672, "gust_kmh": 24.14016, "wind_dir": "313", "rain_day_mm": 0.0, "rain_rate_mmh": 0.0}