{"ts": 1781043137408, "temp_c": 19.111111111111114, "hum_pct": 87.0, "dew_c": 16.88888888888889, "wind_kmh": 4.988966400000001, "gust_kmh": 9.656064, "wind_dir": "183", "rain_day_mm": 0.0, "rain_rate_mmh": 0.0}