{"ts": 1776000160402, "temp_c": 12.277777777777779, "hum_pct": 75.0, "dew_c": 8.0, "wind_kmh": 5.4717696, "gust_kmh": 14.8059648, "wind_dir": "97", "rain_day_mm": 0.254, "rain_rate_mmh": 0.508}