{"ts": 1775560334115, "temp_c": 23.277777777777782, "hum_pct": 30.0, "dew_c": 4.777777777777779, "wind_kmh": 4.988966400000001, "gust_kmh": 10.782604800000001, "wind_dir": "150", "rain_day_mm": 0.0, "rain_rate_mmh": 0.0}