{"ts": 1781461315038, "temp_c": 28.000000000000004, "hum_pct": 37.0, "dew_c": 11.944444444444445, "wind_kmh": 5.4717696, "gust_kmh": 10.782604800000001, "wind_dir": "164", "rain_day_mm": 0.0, "rain_rate_mmh": 0.0}