{"ts": 1777588298277, "temp_c": 16.11111111111111, "hum_pct": 85.0, "dew_c": 13.555555555555555, "wind_kmh": 4.6670976, "gust_kmh": 7.563916800000001, "wind_dir": "183", "rain_day_mm": 0.0, "rain_rate_mmh": 0.0}