{"ts": 1779944008959, "temp_c": 14.88888888888889, "hum_pct": 81.0, "dew_c": 11.666666666666666, "wind_kmh": 0.0, "gust_kmh": 3.5405568000000005, "wind_dir": "320", "rain_day_mm": 0.0, "rain_rate_mmh": 0.0}