{"ts": 1772697253676, "temp_c": 13.61111111111111, "hum_pct": 72.0, "dew_c": 8.666666666666666, "wind_kmh": 2.8968192000000004, "gust_kmh": 5.4717696, "wind_dir": "254", "rain_day_mm": 0.0, "rain_rate_mmh": 0.0}