{"ts": 1776900586823, "temp_c": 14.777777777777779, "hum_pct": 87.0, "dew_c": 12.666666666666664, "wind_kmh": 5.4717696, "gust_kmh": 6.437376, "wind_dir": "219", "rain_day_mm": 0.0, "rain_rate_mmh": 0.0}