{"ts": 1782568984616, "temp_c": 33.388888888888886, "hum_pct": 32.0, "dew_c": 14.444444444444445, "wind_kmh": 6.1155072, "gust_kmh": 20.599603200000004, "wind_dir": "146", "rain_day_mm": 0.0, "rain_rate_mmh": 0.0}