{"ts": 1777578379690, "temp_c": 17.38888888888889, "hum_pct": 81.0, "dew_c": 14.11111111111111, "wind_kmh": 4.6670976, "gust_kmh": 9.3341952, "wind_dir": "191", "rain_day_mm": 0.0, "rain_rate_mmh": 0.0}