{"ts": 1771220757005, "temp_c": 14.000000000000002, "hum_pct": 58.0, "dew_c": 5.888888888888889, "wind_kmh": 18.6683904, "gust_kmh": 45.3835008, "wind_dir": "307", "rain_day_mm": 0.0, "rain_rate_mmh": 0.0}