{"ts": 1770969535464, "temp_c": 8.88888888888889, "hum_pct": 82.0, "dew_c": 5.999999999999998, "wind_kmh": 0.0, "gust_kmh": 5.793638400000001, "wind_dir": "312", "rain_day_mm": 1.016, "rain_rate_mmh": 1.778}