{"ts": 1775462338357, "temp_c": 19.388888888888893, "hum_pct": 48.0, "dew_c": 8.11111111111111, "wind_kmh": 4.02336, "gust_kmh": 9.0123264, "wind_dir": "198", "rain_day_mm": 0.0, "rain_rate_mmh": 0.0}