{"ts": 1776188759781, "temp_c": 17.27777777777778, "hum_pct": 46.0, "dew_c": 5.555555555555555, "wind_kmh": 8.690457600000002, "gust_kmh": 15.771571200000002, "wind_dir": "167", "rain_day_mm": 0.0, "rain_rate_mmh": 0.0}