{"ts": 1779656913547, "temp_c": 18.5, "hum_pct": 66.0, "dew_c": 12.055555555555557, "wind_kmh": 0.0, "gust_kmh": 2.0921472000000003, "wind_dir": "278", "rain_day_mm": 0.0, "rain_rate_mmh": 0.0}