{"ts": 1775137950039, "temp_c": 18.111111111111107, "hum_pct": 30.0, "dew_c": 0.2777777777777778, "wind_kmh": 27.358848000000002, "gust_kmh": 41.6820096, "wind_dir": "293", "rain_day_mm": 0.0, "rain_rate_mmh": 0.0}