{"ts": 1783239047928, "temp_c": 33.5, "hum_pct": 36.0, "dew_c": 16.38888888888889, "wind_kmh": 3.5405568000000005, "gust_kmh": 6.1155072, "wind_dir": "239", "rain_day_mm": 0.0, "rain_rate_mmh": 0.0}