{"ts": 1770048151345, "temp_c": 11.11111111111111, "hum_pct": 89.0, "dew_c": 9.333333333333332, "wind_kmh": 2.5749504000000005, "gust_kmh": 4.6670976, "wind_dir": "163", "rain_day_mm": 1.016, "rain_rate_mmh": 0.0}