{"ts": 1773497008281, "temp_c": 17.38888888888889, "hum_pct": 38.0, "dew_c": 2.944444444444443, "wind_kmh": 15.4497024, "gust_kmh": 18.6683904, "wind_dir": "319", "rain_day_mm": 0.0, "rain_rate_mmh": 0.0}