{"ts": 1783840291441, "temp_c": 29.5, "hum_pct": 56.0, "dew_c": 19.833333333333332, "wind_kmh": 1.7702784000000003, "gust_kmh": 2.5749504000000005, "wind_dir": "183", "rain_day_mm": 0.0, "rain_rate_mmh": 0.0}