{"ts": 1772938452289, "temp_c": 7.277777777777778, "hum_pct": 98.0, "dew_c": 7.000000000000001, "wind_kmh": 2.0921472000000003, "gust_kmh": 3.5405568000000005, "wind_dir": "219", "rain_day_mm": 0.0, "rain_rate_mmh": 0.0}