{"ts": 1782504294869, "temp_c": 26.27777777777778, "hum_pct": 62.0, "dew_c": 18.444444444444443, "wind_kmh": 2.5749504000000005, "gust_kmh": 7.563916800000001, "wind_dir": "185", "rain_day_mm": 0.0, "rain_rate_mmh": 0.0}