{"ts": 1776207642593, "temp_c": 9.5, "hum_pct": 77.0, "dew_c": 5.666666666666668, "wind_kmh": 3.218688, "gust_kmh": 3.5405568000000005, "wind_dir": "275", "rain_day_mm": 0.0, "rain_rate_mmh": 0.0}