{"ts": 1778928430163, "temp_c": 19.0, "hum_pct": 36.0, "dew_c": 3.611111111111111, "wind_kmh": 12.5528832, "gust_kmh": 16.2543744, "wind_dir": "348", "rain_day_mm": 0.0, "rain_rate_mmh": 0.0}