{"ts": 1771199800983, "temp_c": 14.000000000000002, "hum_pct": 52.0, "dew_c": 4.333333333333332, "wind_kmh": 17.2199808, "gust_kmh": 22.6917504, "wind_dir": "292", "rain_day_mm": 0.0, "rain_rate_mmh": 0.0}