{"ts": 1776468112733, "temp_c": 11.222222222222223, "hum_pct": 89.0, "dew_c": 9.444444444444445, "wind_kmh": 0.0, "gust_kmh": 3.218688, "wind_dir": "240", "rain_day_mm": 0.0, "rain_rate_mmh": 0.0}