{"ts": 1783883978413, "temp_c": 27.77777777777778, "hum_pct": 56.0, "dew_c": 18.22222222222222, "wind_kmh": 7.563916800000001, "gust_kmh": 11.909145600000002, "wind_dir": "174", "rain_day_mm": 0.0, "rain_rate_mmh": 0.0}