{"ts": 1770128024400, "temp_c": 21.611111111111114, "hum_pct": 37.0, "dew_c": 6.277777777777776, "wind_kmh": 2.5749504000000005, "gust_kmh": 9.656064, "wind_dir": "164", "rain_day_mm": 0.0, "rain_rate_mmh": 0.0}