{"ts": 1773654218427, "temp_c": 16.77777777777778, "hum_pct": 35.0, "dew_c": 1.2777777777777761, "wind_kmh": 3.218688, "gust_kmh": 7.563916800000001, "wind_dir": "157", "rain_day_mm": 0.0, "rain_rate_mmh": 0.0}