{"ts": 1770587770552, "temp_c": 12.0, "hum_pct": 48.0, "dew_c": 1.3333333333333326, "wind_kmh": 16.898112, "gust_kmh": 35.566502400000005, "wind_dir": "317", "rain_day_mm": 1.016, "rain_rate_mmh": 0.0}