{"ts": 1782515989488, "temp_c": 21.5, "hum_pct": 76.0, "dew_c": 17.11111111111111, "wind_kmh": 0.0, "gust_kmh": 2.0921472000000003, "wind_dir": "245", "rain_day_mm": 0.0, "rain_rate_mmh": 0.0}