{"ts": 1777744765582, "temp_c": 17.22222222222222, "hum_pct": 73.0, "dew_c": 12.333333333333336, "wind_kmh": 4.6670976, "gust_kmh": 10.460736, "wind_dir": "179", "rain_day_mm": 2.794, "rain_rate_mmh": 0.0}