{"ts": 1770159780930, "temp_c": 5.888888888888889, "hum_pct": 72.0, "dew_c": 1.2222222222222239, "wind_kmh": 1.7702784000000003, "gust_kmh": 2.8968192000000004, "wind_dir": "268", "rain_day_mm": 0.0, "rain_rate_mmh": 0.0}