{"ts": 1777676623041, "temp_c": 16.61111111111111, "hum_pct": 76.0, "dew_c": 12.333333333333336, "wind_kmh": 2.5749504000000005, "gust_kmh": 4.6670976, "wind_dir": "152", "rain_day_mm": 0.0, "rain_rate_mmh": 0.0}