{"ts": 1783182976230, "temp_c": 31.11111111111111, "hum_pct": 41.0, "dew_c": 16.333333333333332, "wind_kmh": 7.563916800000001, "gust_kmh": 14.323161600000002, "wind_dir": "162", "rain_day_mm": 0.0, "rain_rate_mmh": 0.0}