{"ts": 1779060995285, "temp_c": 15.277777777777779, "hum_pct": 85.0, "dew_c": 12.777777777777779, "wind_kmh": 3.218688, "gust_kmh": 7.2420480000000005, "wind_dir": "180", "rain_day_mm": 0.0, "rain_rate_mmh": 0.0}