{"ts": 1775884470023, "temp_c": 12.611111111111112, "hum_pct": 56.0, "dew_c": 4.055555555555554, "wind_kmh": 0.0, "gust_kmh": 2.5749504000000005, "wind_dir": "22", "rain_day_mm": 0.0, "rain_rate_mmh": 0.0}