{"ts": 1770162978279, "temp_c": 6.111111111111111, "hum_pct": 71.0, "dew_c": 1.2222222222222239, "wind_kmh": 3.218688, "gust_kmh": 3.218688, "wind_dir": "231", "rain_day_mm": 0.0, "rain_rate_mmh": 0.0}