{"ts": 1770411895828, "temp_c": 11.11111111111111, "hum_pct": 68.0, "dew_c": 5.444444444444443, "wind_kmh": 5.4717696, "gust_kmh": 7.563916800000001, "wind_dir": "272", "rain_day_mm": 0.0, "rain_rate_mmh": 0.0}