{"ts": 1770486906273, "temp_c": 9.38888888888889, "hum_pct": 70.0, "dew_c": 4.222222222222223, "wind_kmh": 3.218688, "gust_kmh": 3.5405568000000005, "wind_dir": "283", "rain_day_mm": 0.0, "rain_rate_mmh": 0.0}