{"ts": 1778850938912, "temp_c": 17.61111111111111, "hum_pct": 43.0, "dew_c": 4.8888888888888875, "wind_kmh": 6.759244800000001, "gust_kmh": 17.702784, "wind_dir": "182", "rain_day_mm": 0.0, "rain_rate_mmh": 0.0}