{"ts": 1773342485113, "temp_c": 10.999999999999998, "hum_pct": 87.0, "dew_c": 8.944444444444445, "wind_kmh": 1.7702784000000003, "gust_kmh": 3.5405568000000005, "wind_dir": "218", "rain_day_mm": 0.0, "rain_rate_mmh": 0.0}