{"ts": 1782448568952, "temp_c": 20.38888888888889, "hum_pct": 81.0, "dew_c": 17.055555555555557, "wind_kmh": 2.0921472000000003, "gust_kmh": 2.5749504000000005, "wind_dir": "334", "rain_day_mm": 0.0, "rain_rate_mmh": 0.0}