{"ts": 1778961946191, "temp_c": 14.61111111111111, "hum_pct": 71.0, "dew_c": 9.38888888888889, "wind_kmh": 2.5749504000000005, "gust_kmh": 4.6670976, "wind_dir": "166", "rain_day_mm": 0.0, "rain_rate_mmh": 0.0}