{"ts": 1777881776750, "temp_c": 19.388888888888893, "hum_pct": 70.0, "dew_c": 13.777777777777777, "wind_kmh": 2.0921472000000003, "gust_kmh": 9.3341952, "wind_dir": "199", "rain_day_mm": 0.0, "rain_rate_mmh": 0.0}