{"ts": 1784608065204, "temp_c": 25.222222222222225, "hum_pct": 82.0, "dew_c": 21.888888888888893, "wind_kmh": 0.0, "gust_kmh": 2.0921472000000003, "wind_dir": "200", "rain_day_mm": 0.0, "rain_rate_mmh": 0.0}