{"ts": 1782341375572, "temp_c": 21.611111111111114, "hum_pct": 79.0, "dew_c": 17.77777777777778, "wind_kmh": 1.7702784000000003, "gust_kmh": 2.0921472000000003, "wind_dir": "272", "rain_day_mm": 0.0, "rain_rate_mmh": 0.0}