{"ts": 1773268719619, "temp_c": 13.0, "hum_pct": 68.0, "dew_c": 7.222222222222222, "wind_kmh": 3.218688, "gust_kmh": 8.2076544, "wind_dir": "279", "rain_day_mm": 0.0, "rain_rate_mmh": 0.0}