{"ts": 1772992500634, "temp_c": 11.500000000000002, "hum_pct": 86.0, "dew_c": 9.222222222222221, "wind_kmh": 5.4717696, "gust_kmh": 6.437376, "wind_dir": "209", "rain_day_mm": 7.112, "rain_rate_mmh": 0.0}