{"ts": 1778233733560, "temp_c": 19.499999999999996, "hum_pct": 55.0, "dew_c": 10.222222222222221, "wind_kmh": 9.0123264, "gust_kmh": 13.357555200000002, "wind_dir": "212", "rain_day_mm": 0.0, "rain_rate_mmh": 0.0}