{"ts": 1770566056309, "temp_c": 12.888888888888891, "hum_pct": 59.0, "dew_c": 5.1111111111111125, "wind_kmh": 4.345228800000001, "gust_kmh": 26.715110400000004, "wind_dir": "263", "rain_day_mm": 1.016, "rain_rate_mmh": 0.0}