{"ts": 1771934724530, "temp_c": 21.999999999999996, "hum_pct": 37.0, "dew_c": 6.666666666666667, "wind_kmh": 6.759244800000001, "gust_kmh": 13.679424000000001, "wind_dir": "199", "rain_day_mm": 0.254, "rain_rate_mmh": 0.0}