{"ts": 1770286264276, "temp_c": 10.722222222222221, "hum_pct": 82.0, "dew_c": 7.777777777777778, "wind_kmh": 3.218688, "gust_kmh": 5.793638400000001, "wind_dir": "132", "rain_day_mm": 2.2859999999999996, "rain_rate_mmh": 0.508}