{"ts": 1778023738090, "temp_c": 11.11111111111111, "hum_pct": 80.0, "dew_c": 7.777777777777778, "wind_kmh": 2.8968192000000004, "gust_kmh": 2.8968192000000004, "wind_dir": "148", "rain_day_mm": 0.0, "rain_rate_mmh": 0.0}