{"ts": 1783712857881, "temp_c": 27.5, "hum_pct": 40.0, "dew_c": 12.722222222222221, "wind_kmh": 2.0921472000000003, "gust_kmh": 4.02336, "wind_dir": "181", "rain_day_mm": 0.0, "rain_rate_mmh": 0.0}