{"ts": 1774472058311, "temp_c": 13.277777777777779, "hum_pct": 45.0, "dew_c": 1.6111111111111103, "wind_kmh": 7.563916800000001, "gust_kmh": 13.0356864, "wind_dir": "284", "rain_day_mm": 0.0, "rain_rate_mmh": 0.0}