{"ts": 1780236503045, "temp_c": 30.0, "hum_pct": 46.0, "dew_c": 17.11111111111111, "wind_kmh": 8.2076544, "gust_kmh": 15.771571200000002, "wind_dir": "202", "rain_day_mm": 0.0, "rain_rate_mmh": 0.0}