{"ts": 1771775640765, "temp_c": 20.72222222222222, "hum_pct": 43.0, "dew_c": 7.666666666666665, "wind_kmh": 9.0123264, "gust_kmh": 13.679424000000001, "wind_dir": "223", "rain_day_mm": 0.0, "rain_rate_mmh": 0.0}