{"ts": 1773257300959, "temp_c": 10.388888888888891, "hum_pct": 88.0, "dew_c": 8.499999999999998, "wind_kmh": 0.0, "gust_kmh": 3.218688, "wind_dir": "277", "rain_day_mm": 0.0, "rain_rate_mmh": 0.0}