{"ts": 1772969508781, "temp_c": 13.61111111111111, "hum_pct": 81.0, "dew_c": 10.388888888888891, "wind_kmh": 6.1155072, "gust_kmh": 7.885785600000001, "wind_dir": "253", "rain_day_mm": 6.35, "rain_rate_mmh": 0.508}