{"ts": 1780376259786, "temp_c": 18.277777777777782, "hum_pct": 93.0, "dew_c": 17.166666666666668, "wind_kmh": 1.7702784000000003, "gust_kmh": 2.8968192000000004, "wind_dir": "221", "rain_day_mm": 0.0, "rain_rate_mmh": 0.0}