{"ts": 1774706780627, "temp_c": 21.22222222222222, "hum_pct": 30.0, "dew_c": 2.944444444444443, "wind_kmh": 4.6670976, "gust_kmh": 9.656064, "wind_dir": "264", "rain_day_mm": 0.0, "rain_rate_mmh": 0.0}