{"ts": 1770821078238, "temp_c": 19.0, "hum_pct": 49.0, "dew_c": 8.055555555555555, "wind_kmh": 7.2420480000000005, "gust_kmh": 22.0480128, "wind_dir": "264", "rain_day_mm": 0.0, "rain_rate_mmh": 0.0}