{"ts": 1776845873175, "temp_c": 20.500000000000004, "hum_pct": 53.0, "dew_c": 10.61111111111111, "wind_kmh": 1.7702784000000003, "gust_kmh": 3.218688, "wind_dir": "217", "rain_day_mm": 0.0, "rain_rate_mmh": 0.0}