{"ts": 1773216274828, "temp_c": 10.111111111111112, "hum_pct": 77.0, "dew_c": 6.277777777777776, "wind_kmh": 4.345228800000001, "gust_kmh": 7.885785600000001, "wind_dir": "259", "rain_day_mm": 0.0, "rain_rate_mmh": 0.0}