{"ts": 1775595658455, "temp_c": 11.277777777777777, "hum_pct": 65.0, "dew_c": 4.944444444444444, "wind_kmh": 0.0, "gust_kmh": 3.218688, "wind_dir": "240", "rain_day_mm": 0.0, "rain_rate_mmh": 0.0}