{"ts": 1784741947799, "temp_c": 31.22222222222222, "hum_pct": 35.0, "dew_c": 13.944444444444445, "wind_kmh": 4.6670976, "gust_kmh": 9.3341952, "wind_dir": "178", "rain_day_mm": 0.0, "rain_rate_mmh": 0.0}