{"ts": 1776869547295, "temp_c": 25.11111111111111, "hum_pct": 44.0, "dew_c": 12.0, "wind_kmh": 8.690457600000002, "gust_kmh": 21.565209600000003, "wind_dir": "178", "rain_day_mm": 0.0, "rain_rate_mmh": 0.0}