{"ts": 1776639174148, "temp_c": 14.38888888888889, "hum_pct": 86.0, "dew_c": 12.111111111111109, "wind_kmh": 0.0, "gust_kmh": 2.5749504000000005, "wind_dir": "281", "rain_day_mm": 0.0, "rain_rate_mmh": 0.0}