{"ts": 1777896734720, "temp_c": 18.72222222222222, "hum_pct": 73.0, "dew_c": 13.777777777777777, "wind_kmh": 9.0123264, "gust_kmh": 20.599603200000004, "wind_dir": "176", "rain_day_mm": 0.0, "rain_rate_mmh": 0.0}