{"ts": 1781488951061, "temp_c": 16.72222222222222, "hum_pct": 66.0, "dew_c": 10.333333333333334, "wind_kmh": 0.0, "gust_kmh": 2.0921472000000003, "wind_dir": "275", "rain_day_mm": 0.0, "rain_rate_mmh": 0.0}