{"ts": 1783193620296, "temp_c": 25.72222222222222, "hum_pct": 67.0, "dew_c": 19.111111111111114, "wind_kmh": 2.8968192000000004, "gust_kmh": 7.885785600000001, "wind_dir": "191", "rain_day_mm": 0.0, "rain_rate_mmh": 0.0}