{"ts": 1772449227491, "temp_c": 14.277777777777779, "hum_pct": 68.0, "dew_c": 8.499999999999998, "wind_kmh": 4.988966400000001, "gust_kmh": 7.563916800000001, "wind_dir": "205", "rain_day_mm": 0.0, "rain_rate_mmh": 0.0}