{"ts": 1773411934465, "temp_c": 20.0, "hum_pct": 61.0, "dew_c": 12.277777777777779, "wind_kmh": 11.909145600000002, "gust_kmh": 14.323161600000002, "wind_dir": "221", "rain_day_mm": 0.0, "rain_rate_mmh": 0.0}