{"ts": 1774042896538, "temp_c": 5.1111111111111125, "hum_pct": 77.0, "dew_c": 1.3888888888888888, "wind_kmh": 1.7702784000000003, "gust_kmh": 4.02336, "wind_dir": "223", "rain_day_mm": 0.254, "rain_rate_mmh": 0.0}