{"ts": 1777117825716, "temp_c": 24.72222222222222, "hum_pct": 40.0, "dew_c": 10.222222222222221, "wind_kmh": 13.357555200000002, "gust_kmh": 13.679424000000001, "wind_dir": "159", "rain_day_mm": 0.0, "rain_rate_mmh": 0.0}