{"ts": 1776608534079, "temp_c": 24.61111111111111, "hum_pct": 48.0, "dew_c": 12.888888888888891, "wind_kmh": 7.2420480000000005, "gust_kmh": 16.576243200000004, "wind_dir": "191", "rain_day_mm": 0.0, "rain_rate_mmh": 0.0}