{"ts": 1776003693289, "temp_c": 11.777777777777779, "hum_pct": 78.0, "dew_c": 8.11111111111111, "wind_kmh": 21.565209600000003, "gust_kmh": 34.1180928, "wind_dir": "336", "rain_day_mm": 0.508, "rain_rate_mmh": 0.0}