{"ts": 1774827961891, "temp_c": 9.611111111111109, "hum_pct": 30.0, "dew_c": -7.111111111111111, "wind_kmh": 6.1155072, "gust_kmh": 29.129126400000004, "wind_dir": "347", "rain_day_mm": 0.0, "rain_rate_mmh": 0.0}