{"ts": 1772149646791, "temp_c": 9.277777777777779, "hum_pct": 96.0, "dew_c": 8.722222222222223, "wind_kmh": 0.0, "gust_kmh": 4.6670976, "wind_dir": "205", "rain_day_mm": 0.0, "rain_rate_mmh": 0.0}