{"ts": 1770933132791, "temp_c": 14.61111111111111, "hum_pct": 44.0, "dew_c": 2.5, "wind_kmh": 6.1155072, "gust_kmh": 10.782604800000001, "wind_dir": "276", "rain_day_mm": 0.0, "rain_rate_mmh": 0.0}