{"ts": 1778650323041, "temp_c": 13.722222222222223, "hum_pct": 67.0, "dew_c": 7.666666666666665, "wind_kmh": 2.8968192000000004, "gust_kmh": 3.5405568000000005, "wind_dir": "212", "rain_day_mm": 0.0, "rain_rate_mmh": 0.0}