{"ts": 1771149497981, "temp_c": 15.0, "hum_pct": 41.0, "dew_c": 1.8888888888888882, "wind_kmh": 13.357555200000002, "gust_kmh": 15.4497024, "wind_dir": "247", "rain_day_mm": 0.0, "rain_rate_mmh": 0.0}