{"ts": 1775379469107, "temp_c": 21.27777777777778, "hum_pct": 45.0, "dew_c": 8.88888888888889, "wind_kmh": 9.0123264, "gust_kmh": 10.460736, "wind_dir": "174", "rain_day_mm": 0.0, "rain_rate_mmh": 0.0}