{"ts": 1777749285222, "temp_c": 16.11111111111111, "hum_pct": 83.0, "dew_c": 13.222222222222221, "wind_kmh": 10.782604800000001, "gust_kmh": 13.357555200000002, "wind_dir": "191", "rain_day_mm": 2.794, "rain_rate_mmh": 0.0}