{"ts": 1775659685187, "temp_c": 24.72222222222222, "hum_pct": 48.0, "dew_c": 12.944444444444443, "wind_kmh": 13.679424000000001, "gust_kmh": 24.14016, "wind_dir": "184", "rain_day_mm": 0.0, "rain_rate_mmh": 0.0}