{"ts": 1774265252065, "temp_c": 15.88888888888889, "hum_pct": 55.0, "dew_c": 6.888888888888888, "wind_kmh": 7.885785600000001, "gust_kmh": 22.0480128, "wind_dir": "180", "rain_day_mm": 0.0, "rain_rate_mmh": 0.0}