{"ts": 1779958283183, "temp_c": 31.5, "hum_pct": 33.0, "dew_c": 13.277777777777779, "wind_kmh": 1.7702784000000003, "gust_kmh": 8.690457600000002, "wind_dir": "189", "rain_day_mm": 0.0, "rain_rate_mmh": 0.0}