{"ts": 1775084074255, "temp_c": 12.722222222222221, "hum_pct": 46.0, "dew_c": 1.3888888888888888, "wind_kmh": 4.02336, "gust_kmh": 26.715110400000004, "wind_dir": "297", "rain_day_mm": 0.0, "rain_rate_mmh": 0.0}