{"ts": 1772574383221, "temp_c": 12.388888888888888, "hum_pct": 69.0, "dew_c": 6.888888888888888, "wind_kmh": 2.8968192000000004, "gust_kmh": 6.437376, "wind_dir": "207", "rain_day_mm": 1.016, "rain_rate_mmh": 0.0}