{"ts": 1776985318883, "temp_c": 13.722222222222223, "hum_pct": 73.0, "dew_c": 8.944444444444445, "wind_kmh": 2.5749504000000005, "gust_kmh": 3.218688, "wind_dir": "302", "rain_day_mm": 0.0, "rain_rate_mmh": 0.0}