{"ts": 1771793807369, "temp_c": 9.277777777777779, "hum_pct": 77.0, "dew_c": 5.499999999999999, "wind_kmh": 2.5749504000000005, "gust_kmh": 3.5405568000000005, "wind_dir": "206", "rain_day_mm": 0.0, "rain_rate_mmh": 0.0}