{"ts": 1773902240228, "temp_c": 8.61111111111111, "hum_pct": 83.0, "dew_c": 5.888888888888889, "wind_kmh": 2.8968192000000004, "gust_kmh": 3.5405568000000005, "wind_dir": "206", "rain_day_mm": 0.0, "rain_rate_mmh": 0.0}