{"ts": 1778165080013, "temp_c": 20.611111111111107, "hum_pct": 59.0, "dew_c": 12.333333333333336, "wind_kmh": 14.323161600000002, "gust_kmh": 22.6917504, "wind_dir": "179", "rain_day_mm": 0.254, "rain_rate_mmh": 0.0}