{"ts": 1782940221151, "temp_c": 25.0, "hum_pct": 67.0, "dew_c": 18.444444444444443, "wind_kmh": 2.8968192000000004, "gust_kmh": 6.437376, "wind_dir": "91", "rain_day_mm": 0.0, "rain_rate_mmh": 0.0}