{"ts": 1770451255118, "temp_c": 11.38888888888889, "hum_pct": 49.0, "dew_c": 1.0555555555555547, "wind_kmh": 10.460736, "gust_kmh": 32.347814400000004, "wind_dir": "331", "rain_day_mm": 0.0, "rain_rate_mmh": 0.0}