{"ts": 1783452252030, "temp_c": 27.5, "hum_pct": 58.0, "dew_c": 18.5, "wind_kmh": 11.587276800000001, "gust_kmh": 12.2310144, "wind_dir": "183", "rain_day_mm": 0.0, "rain_rate_mmh": 0.0}