{"ts": 1774068308860, "temp_c": 2.1111111111111094, "hum_pct": 86.0, "dew_c": 0.0, "wind_kmh": 2.0921472000000003, "gust_kmh": 3.5405568000000005, "wind_dir": "255", "rain_day_mm": 0.0, "rain_rate_mmh": 0.0}