{"ts": 1773509958553, "temp_c": 9.777777777777779, "hum_pct": 77.0, "dew_c": 5.944444444444446, "wind_kmh": 8.2076544, "gust_kmh": 15.4497024, "wind_dir": "156", "rain_day_mm": 0.0, "rain_rate_mmh": 0.0}