{"ts": 1784144872092, "temp_c": 28.111111111111107, "hum_pct": 80.0, "dew_c": 24.333333333333332, "wind_kmh": 2.0921472000000003, "gust_kmh": 6.437376, "wind_dir": "204", "rain_day_mm": 0.0, "rain_rate_mmh": 0.0}