{"ts": 1779899154089, "temp_c": 28.72222222222222, "hum_pct": 37.0, "dew_c": 12.611111111111112, "wind_kmh": 12.5528832, "gust_kmh": 19.151193600000003, "wind_dir": "180", "rain_day_mm": 0.0, "rain_rate_mmh": 0.0}