{"ts": 1777565234794, "temp_c": 23.22222222222222, "hum_pct": 57.0, "dew_c": 14.222222222222221, "wind_kmh": 6.759244800000001, "gust_kmh": 18.6683904, "wind_dir": "186", "rain_day_mm": 0.0, "rain_rate_mmh": 0.0}