{"ts": 1772101922117, "temp_c": 17.11111111111111, "hum_pct": 49.0, "dew_c": 6.333333333333332, "wind_kmh": 4.6670976, "gust_kmh": 10.782604800000001, "wind_dir": "174", "rain_day_mm": 0.0, "rain_rate_mmh": 0.0}