{"ts": 1779015170026, "temp_c": 22.11111111111111, "hum_pct": 41.0, "dew_c": 8.222222222222221, "wind_kmh": 9.3341952, "gust_kmh": 16.576243200000004, "wind_dir": "147", "rain_day_mm": 0.0, "rain_rate_mmh": 0.0}