{"ts": 1776311004384, "temp_c": 8.61111111111111, "hum_pct": 87.0, "dew_c": 6.555555555555554, "wind_kmh": 2.0921472000000003, "gust_kmh": 3.218688, "wind_dir": "288", "rain_day_mm": 0.0, "rain_rate_mmh": 0.0}