{"ts": 1777455395836, "temp_c": 20.72222222222222, "hum_pct": 64.0, "dew_c": 13.666666666666666, "wind_kmh": 8.690457600000002, "gust_kmh": 16.898112, "wind_dir": "204", "rain_day_mm": 0.254, "rain_rate_mmh": 0.0}