{"ts": 1773474434885, "temp_c": 12.222222222222221, "hum_pct": 72.0, "dew_c": 7.333333333333335, "wind_kmh": 4.988966400000001, "gust_kmh": 9.0123264, "wind_dir": "211", "rain_day_mm": 0.0, "rain_rate_mmh": 0.0}