{"ts": 1771105922221, "temp_c": 9.888888888888888, "hum_pct": 49.0, "dew_c": -0.33333333333333415, "wind_kmh": 11.104473600000002, "gust_kmh": 13.679424000000001, "wind_dir": "243", "rain_day_mm": 0.0, "rain_rate_mmh": 0.0}