{"ts": 1776154397731, "temp_c": 15.5, "hum_pct": 40.0, "dew_c": 1.9444444444444444, "wind_kmh": 0.0, "gust_kmh": 6.1155072, "wind_dir": "89", "rain_day_mm": 0.0, "rain_rate_mmh": 0.0}