{"ts": 1774887101196, "temp_c": 21.11111111111111, "hum_pct": 34.0, "dew_c": 4.666666666666666, "wind_kmh": 9.0123264, "gust_kmh": 23.335488, "wind_dir": "265", "rain_day_mm": 0.0, "rain_rate_mmh": 0.0}