{"ts": 1777205246079, "temp_c": 25.27777777777778, "hum_pct": 41.0, "dew_c": 11.11111111111111, "wind_kmh": 12.2310144, "gust_kmh": 22.0480128, "wind_dir": "209", "rain_day_mm": 0.0, "rain_rate_mmh": 0.0}