{"ts": 1779926986121, "temp_c": 16.38888888888889, "hum_pct": 82.0, "dew_c": 13.333333333333334, "wind_kmh": 2.0921472000000003, "gust_kmh": 3.218688, "wind_dir": "311", "rain_day_mm": 0.0, "rain_rate_mmh": 0.0}