{"ts": 1777649775578, "temp_c": 21.722222222222218, "hum_pct": 59.0, "dew_c": 13.333333333333334, "wind_kmh": 6.1155072, "gust_kmh": 18.6683904, "wind_dir": "177", "rain_day_mm": 0.0, "rain_rate_mmh": 0.0}