{"ts": 1780442310585, "temp_c": 20.611111111111107, "hum_pct": 73.0, "dew_c": 15.61111111111111, "wind_kmh": 10.782604800000001, "gust_kmh": 14.323161600000002, "wind_dir": "195", "rain_day_mm": 0.0, "rain_rate_mmh": 0.0}