{"ts": 1774891900458, "temp_c": 18.72222222222222, "hum_pct": 42.0, "dew_c": 5.555555555555555, "wind_kmh": 16.898112, "gust_kmh": 28.8072576, "wind_dir": "285", "rain_day_mm": 0.0, "rain_rate_mmh": 0.0}