{"ts": 1775766490723, "temp_c": 14.88888888888889, "hum_pct": 70.0, "dew_c": 9.5, "wind_kmh": 0.0, "gust_kmh": 2.5749504000000005, "wind_dir": "245", "rain_day_mm": 0.0, "rain_rate_mmh": 0.0}