{"ts": 1782656712228, "temp_c": 35.27777777777778, "hum_pct": 31.0, "dew_c": 15.61111111111111, "wind_kmh": 11.104473600000002, "gust_kmh": 22.0480128, "wind_dir": "133", "rain_day_mm": 0.0, "rain_rate_mmh": 0.0}