{"ts": 1781450830852, "temp_c": 30.22222222222222, "hum_pct": 31.0, "dew_c": 11.222222222222223, "wind_kmh": 15.771571200000002, "gust_kmh": 19.794931200000004, "wind_dir": "185", "rain_day_mm": 0.0, "rain_rate_mmh": 0.0}