{"ts": 1781530565689, "temp_c": 29.88888888888889, "hum_pct": 31.0, "dew_c": 10.944444444444446, "wind_kmh": 14.0012928, "gust_kmh": 23.818291200000004, "wind_dir": "142", "rain_day_mm": 0.0, "rain_rate_mmh": 0.0}