{"ts": 1784714642803, "temp_c": 33.72222222222222, "hum_pct": 27.0, "dew_c": 12.111111111111109, "wind_kmh": 4.02336, "gust_kmh": 8.2076544, "wind_dir": "161", "rain_day_mm": 0.0, "rain_rate_mmh": 0.0}