{"ts": 1773631891440, "temp_c": 8.88888888888889, "hum_pct": 43.0, "dew_c": -2.999999999999999, "wind_kmh": 4.345228800000001, "gust_kmh": 10.1388672, "wind_dir": "199", "rain_day_mm": 0.0, "rain_rate_mmh": 0.0}