{"ts": 1784452362392, "temp_c": 33.111111111111114, "hum_pct": 45.0, "dew_c": 19.61111111111111, "wind_kmh": 4.345228800000001, "gust_kmh": 16.576243200000004, "wind_dir": "146", "rain_day_mm": 0.0, "rain_rate_mmh": 0.0}