{"ts": 1779352863638, "temp_c": 27.277777777777775, "hum_pct": 31.0, "dew_c": 8.722222222222223, "wind_kmh": 10.460736, "gust_kmh": 11.104473600000002, "wind_dir": "134", "rain_day_mm": 0.0, "rain_rate_mmh": 0.0}