{"ts": 1770190518287, "temp_c": 7.3888888888888875, "hum_pct": 83.0, "dew_c": 4.722222222222222, "wind_kmh": 3.218688, "gust_kmh": 4.02336, "wind_dir": "200", "rain_day_mm": 0.508, "rain_rate_mmh": 0.508}