{"ts": 1776570416748, "temp_c": 10.999999999999998, "hum_pct": 79.0, "dew_c": 7.5, "wind_kmh": 1.7702784000000003, "gust_kmh": 3.218688, "wind_dir": "240", "rain_day_mm": 0.0, "rain_rate_mmh": 0.0}