{"ts": 1772561333277, "temp_c": 13.88888888888889, "hum_pct": 70.0, "dew_c": 8.499999999999998, "wind_kmh": 3.218688, "gust_kmh": 4.345228800000001, "wind_dir": "217", "rain_day_mm": 1.016, "rain_rate_mmh": 0.0}