{"ts": 1773662859833, "temp_c": 18.111111111111107, "hum_pct": 36.0, "dew_c": 2.833333333333334, "wind_kmh": 11.909145600000002, "gust_kmh": 33.15248640000001, "wind_dir": "331", "rain_day_mm": 0.0, "rain_rate_mmh": 0.0}