{"ts": 1771056088443, "temp_c": 12.277777777777779, "hum_pct": 51.0, "dew_c": 2.4444444444444438, "wind_kmh": 4.345228800000001, "gust_kmh": 17.2199808, "wind_dir": "215", "rain_day_mm": 0.0, "rain_rate_mmh": 0.0}