{"ts": 1779652090069, "temp_c": 20.777777777777782, "hum_pct": 57.0, "dew_c": 12.0, "wind_kmh": 0.0, "gust_kmh": 2.8968192000000004, "wind_dir": "323", "rain_day_mm": 0.0, "rain_rate_mmh": 0.0}