{"ts": 1770738666824, "temp_c": 20.38888888888889, "hum_pct": 57.0, "dew_c": 11.61111111111111, "wind_kmh": 5.4717696, "gust_kmh": 10.460736, "wind_dir": "183", "rain_day_mm": 0.0, "rain_rate_mmh": 0.0}