{"ts": 1773126337587, "temp_c": 5.611111111111112, "hum_pct": 97.0, "dew_c": 5.166666666666665, "wind_kmh": 1.7702784000000003, "gust_kmh": 2.8968192000000004, "wind_dir": "241", "rain_day_mm": 0.0, "rain_rate_mmh": 0.0}