{"ts": 1774236072583, "temp_c": 11.11111111111111, "hum_pct": 77.0, "dew_c": 7.222222222222222, "wind_kmh": 0.0, "gust_kmh": 9.0123264, "wind_dir": "156", "rain_day_mm": 0.0, "rain_rate_mmh": 0.0}