{"ts": 1778679477894, "temp_c": 23.111111111111107, "hum_pct": 36.0, "dew_c": 7.222222222222222, "wind_kmh": 2.0921472000000003, "gust_kmh": 11.587276800000001, "wind_dir": "176", "rain_day_mm": 0.0, "rain_rate_mmh": 0.0}