{"ts": 1773283961477, "temp_c": 7.6111111111111125, "hum_pct": 87.0, "dew_c": 5.555555555555555, "wind_kmh": 1.7702784000000003, "gust_kmh": 2.8968192000000004, "wind_dir": "297", "rain_day_mm": 0.0, "rain_rate_mmh": 0.0}