{"ts": 1781127414243, "temp_c": 18.88888888888889, "hum_pct": 80.0, "dew_c": 15.38888888888889, "wind_kmh": 10.782604800000001, "gust_kmh": 15.4497024, "wind_dir": "182", "rain_day_mm": 1.5239999999999998, "rain_rate_mmh": 0.0}