{"ts": 1776147503404, "temp_c": 11.500000000000002, "hum_pct": 51.0, "dew_c": 1.722222222222223, "wind_kmh": 7.563916800000001, "gust_kmh": 8.690457600000002, "wind_dir": "182", "rain_day_mm": 0.0, "rain_rate_mmh": 0.0}