{"ts": 1775211821336, "temp_c": 18.88888888888889, "hum_pct": 35.0, "dew_c": 3.111111111111112, "wind_kmh": 8.690457600000002, "gust_kmh": 22.6917504, "wind_dir": "358", "rain_day_mm": 0.0, "rain_rate_mmh": 0.0}