{"ts": 1780615218218, "temp_c": 16.11111111111111, "hum_pct": 95.0, "dew_c": 15.277777777777779, "wind_kmh": 8.690457600000002, "gust_kmh": 11.909145600000002, "wind_dir": "225", "rain_day_mm": 0.7619999999999999, "rain_rate_mmh": 0.0}