{"ts": 1771279032836, "temp_c": 17.11111111111111, "hum_pct": 47.0, "dew_c": 5.7222222222222205, "wind_kmh": 15.4497024, "gust_kmh": 41.038272000000006, "wind_dir": "1", "rain_day_mm": 0.0, "rain_rate_mmh": 0.0}