{"ts": 1773694450776, "temp_c": 9.277777777777779, "hum_pct": 83.0, "dew_c": 6.555555555555554, "wind_kmh": 2.5749504000000005, "gust_kmh": 5.793638400000001, "wind_dir": "278", "rain_day_mm": 0.0, "rain_rate_mmh": 0.0}