{"ts": 1780771819962, "temp_c": 21.888888888888893, "hum_pct": 80.0, "dew_c": 18.277777777777782, "wind_kmh": 7.885785600000001, "gust_kmh": 13.357555200000002, "wind_dir": "174", "rain_day_mm": 0.0, "rain_rate_mmh": 0.0}