{"ts": 1782649164512, "temp_c": 34.388888888888886, "hum_pct": 34.0, "dew_c": 16.27777777777778, "wind_kmh": 6.759244800000001, "gust_kmh": 19.151193600000003, "wind_dir": "223", "rain_day_mm": 0.0, "rain_rate_mmh": 0.0}