{"ts": 1770414952272, "temp_c": 10.999999999999998, "hum_pct": 69.0, "dew_c": 5.555555555555555, "wind_kmh": 2.8968192000000004, "gust_kmh": 11.104473600000002, "wind_dir": "326", "rain_day_mm": 0.0, "rain_rate_mmh": 0.0}