{"ts": 1773467866698, "temp_c": 13.38888888888889, "hum_pct": 70.0, "dew_c": 8.055555555555555, "wind_kmh": 4.6670976, "gust_kmh": 6.437376, "wind_dir": "221", "rain_day_mm": 0.0, "rain_rate_mmh": 0.0}