{"ts": 1773575704695, "temp_c": 15.722222222222221, "hum_pct": 23.0, "dew_c": -5.388888888888889, "wind_kmh": 5.793638400000001, "gust_kmh": 39.58986240000001, "wind_dir": "48", "rain_day_mm": 0.0, "rain_rate_mmh": 0.0}