{"ts": 1782688566487, "temp_c": 26.722222222222218, "hum_pct": 44.0, "dew_c": 13.444444444444446, "wind_kmh": 13.679424000000001, "gust_kmh": 16.2543744, "wind_dir": "315", "rain_day_mm": 0.0, "rain_rate_mmh": 0.0}