{"ts": 1770584349745, "temp_c": 11.722222222222221, "hum_pct": 52.0, "dew_c": 2.166666666666666, "wind_kmh": 24.4620288, "gust_kmh": 43.613222400000005, "wind_dir": "320", "rain_day_mm": 1.016, "rain_rate_mmh": 0.0}