{"ts": 1775801118731, "temp_c": 12.777777777777779, "hum_pct": 66.0, "dew_c": 6.611111111111111, "wind_kmh": 0.0, "gust_kmh": 2.0921472000000003, "wind_dir": "221", "rain_day_mm": 0.0, "rain_rate_mmh": 0.0}