{"ts": 1782798744483, "temp_c": 26.38888888888889, "hum_pct": 55.0, "dew_c": 16.666666666666668, "wind_kmh": 2.8968192000000004, "gust_kmh": 7.563916800000001, "wind_dir": "249", "rain_day_mm": 0.0, "rain_rate_mmh": 0.0}