{"ts": 1771631816080, "temp_c": 8.722222222222223, "hum_pct": 68.0, "dew_c": 3.111111111111112, "wind_kmh": 4.02336, "gust_kmh": 7.563916800000001, "wind_dir": "262", "rain_day_mm": 0.0, "rain_rate_mmh": 0.0}