{"ts": 1774000575393, "temp_c": 15.61111111111111, "hum_pct": 31.0, "dew_c": -1.4444444444444453, "wind_kmh": 10.460736, "gust_kmh": 11.587276800000001, "wind_dir": "175", "rain_day_mm": 0.254, "rain_rate_mmh": 0.0}