{"ts": 1776012951051, "temp_c": 11.277777777777777, "hum_pct": 80.0, "dew_c": 8.0, "wind_kmh": 11.909145600000002, "gust_kmh": 34.600896000000006, "wind_dir": "3", "rain_day_mm": 2.2859999999999996, "rain_rate_mmh": 0.508}