{"ts": 1783571694648, "temp_c": 20.72222222222222, "hum_pct": 64.0, "dew_c": 13.666666666666666, "wind_kmh": 2.5749504000000005, "gust_kmh": 2.8968192000000004, "wind_dir": "312", "rain_day_mm": 0.0, "rain_rate_mmh": 0.0}