{"ts": 1784243293976, "temp_c": 24.222222222222218, "hum_pct": 89.0, "dew_c": 22.277777777777775, "wind_kmh": 0.0, "gust_kmh": 2.0921472000000003, "wind_dir": "318", "rain_day_mm": 0.0, "rain_rate_mmh": 0.0}