{"ts": 1770833542284, "temp_c": 13.722222222222223, "hum_pct": 78.0, "dew_c": 9.944444444444445, "wind_kmh": 0.0, "gust_kmh": 3.5405568000000005, "wind_dir": "161", "rain_day_mm": 0.508, "rain_rate_mmh": 0.0}