{"ts": 1779597306453, "temp_c": 14.222222222222221, "hum_pct": 85.0, "dew_c": 11.722222222222221, "wind_kmh": 1.7702784000000003, "gust_kmh": 2.5749504000000005, "wind_dir": "238", "rain_day_mm": 0.0, "rain_rate_mmh": 0.0}