{"ts": 1777558889646, "temp_c": 24.72222222222222, "hum_pct": 52.0, "dew_c": 14.166666666666666, "wind_kmh": 11.104473600000002, "gust_kmh": 22.0480128, "wind_dir": "159", "rain_day_mm": 0.0, "rain_rate_mmh": 0.0}