{"ts": 1773272261387, "temp_c": 12.388888888888888, "hum_pct": 70.0, "dew_c": 7.11111111111111, "wind_kmh": 2.5749504000000005, "gust_kmh": 6.437376, "wind_dir": "341", "rain_day_mm": 0.0, "rain_rate_mmh": 0.0}