{"ts": 1772341937086, "temp_c": 8.722222222222223, "hum_pct": 96.0, "dew_c": 8.11111111111111, "wind_kmh": 0.0, "gust_kmh": 2.8968192000000004, "wind_dir": "328", "rain_day_mm": 0.0, "rain_rate_mmh": 0.0}