{"ts": 1777525285050, "temp_c": 12.0, "hum_pct": 80.0, "dew_c": 8.666666666666666, "wind_kmh": 2.0921472000000003, "gust_kmh": 3.5405568000000005, "wind_dir": "261", "rain_day_mm": 0.0, "rain_rate_mmh": 0.0}