{"ts": 1775820678632, "temp_c": 27.61111111111111, "hum_pct": 33.0, "dew_c": 9.888888888888888, "wind_kmh": 4.345228800000001, "gust_kmh": 9.0123264, "wind_dir": "159", "rain_day_mm": 0.0, "rain_rate_mmh": 0.0}