{"ts": 1780159031332, "temp_c": 29.11111111111111, "hum_pct": 45.0, "dew_c": 15.944444444444445, "wind_kmh": 8.690457600000002, "gust_kmh": 12.2310144, "wind_dir": "204", "rain_day_mm": 0.0, "rain_rate_mmh": 0.0}