{"ts": 1774089776440, "temp_c": 17.5, "hum_pct": 30.0, "dew_c": -0.2777777777777778, "wind_kmh": 5.793638400000001, "gust_kmh": 14.8059648, "wind_dir": "194", "rain_day_mm": 0.0, "rain_rate_mmh": 0.0}