{"ts": 1771710601148, "temp_c": 7.777777777777778, "hum_pct": 79.0, "dew_c": 4.388888888888888, "wind_kmh": 0.0, "gust_kmh": 4.345228800000001, "wind_dir": "196", "rain_day_mm": 0.0, "rain_rate_mmh": 0.0}