{"ts": 1776759596671, "temp_c": 23.388888888888886, "hum_pct": 46.0, "dew_c": 11.11111111111111, "wind_kmh": 4.988966400000001, "gust_kmh": 11.909145600000002, "wind_dir": "174", "rain_day_mm": 0.0, "rain_rate_mmh": 0.0}