{"ts": 1776075608441, "temp_c": 14.61111111111111, "hum_pct": 50.0, "dew_c": 4.2777777777777795, "wind_kmh": 20.1168, "gust_kmh": 23.818291200000004, "wind_dir": "326", "rain_day_mm": 4.064, "rain_rate_mmh": 0.0}