{"ts": 1783769608647, "temp_c": 31.38888888888889, "hum_pct": 55.0, "dew_c": 21.27777777777778, "wind_kmh": 15.127833600000002, "gust_kmh": 15.771571200000002, "wind_dir": "126", "rain_day_mm": 0.0, "rain_rate_mmh": 0.0}