{"ts": 1773438365588, "temp_c": 11.500000000000002, "hum_pct": 93.0, "dew_c": 10.388888888888891, "wind_kmh": 4.02336, "gust_kmh": 7.2420480000000005, "wind_dir": "206", "rain_day_mm": 0.0, "rain_rate_mmh": 0.0}