{"ts": 1773890284962, "temp_c": 10.777777777777779, "hum_pct": 76.0, "dew_c": 6.722222222222223, "wind_kmh": 4.02336, "gust_kmh": 8.690457600000002, "wind_dir": "232", "rain_day_mm": 0.0, "rain_rate_mmh": 0.0}