{"ts": 1773897146635, "temp_c": 10.277777777777779, "hum_pct": 76.0, "dew_c": 6.277777777777776, "wind_kmh": 4.345228800000001, "gust_kmh": 4.988966400000001, "wind_dir": "173", "rain_day_mm": 0.0, "rain_rate_mmh": 0.0}