{"ts": 1782967444215, "temp_c": 20.500000000000004, "hum_pct": 56.0, "dew_c": 11.444444444444445, "wind_kmh": 3.218688, "gust_kmh": 7.563916800000001, "wind_dir": "241", "rain_day_mm": 0.0, "rain_rate_mmh": 0.0}