{"ts": 1773358720426, "temp_c": 7.88888888888889, "hum_pct": 92.0, "dew_c": 6.666666666666667, "wind_kmh": 0.0, "gust_kmh": 2.8968192000000004, "wind_dir": "287", "rain_day_mm": 0.0, "rain_rate_mmh": 0.0}