{"ts": 1783469327714, "temp_c": 22.5, "hum_pct": 74.0, "dew_c": 17.61111111111111, "wind_kmh": 0.0, "gust_kmh": 2.8968192000000004, "wind_dir": "224", "rain_day_mm": 0.0, "rain_rate_mmh": 0.0}