{"ts": 1771538505204, "temp_c": 10.277777777777779, "hum_pct": 52.0, "dew_c": 0.8888888888888897, "wind_kmh": 12.5528832, "gust_kmh": 49.7287296, "wind_dir": "331", "rain_day_mm": 0.0, "rain_rate_mmh": 0.0}