{"ts": 1782085196504, "temp_c": 21.38888888888889, "hum_pct": 55.0, "dew_c": 12.0, "wind_kmh": 0.0, "gust_kmh": 2.0921472000000003, "wind_dir": "284", "rain_day_mm": 0.0, "rain_rate_mmh": 0.0}