{"ts": 1772826316264, "temp_c": 11.277777777777777, "hum_pct": 89.0, "dew_c": 9.555555555555557, "wind_kmh": 3.218688, "gust_kmh": 5.4717696, "wind_dir": "30", "rain_day_mm": 13.716, "rain_rate_mmh": 0.0}