{"ts": 1773528105530, "temp_c": 8.222222222222221, "hum_pct": 51.0, "dew_c": -1.3333333333333326, "wind_kmh": 0.0, "gust_kmh": 11.909145600000002, "wind_dir": "308", "rain_day_mm": 0.0, "rain_rate_mmh": 0.0}