{"ts": 1776100631025, "temp_c": 20.11111111111111, "hum_pct": 33.0, "dew_c": 3.3333333333333335, "wind_kmh": 8.2076544, "gust_kmh": 13.357555200000002, "wind_dir": "251", "rain_day_mm": 4.064, "rain_rate_mmh": 0.0}