{"ts": 1774899597976, "temp_c": 15.61111111111111, "hum_pct": 51.0, "dew_c": 5.499999999999999, "wind_kmh": 25.910438400000004, "gust_kmh": 45.7053696, "wind_dir": "315", "rain_day_mm": 0.0, "rain_rate_mmh": 0.0}