{"ts": 1774179263466, "temp_c": 16.61111111111111, "hum_pct": 55.0, "dew_c": 7.555555555555555, "wind_kmh": 7.885785600000001, "gust_kmh": 18.0246528, "wind_dir": "201", "rain_day_mm": 0.0, "rain_rate_mmh": 0.0}