{"ts": 1771782900767, "temp_c": 13.777777777777777, "hum_pct": 71.0, "dew_c": 8.61111111111111, "wind_kmh": 0.0, "gust_kmh": 2.5749504000000005, "wind_dir": "277", "rain_day_mm": 0.0, "rain_rate_mmh": 0.0}