{"ts": 1775861572126, "temp_c": 15.277777777777779, "hum_pct": 45.0, "dew_c": 3.444444444444446, "wind_kmh": 1.7702784000000003, "gust_kmh": 3.218688, "wind_dir": "252", "rain_day_mm": 0.0, "rain_rate_mmh": 0.0}