{"ts": 1783272195054, "temp_c": 32.72222222222222, "hum_pct": 27.0, "dew_c": 11.277777777777777, "wind_kmh": 13.679424000000001, "gust_kmh": 18.0246528, "wind_dir": "175", "rain_day_mm": 0.0, "rain_rate_mmh": 0.0}