{"ts": 1781908391568, "temp_c": 21.5, "hum_pct": 71.0, "dew_c": 16.0, "wind_kmh": 2.0921472000000003, "gust_kmh": 2.8968192000000004, "wind_dir": "218", "rain_day_mm": 0.0, "rain_rate_mmh": 0.0}