{"ts": 1773877165710, "temp_c": 11.88888888888889, "hum_pct": 77.0, "dew_c": 8.0, "wind_kmh": 6.759244800000001, "gust_kmh": 12.2310144, "wind_dir": "149", "rain_day_mm": 0.0, "rain_rate_mmh": 0.0}