{"ts": 1775324730748, "temp_c": 18.277777777777782, "hum_pct": 42.0, "dew_c": 5.166666666666665, "wind_kmh": 6.759244800000001, "gust_kmh": 17.702784, "wind_dir": "183", "rain_day_mm": 0.0, "rain_rate_mmh": 0.0}