{"ts": 1780258748778, "temp_c": 22.722222222222225, "hum_pct": 69.0, "dew_c": 16.72222222222222, "wind_kmh": 1.7702784000000003, "gust_kmh": 2.8968192000000004, "wind_dir": "202", "rain_day_mm": 0.0, "rain_rate_mmh": 0.0}