{"ts": 1779608368723, "temp_c": 27.277777777777775, "hum_pct": 41.0, "dew_c": 12.888888888888891, "wind_kmh": 3.5405568000000005, "gust_kmh": 7.563916800000001, "wind_dir": "171", "rain_day_mm": 0.0, "rain_rate_mmh": 0.0}