{"ts": 1775984497782, "temp_c": 13.38888888888889, "hum_pct": 62.0, "dew_c": 6.277777777777776, "wind_kmh": 5.4717696, "gust_kmh": 9.3341952, "wind_dir": "62", "rain_day_mm": 0.0, "rain_rate_mmh": 0.0}