{"ts": 1772409257462, "temp_c": 7.722222222222222, "hum_pct": 94.0, "dew_c": 6.7777777777777795, "wind_kmh": 2.0921472000000003, "gust_kmh": 2.0921472000000003, "wind_dir": "257", "rain_day_mm": 0.0, "rain_rate_mmh": 0.0}