{"ts": 1776961102029, "temp_c": 22.22222222222222, "hum_pct": 42.0, "dew_c": 8.666666666666666, "wind_kmh": 12.5528832, "gust_kmh": 18.346521600000003, "wind_dir": "191", "rain_day_mm": 0.0, "rain_rate_mmh": 0.0}