{"ts": 1770667647657, "temp_c": 10.277777777777779, "hum_pct": 79.0, "dew_c": 6.833333333333332, "wind_kmh": 0.0, "gust_kmh": 2.8968192000000004, "wind_dir": "171", "rain_day_mm": 0.0, "rain_rate_mmh": 0.0}