{"ts": 1774004071046, "temp_c": 17.11111111111111, "hum_pct": 29.0, "dew_c": -1.0555555555555547, "wind_kmh": 9.656064, "gust_kmh": 17.2199808, "wind_dir": "126", "rain_day_mm": 0.254, "rain_rate_mmh": 0.0}