{"ts": 1774202255705, "temp_c": 12.777777777777779, "hum_pct": 74.0, "dew_c": 8.277777777777779, "wind_kmh": 5.793638400000001, "gust_kmh": 10.460736, "wind_dir": "175", "rain_day_mm": 0.0, "rain_rate_mmh": 0.0}