{"ts": 1777425629820, "temp_c": 14.61111111111111, "hum_pct": 80.0, "dew_c": 11.166666666666666, "wind_kmh": 2.5749504000000005, "gust_kmh": 3.218688, "wind_dir": "236", "rain_day_mm": 0.0, "rain_rate_mmh": 0.0}