{"ts": 1774027322017, "temp_c": 14.277777777777779, "hum_pct": 48.0, "dew_c": 3.444444444444446, "wind_kmh": 6.1155072, "gust_kmh": 10.460736, "wind_dir": "183", "rain_day_mm": 0.254, "rain_rate_mmh": 0.0}