{"ts": 1773775164520, "temp_c": 10.5, "hum_pct": 81.0, "dew_c": 7.3888888888888875, "wind_kmh": 2.0921472000000003, "gust_kmh": 3.5405568000000005, "wind_dir": "287", "rain_day_mm": 0.0, "rain_rate_mmh": 0.0}