{"ts": 1780142152632, "temp_c": 29.88888888888889, "hum_pct": 41.0, "dew_c": 15.222222222222221, "wind_kmh": 14.0012928, "gust_kmh": 20.599603200000004, "wind_dir": "176", "rain_day_mm": 0.0, "rain_rate_mmh": 0.0}