{"ts": 1781370061000, "temp_c": 30.27777777777778, "hum_pct": 32.0, "dew_c": 11.777777777777779, "wind_kmh": 7.563916800000001, "gust_kmh": 24.14016, "wind_dir": "213", "rain_day_mm": 0.0, "rain_rate_mmh": 0.0}