{"ts": 1770354486736, "temp_c": 10.111111111111112, "hum_pct": 68.0, "dew_c": 4.444444444444445, "wind_kmh": 6.1155072, "gust_kmh": 9.656064, "wind_dir": "310", "rain_day_mm": 0.0, "rain_rate_mmh": 0.0}