{"ts": 1771768579156, "temp_c": 23.111111111111107, "hum_pct": 36.0, "dew_c": 7.222222222222222, "wind_kmh": 9.3341952, "gust_kmh": 13.0356864, "wind_dir": "222", "rain_day_mm": 0.0, "rain_rate_mmh": 0.0}