{"ts": 1774512443754, "temp_c": 12.611111111111112, "hum_pct": 40.0, "dew_c": -0.6111111111111119, "wind_kmh": 9.656064, "gust_kmh": 29.129126400000004, "wind_dir": "323", "rain_day_mm": 0.0, "rain_rate_mmh": 0.0}