{"ts": 1783873887373, "temp_c": 31.77777777777778, "hum_pct": 38.0, "dew_c": 15.722222222222221, "wind_kmh": 8.690457600000002, "gust_kmh": 17.2199808, "wind_dir": "171", "rain_day_mm": 0.0, "rain_rate_mmh": 0.0}