{"ts": 1770095296151, "temp_c": 4.500000000000001, "hum_pct": 78.0, "dew_c": 0.9999999999999984, "wind_kmh": 2.5749504000000005, "gust_kmh": 3.218688, "wind_dir": "254", "rain_day_mm": 0.0, "rain_rate_mmh": 0.0}