{"ts": 1777190777115, "temp_c": 20.500000000000004, "hum_pct": 52.0, "dew_c": 10.333333333333334, "wind_kmh": 4.345228800000001, "gust_kmh": 7.2420480000000005, "wind_dir": "205", "rain_day_mm": 0.0, "rain_rate_mmh": 0.0}