{"ts": 1779840981529, "temp_c": 17.11111111111111, "hum_pct": 68.0, "dew_c": 11.166666666666666, "wind_kmh": 2.8968192000000004, "gust_kmh": 3.5405568000000005, "wind_dir": "312", "rain_day_mm": 0.0, "rain_rate_mmh": 0.0}