{"ts": 1776852264379, "temp_c": 24.27777777777778, "hum_pct": 46.0, "dew_c": 11.944444444444445, "wind_kmh": 7.563916800000001, "gust_kmh": 7.563916800000001, "wind_dir": "146", "rain_day_mm": 0.0, "rain_rate_mmh": 0.0}