{"ts": 1770808376507, "temp_c": 18.72222222222222, "hum_pct": 44.0, "dew_c": 6.222222222222224, "wind_kmh": 13.0356864, "gust_kmh": 35.2446336, "wind_dir": "322", "rain_day_mm": 0.0, "rain_rate_mmh": 0.0}