{"ts": 1784097505685, "temp_c": 29.0, "hum_pct": 75.0, "dew_c": 24.111111111111114, "wind_kmh": 2.0921472000000003, "gust_kmh": 3.5405568000000005, "wind_dir": "198", "rain_day_mm": 0.0, "rain_rate_mmh": 0.0}