{"ts": 1784893939179, "temp_c": 33.111111111111114, "hum_pct": 35.0, "dew_c": 15.61111111111111, "wind_kmh": 9.656064, "gust_kmh": 16.898112, "wind_dir": "168", "rain_day_mm": 0.0, "rain_rate_mmh": 0.0}