{"ts": 1776397166884, "temp_c": 8.11111111111111, "hum_pct": 82.0, "dew_c": 5.222222222222221, "wind_kmh": 2.0921472000000003, "gust_kmh": 4.6670976, "wind_dir": "273", "rain_day_mm": 0.0, "rain_rate_mmh": 0.0}