{"ts": 1771958406615, "temp_c": 11.11111111111111, "hum_pct": 77.0, "dew_c": 7.222222222222222, "wind_kmh": 2.0921472000000003, "gust_kmh": 2.8968192000000004, "wind_dir": "245", "rain_day_mm": 0.254, "rain_rate_mmh": 0.0}