{"ts": 1780609865805, "temp_c": 17.5, "hum_pct": 94.0, "dew_c": 16.5, "wind_kmh": 5.793638400000001, "gust_kmh": 13.0356864, "wind_dir": "164", "rain_day_mm": 6.35, "rain_rate_mmh": 0.508}