{"ts": 1772776622483, "temp_c": 12.388888888888888, "hum_pct": 89.0, "dew_c": 10.666666666666668, "wind_kmh": 6.437376, "gust_kmh": 13.679424000000001, "wind_dir": "147", "rain_day_mm": 0.508, "rain_rate_mmh": 0.0}