{"ts": 1775738648364, "temp_c": 26.999999999999996, "hum_pct": 33.0, "dew_c": 9.38888888888889, "wind_kmh": 7.563916800000001, "gust_kmh": 14.0012928, "wind_dir": "222", "rain_day_mm": 0.0, "rain_rate_mmh": 0.0}