{"ts": 1779131643117, "temp_c": 17.11111111111111, "hum_pct": 78.0, "dew_c": 13.222222222222221, "wind_kmh": 4.988966400000001, "gust_kmh": 6.759244800000001, "wind_dir": "184", "rain_day_mm": 29.209999999999997, "rain_rate_mmh": 0.0}