{"ts": 1781229506213, "temp_c": 15.11111111111111, "hum_pct": 87.0, "dew_c": 12.944444444444443, "wind_kmh": 2.5749504000000005, "gust_kmh": 2.8968192000000004, "wind_dir": "220", "rain_day_mm": 0.0, "rain_rate_mmh": 0.0}