{"ts": 1777629368420, "temp_c": 22.61111111111111, "hum_pct": 50.0, "dew_c": 11.666666666666666, "wind_kmh": 19.4730624, "gust_kmh": 29.129126400000004, "wind_dir": "131", "rain_day_mm": 0.0, "rain_rate_mmh": 0.0}