{"ts": 1773488088110, "temp_c": 14.11111111111111, "hum_pct": 52.0, "dew_c": 4.388888888888888, "wind_kmh": 23.013619200000004, "gust_kmh": 48.9240576, "wind_dir": "327", "rain_day_mm": 0.0, "rain_rate_mmh": 0.0}