{"ts": 1784826154775, "temp_c": 32.0, "hum_pct": 64.0, "dew_c": 24.333333333333332, "wind_kmh": 8.2076544, "gust_kmh": 12.2310144, "wind_dir": "169", "rain_day_mm": 0.0, "rain_rate_mmh": 0.0}