{"ts": 1775936817152, "temp_c": 18.77777777777778, "hum_pct": 39.0, "dew_c": 4.555555555555557, "wind_kmh": 4.02336, "gust_kmh": 6.759244800000001, "wind_dir": "174", "rain_day_mm": 0.0, "rain_rate_mmh": 0.0}