{"ts": 1780602343764, "temp_c": 20.27777777777778, "hum_pct": 86.0, "dew_c": 17.88888888888889, "wind_kmh": 2.0921472000000003, "gust_kmh": 4.345228800000001, "wind_dir": "231", "rain_day_mm": 3.302, "rain_rate_mmh": 0.0}