{"ts": 1774082908008, "temp_c": 16.38888888888889, "hum_pct": 39.0, "dew_c": 2.4444444444444438, "wind_kmh": 0.0, "gust_kmh": 2.8968192000000004, "wind_dir": "347", "rain_day_mm": 0.0, "rain_rate_mmh": 0.0}