{"ts": 1771664569465, "temp_c": 13.277777777777779, "hum_pct": 52.0, "dew_c": 3.6666666666666674, "wind_kmh": 7.885785600000001, "gust_kmh": 15.771571200000002, "wind_dir": "261", "rain_day_mm": 0.0, "rain_rate_mmh": 0.0}