{"ts": 1776016171744, "temp_c": 10.88888888888889, "hum_pct": 83.0, "dew_c": 8.11111111111111, "wind_kmh": 16.898112, "gust_kmh": 29.129126400000004, "wind_dir": "280", "rain_day_mm": 3.556, "rain_rate_mmh": 0.508}