{"ts": 1775170084142, "temp_c": 13.499999999999998, "hum_pct": 38.0, "dew_c": -0.5555555555555556, "wind_kmh": 10.782604800000001, "gust_kmh": 21.2433408, "wind_dir": "4", "rain_day_mm": 0.0, "rain_rate_mmh": 0.0}