{"ts": 1772565967620, "temp_c": 12.888888888888891, "hum_pct": 75.0, "dew_c": 8.555555555555555, "wind_kmh": 4.345228800000001, "gust_kmh": 7.2420480000000005, "wind_dir": "313", "rain_day_mm": 1.016, "rain_rate_mmh": 0.0}