{"ts": 1782144881793, "temp_c": 33.72222222222222, "hum_pct": 31.0, "dew_c": 14.222222222222221, "wind_kmh": 14.323161600000002, "gust_kmh": 24.14016, "wind_dir": "181", "rain_day_mm": 0.0, "rain_rate_mmh": 0.0}