{"ts": 1772507510229, "temp_c": 9.777777777777779, "hum_pct": 93.0, "dew_c": 8.722222222222223, "wind_kmh": 0.0, "gust_kmh": 5.793638400000001, "wind_dir": "259", "rain_day_mm": 0.7619999999999999, "rain_rate_mmh": 2.2859999999999996}