{"ts": 1782584135664, "temp_c": 31.22222222222222, "hum_pct": 37.0, "dew_c": 14.777777777777779, "wind_kmh": 5.793638400000001, "gust_kmh": 10.782604800000001, "wind_dir": "161", "rain_day_mm": 0.0, "rain_rate_mmh": 0.0}