{"ts": 1769943404931, "temp_c": 10.0, "hum_pct": 62.0, "dew_c": 3.0555555555555554, "wind_kmh": 4.345228800000001, "gust_kmh": 6.1155072, "wind_dir": "105", "rain_day_mm": null, "rain_rate_mmh": null}