{"ts": 1781285081119, "temp_c": 27.11111111111111, "hum_pct": 47.0, "dew_c": 14.833333333333334, "wind_kmh": 11.909145600000002, "gust_kmh": 15.127833600000002, "wind_dir": "160", "rain_day_mm": 0.0, "rain_rate_mmh": 0.0}