{"ts": 1774469084733, "temp_c": 14.61111111111111, "hum_pct": 44.0, "dew_c": 2.5, "wind_kmh": 20.599603200000004, "gust_kmh": 25.588569600000003, "wind_dir": "275", "rain_day_mm": 0.0, "rain_rate_mmh": 0.0}