{"ts": 1775792347634, "temp_c": 10.111111111111112, "hum_pct": 74.0, "dew_c": 5.666666666666668, "wind_kmh": 0.0, "gust_kmh": 3.5405568000000005, "wind_dir": "170", "rain_day_mm": 0.0, "rain_rate_mmh": 0.0}