{"ts": 1779662224581, "temp_c": 16.72222222222222, "hum_pct": 70.0, "dew_c": 11.222222222222223, "wind_kmh": 2.8968192000000004, "gust_kmh": 3.5405568000000005, "wind_dir": "307", "rain_day_mm": 0.0, "rain_rate_mmh": 0.0}