{"ts": 1773927595311, "temp_c": 13.777777777777777, "hum_pct": 61.0, "dew_c": 6.388888888888889, "wind_kmh": 12.2310144, "gust_kmh": 17.2199808, "wind_dir": "147", "rain_day_mm": 0.0, "rain_rate_mmh": 0.0}