{"ts": 1779518582152, "temp_c": 24.27777777777778, "hum_pct": 50.0, "dew_c": 13.222222222222221, "wind_kmh": 2.0921472000000003, "gust_kmh": 3.5405568000000005, "wind_dir": "178", "rain_day_mm": 0.0, "rain_rate_mmh": 0.0}