{"ts": 1773559951212, "temp_c": 9.222222222222221, "hum_pct": 50.0, "dew_c": -0.6666666666666663, "wind_kmh": 18.346521600000003, "gust_kmh": 33.796224, "wind_dir": "306", "rain_day_mm": 0.0, "rain_rate_mmh": 0.0}