{"ts": 1781427245992, "temp_c": 31.88888888888889, "hum_pct": 28.0, "dew_c": 11.166666666666666, "wind_kmh": 4.6670976, "gust_kmh": 5.793638400000001, "wind_dir": "152", "rain_day_mm": 0.0, "rain_rate_mmh": 0.0}