{"ts": 1779026053008, "temp_c": 21.77777777777778, "hum_pct": 41.0, "dew_c": 8.0, "wind_kmh": 10.782604800000001, "gust_kmh": 21.2433408, "wind_dir": "177", "rain_day_mm": 0.0, "rain_rate_mmh": 0.0}