{"ts": 1771401657848, "temp_c": 8.777777777777777, "hum_pct": 82.0, "dew_c": 5.888888888888889, "wind_kmh": 0.0, "gust_kmh": 4.345228800000001, "wind_dir": "266", "rain_day_mm": 0.0, "rain_rate_mmh": 0.0}