{"ts": 1780842654284, "temp_c": 27.38888888888889, "hum_pct": 51.0, "dew_c": 16.38888888888889, "wind_kmh": 9.0123264, "gust_kmh": 16.576243200000004, "wind_dir": "159", "rain_day_mm": 0.0, "rain_rate_mmh": 0.0}