{"ts": 1774561407528, "temp_c": 10.388888888888891, "hum_pct": 39.0, "dew_c": -2.9444444444444446, "wind_kmh": 2.0921472000000003, "gust_kmh": 6.1155072, "wind_dir": "152", "rain_day_mm": 0.0, "rain_rate_mmh": 0.0}