{"ts": 1771141660964, "temp_c": 10.999999999999998, "hum_pct": 43.0, "dew_c": -1.1111111111111112, "wind_kmh": 15.771571200000002, "gust_kmh": 39.911731200000006, "wind_dir": "339", "rain_day_mm": 0.0, "rain_rate_mmh": 0.0}