{"ts": 1777850694451, "temp_c": 13.61111111111111, "hum_pct": 84.0, "dew_c": 10.944444444444446, "wind_kmh": 2.0921472000000003, "gust_kmh": 2.5749504000000005, "wind_dir": "200", "rain_day_mm": 0.0, "rain_rate_mmh": 0.0}