{"ts": 1777234022907, "temp_c": 16.27777777777778, "hum_pct": 72.0, "dew_c": 11.222222222222223, "wind_kmh": 2.5749504000000005, "gust_kmh": 2.8968192000000004, "wind_dir": "274", "rain_day_mm": 0.0, "rain_rate_mmh": 0.0}