{"ts": 1774354066041, "temp_c": 20.38888888888889, "hum_pct": 42.0, "dew_c": 7.055555555555557, "wind_kmh": 11.104473600000002, "gust_kmh": 12.2310144, "wind_dir": "153", "rain_day_mm": 0.0, "rain_rate_mmh": 0.0}