{"ts": 1773204702184, "temp_c": 4.500000000000001, "hum_pct": 97.0, "dew_c": 4.055555555555554, "wind_kmh": 1.7702784000000003, "gust_kmh": 4.02336, "wind_dir": "201", "rain_day_mm": 0.0, "rain_rate_mmh": 0.0}