{"ts": 1776502975579, "temp_c": 24.72222222222222, "hum_pct": 44.0, "dew_c": 11.666666666666666, "wind_kmh": 7.563916800000001, "gust_kmh": 8.2076544, "wind_dir": "157", "rain_day_mm": 0.0, "rain_rate_mmh": 0.0}