{"ts": 1772780694800, "temp_c": 12.222222222222221, "hum_pct": 87.0, "dew_c": 10.111111111111112, "wind_kmh": 1.7702784000000003, "gust_kmh": 8.690457600000002, "wind_dir": "140", "rain_day_mm": 0.7619999999999999, "rain_rate_mmh": 0.0}