{"ts": 1772830001724, "temp_c": 10.999999999999998, "hum_pct": 88.0, "dew_c": 9.11111111111111, "wind_kmh": 4.6670976, "gust_kmh": 7.885785600000001, "wind_dir": "161", "rain_day_mm": 14.477999999999998, "rain_rate_mmh": 0.508}