{"ts": 1778269330887, "temp_c": 15.5, "hum_pct": 79.0, "dew_c": 11.88888888888889, "wind_kmh": 7.2420480000000005, "gust_kmh": 11.909145600000002, "wind_dir": "186", "rain_day_mm": 0.0, "rain_rate_mmh": 0.0}