{"ts": 1777983058286, "temp_c": 23.22222222222222, "hum_pct": 45.0, "dew_c": 10.61111111111111, "wind_kmh": 6.759244800000001, "gust_kmh": 7.2420480000000005, "wind_dir": "218", "rain_day_mm": 0.254, "rain_rate_mmh": 0.0}