{"ts": 1775375967976, "temp_c": 19.388888888888893, "hum_pct": 49.0, "dew_c": 8.444444444444446, "wind_kmh": 3.218688, "gust_kmh": 5.4717696, "wind_dir": "163", "rain_day_mm": 0.0, "rain_rate_mmh": 0.0}