{"ts": 1777807402264, "temp_c": 19.222222222222218, "hum_pct": 69.0, "dew_c": 13.38888888888889, "wind_kmh": 14.0012928, "gust_kmh": 16.898112, "wind_dir": "182", "rain_day_mm": 0.0, "rain_rate_mmh": 0.0}