{"ts": 1779533924524, "temp_c": 27.5, "hum_pct": 40.0, "dew_c": 12.722222222222221, "wind_kmh": 13.0356864, "gust_kmh": 17.702784, "wind_dir": "159", "rain_day_mm": 0.0, "rain_rate_mmh": 0.0}