{"ts": 1772379311906, "temp_c": 16.22222222222222, "hum_pct": 57.0, "dew_c": 7.666666666666665, "wind_kmh": 15.771571200000002, "gust_kmh": 20.1168, "wind_dir": "215", "rain_day_mm": 0.254, "rain_rate_mmh": 0.0}