{"ts": 1781119039884, "temp_c": 19.61111111111111, "hum_pct": 77.0, "dew_c": 15.444444444444445, "wind_kmh": 10.460736, "gust_kmh": 16.898112, "wind_dir": "180", "rain_day_mm": 1.5239999999999998, "rain_rate_mmh": 0.0}