{"ts": 1777339148493, "temp_c": 9.5, "hum_pct": 73.0, "dew_c": 4.8888888888888875, "wind_kmh": 2.8968192000000004, "gust_kmh": 4.345228800000001, "wind_dir": "293", "rain_day_mm": 0.0, "rain_rate_mmh": 0.0}