{"ts": 1779537896846, "temp_c": 28.111111111111107, "hum_pct": 38.0, "dew_c": 12.444444444444445, "wind_kmh": 13.679424000000001, "gust_kmh": 22.6917504, "wind_dir": "188", "rain_day_mm": 0.0, "rain_rate_mmh": 0.0}