{"ts": 1782908161659, "temp_c": 33.111111111111114, "hum_pct": 31.0, "dew_c": 13.722222222222223, "wind_kmh": 8.690457600000002, "gust_kmh": 18.6683904, "wind_dir": "18", "rain_day_mm": 0.0, "rain_rate_mmh": 0.0}