{"ts": 1777088563171, "temp_c": 9.222222222222221, "hum_pct": 83.0, "dew_c": 6.4444444444444455, "wind_kmh": 1.7702784000000003, "gust_kmh": 3.218688, "wind_dir": "250", "rain_day_mm": 0.0, "rain_rate_mmh": 0.0}