{"ts": 1773259319372, "temp_c": 12.388888888888888, "hum_pct": 69.0, "dew_c": 6.888888888888888, "wind_kmh": 0.0, "gust_kmh": 4.988966400000001, "wind_dir": "144", "rain_day_mm": 0.0, "rain_rate_mmh": 0.0}