{"ts": 1770372594095, "temp_c": 19.61111111111111, "hum_pct": 41.0, "dew_c": 5.999999999999998, "wind_kmh": 1.7702784000000003, "gust_kmh": 6.437376, "wind_dir": "206", "rain_day_mm": 0.0, "rain_rate_mmh": 0.0}