{"ts": 1771091638245, "temp_c": 13.777777777777777, "hum_pct": 42.0, "dew_c": 1.1111111111111112, "wind_kmh": 13.679424000000001, "gust_kmh": 22.369881600000003, "wind_dir": "314", "rain_day_mm": 0.0, "rain_rate_mmh": 0.0}