{"ts": 1769930835153, "temp_c": 7.3888888888888875, "hum_pct": 68.0, "dew_c": 1.8888888888888882, "wind_kmh": 2.8968192000000004, "gust_kmh": 15.4497024, "wind_dir": "310", "rain_day_mm": null, "rain_rate_mmh": null}