{"ts": 1776978187135, "temp_c": 15.0, "hum_pct": 67.0, "dew_c": 8.944444444444445, "wind_kmh": 6.1155072, "gust_kmh": 6.1155072, "wind_dir": "167", "rain_day_mm": 0.0, "rain_rate_mmh": 0.0}