{"ts": 1770199503769, "temp_c": 11.38888888888889, "hum_pct": 72.0, "dew_c": 6.555555555555554, "wind_kmh": 4.6670976, "gust_kmh": 14.0012928, "wind_dir": "190", "rain_day_mm": 1.016, "rain_rate_mmh": 0.0}