{"ts": 1778283197256, "temp_c": 14.38888888888889, "hum_pct": 85.0, "dew_c": 11.88888888888889, "wind_kmh": 2.0921472000000003, "gust_kmh": 3.218688, "wind_dir": "274", "rain_day_mm": 0.0, "rain_rate_mmh": 0.0}