{"ts": 1774777812501, "temp_c": 12.777777777777779, "hum_pct": 23.0, "dew_c": -7.833333333333333, "wind_kmh": 29.933798400000004, "gust_kmh": 46.831910400000005, "wind_dir": "353", "rain_day_mm": 0.0, "rain_rate_mmh": 0.0}