{"ts": 1775987805287, "temp_c": 12.5, "hum_pct": 65.0, "dew_c": 6.111111111111111, "wind_kmh": 20.1168, "gust_kmh": 38.1414528, "wind_dir": "331", "rain_day_mm": 0.0, "rain_rate_mmh": 0.0}