{"ts": 1778094713931, "temp_c": 15.88888888888889, "hum_pct": 72.0, "dew_c": 10.88888888888889, "wind_kmh": 9.0123264, "gust_kmh": 11.909145600000002, "wind_dir": "180", "rain_day_mm": 0.0, "rain_rate_mmh": 0.0}