{"ts": 1783743964711, "temp_c": 19.27777777777778, "hum_pct": 71.0, "dew_c": 13.88888888888889, "wind_kmh": 0.0, "gust_kmh": 0.0, "wind_dir": "214", "rain_day_mm": 0.0, "rain_rate_mmh": 0.0}