{"ts": 1779571934984, "temp_c": 18.388888888888886, "hum_pct": 80.0, "dew_c": 14.88888888888889, "wind_kmh": 0.0, "gust_kmh": 2.0921472000000003, "wind_dir": "277", "rain_day_mm": 0.0, "rain_rate_mmh": 0.0}