{"ts": 1784635110512, "temp_c": 33.5, "hum_pct": 49.0, "dew_c": 21.333333333333336, "wind_kmh": 16.576243200000004, "gust_kmh": 18.6683904, "wind_dir": "182", "rain_day_mm": 0.0, "rain_rate_mmh": 0.0}