{"ts": 1771945983409, "temp_c": 21.5, "hum_pct": 44.0, "dew_c": 8.722222222222223, "wind_kmh": 8.2076544, "gust_kmh": 13.679424000000001, "wind_dir": "188", "rain_day_mm": 0.254, "rain_rate_mmh": 0.0}