{"ts": 1776251608863, "temp_c": 21.27777777777778, "hum_pct": 50.0, "dew_c": 10.444444444444443, "wind_kmh": 7.885785600000001, "gust_kmh": 22.0480128, "wind_dir": "219", "rain_day_mm": 0.0, "rain_rate_mmh": 0.0}