{"ts": 1769941188674, "temp_c": 10.5, "hum_pct": 60.0, "dew_c": 3.0555555555555554, "wind_kmh": 4.02336, "gust_kmh": 6.759244800000001, "wind_dir": "249", "rain_day_mm": null, "rain_rate_mmh": null}