{"ts": 1773932555393, "temp_c": 13.38888888888889, "hum_pct": 61.0, "dew_c": 6.0555555555555545, "wind_kmh": 3.5405568000000005, "gust_kmh": 13.0356864, "wind_dir": "170", "rain_day_mm": 0.0, "rain_rate_mmh": 0.0}