{"ts": 1774205612608, "temp_c": 11.88888888888889, "hum_pct": 78.0, "dew_c": 8.166666666666668, "wind_kmh": 7.2420480000000005, "gust_kmh": 10.782604800000001, "wind_dir": "152", "rain_day_mm": 0.0, "rain_rate_mmh": 0.0}