{"ts": 1779137630408, "temp_c": 16.5, "hum_pct": 86.0, "dew_c": 14.166666666666666, "wind_kmh": 5.793638400000001, "gust_kmh": 8.690457600000002, "wind_dir": "190", "rain_day_mm": 29.209999999999997, "rain_rate_mmh": 0.0}