{"ts": 1771012387921, "temp_c": 10.722222222222221, "hum_pct": 73.0, "dew_c": 6.0555555555555545, "wind_kmh": 4.345228800000001, "gust_kmh": 20.1168, "wind_dir": "347", "rain_day_mm": 22.352, "rain_rate_mmh": 0.0}