{"ts": 1774507656235, "temp_c": 9.888888888888888, "hum_pct": 48.0, "dew_c": -0.6111111111111119, "wind_kmh": 2.8968192000000004, "gust_kmh": 4.988966400000001, "wind_dir": "301", "rain_day_mm": 0.0, "rain_rate_mmh": 0.0}