{"ts": 1783760181543, "temp_c": 30.77777777777778, "hum_pct": 49.0, "dew_c": 18.88888888888889, "wind_kmh": 3.5405568000000005, "gust_kmh": 9.656064, "wind_dir": "149", "rain_day_mm": 0.0, "rain_rate_mmh": 0.0}