{"ts": 1771845019121, "temp_c": 20.222222222222225, "hum_pct": 43.0, "dew_c": 7.222222222222222, "wind_kmh": 6.437376, "gust_kmh": 9.656064, "wind_dir": "271", "rain_day_mm": 0.0, "rain_rate_mmh": 0.0}