{"ts": 1783210216146, "temp_c": 21.38888888888889, "hum_pct": 79.0, "dew_c": 17.61111111111111, "wind_kmh": 0.0, "gust_kmh": 2.0921472000000003, "wind_dir": "239", "rain_day_mm": 0.0, "rain_rate_mmh": 0.0}