{"ts": 1772806110991, "temp_c": 14.722222222222221, "hum_pct": 82.0, "dew_c": 11.666666666666666, "wind_kmh": 11.909145600000002, "gust_kmh": 20.599603200000004, "wind_dir": "132", "rain_day_mm": 10.921999999999999, "rain_rate_mmh": 0.0}