{"ts": 1784433029678, "temp_c": 22.277777777777775, "hum_pct": 83.0, "dew_c": 19.27777777777778, "wind_kmh": 1.7702784000000003, "gust_kmh": 2.5749504000000005, "wind_dir": "233", "rain_day_mm": 0.0, "rain_rate_mmh": 0.0}