{"ts": 1773441831341, "temp_c": 11.61111111111111, "hum_pct": 95.0, "dew_c": 10.833333333333334, "wind_kmh": 0.0, "gust_kmh": 4.6670976, "wind_dir": "278", "rain_day_mm": 0.0, "rain_rate_mmh": 0.0}