{"ts": 1774881794039, "temp_c": 22.277777777777775, "hum_pct": 28.0, "dew_c": 2.944444444444443, "wind_kmh": 3.5405568000000005, "gust_kmh": 13.679424000000001, "wind_dir": "319", "rain_day_mm": 0.0, "rain_rate_mmh": 0.0}