{"ts": 1778220380941, "temp_c": 12.777777777777779, "hum_pct": 77.0, "dew_c": 8.88888888888889, "wind_kmh": 2.0921472000000003, "gust_kmh": 3.5405568000000005, "wind_dir": "200", "rain_day_mm": 0.0, "rain_rate_mmh": 0.0}