{"ts": 1783955230927, "temp_c": 34.22222222222222, "hum_pct": 50.0, "dew_c": 22.277777777777775, "wind_kmh": 12.5528832, "gust_kmh": 16.2543744, "wind_dir": "166", "rain_day_mm": 0.0, "rain_rate_mmh": 0.0}