{"ts": 1778533451620, "temp_c": 15.5, "hum_pct": 74.0, "dew_c": 10.88888888888889, "wind_kmh": 2.8968192000000004, "gust_kmh": 3.5405568000000005, "wind_dir": "294", "rain_day_mm": 0.0, "rain_rate_mmh": 0.0}