{"ts": 1783891693247, "temp_c": 24.222222222222218, "hum_pct": 66.0, "dew_c": 17.444444444444443, "wind_kmh": 0.0, "gust_kmh": 0.0, "wind_dir": "224", "rain_day_mm": 0.0, "rain_rate_mmh": 0.0}