{"ts": 1784031611511, "temp_c": 30.5, "hum_pct": 64.0, "dew_c": 22.944444444444443, "wind_kmh": 7.885785600000001, "gust_kmh": 7.885785600000001, "wind_dir": "172", "rain_day_mm": 0.0, "rain_rate_mmh": 0.0}