{"ts": 1784387397281, "temp_c": 33.111111111111114, "hum_pct": 44.0, "dew_c": 19.222222222222218, "wind_kmh": 5.4717696, "gust_kmh": 11.587276800000001, "wind_dir": "187", "rain_day_mm": 0.0, "rain_rate_mmh": 0.0}