{"ts": 1778939715188, "temp_c": 23.388888888888886, "hum_pct": 27.0, "dew_c": 3.3333333333333335, "wind_kmh": 4.345228800000001, "gust_kmh": 7.563916800000001, "wind_dir": "221", "rain_day_mm": 0.0, "rain_rate_mmh": 0.0}