{"ts": 1779443237762, "temp_c": 28.61111111111111, "hum_pct": 35.0, "dew_c": 11.666666666666666, "wind_kmh": 3.218688, "gust_kmh": 7.563916800000001, "wind_dir": "127", "rain_day_mm": 0.0, "rain_rate_mmh": 0.0}