{"ts": 1773399229645, "temp_c": 18.277777777777782, "hum_pct": 58.0, "dew_c": 9.888888888888888, "wind_kmh": 10.1388672, "gust_kmh": 14.323161600000002, "wind_dir": "220", "rain_day_mm": 0.0, "rain_rate_mmh": 0.0}