{"ts": 1775039838325, "temp_c": 18.77777777777778, "hum_pct": 33.0, "dew_c": 2.2222222222222223, "wind_kmh": 16.898112, "gust_kmh": 40.394534400000005, "wind_dir": "340", "rain_day_mm": 0.0, "rain_rate_mmh": 0.0}