{"ts": 1775163101019, "temp_c": 14.000000000000002, "hum_pct": 35.0, "dew_c": -1.2222222222222219, "wind_kmh": 5.4717696, "gust_kmh": 7.2420480000000005, "wind_dir": "116", "rain_day_mm": 0.0, "rain_rate_mmh": 0.0}