{"ts": 1778212202728, "temp_c": 7.5, "hum_pct": 91.0, "dew_c": 6.111111111111111, "wind_kmh": 2.0921472000000003, "gust_kmh": 3.218688, "wind_dir": "325", "rain_day_mm": 0.0, "rain_rate_mmh": 0.0}