{"ts": 1773325868856, "temp_c": 19.88888888888889, "hum_pct": 47.0, "dew_c": 8.277777777777779, "wind_kmh": 6.1155072, "gust_kmh": 12.2310144, "wind_dir": "309", "rain_day_mm": 0.0, "rain_rate_mmh": 0.0}