{"ts": 1774709391951, "temp_c": 21.0, "hum_pct": 30.0, "dew_c": 2.7777777777777777, "wind_kmh": 13.357555200000002, "gust_kmh": 19.4730624, "wind_dir": "322", "rain_day_mm": 0.0, "rain_rate_mmh": 0.0}