{"ts": 1777361945513, "temp_c": 24.72222222222222, "hum_pct": 33.0, "dew_c": 7.3888888888888875, "wind_kmh": 2.8968192000000004, "gust_kmh": 3.5405568000000005, "wind_dir": "188", "rain_day_mm": 0.0, "rain_rate_mmh": 0.0}