{"ts": 1779972135578, "temp_c": 33.0, "hum_pct": 34.0, "dew_c": 15.055555555555555, "wind_kmh": 23.335488, "gust_kmh": 24.783897600000003, "wind_dir": "187", "rain_day_mm": 0.0, "rain_rate_mmh": 0.0}