{"ts": 1771282979869, "temp_c": 15.722222222222221, "hum_pct": 50.0, "dew_c": 5.333333333333334, "wind_kmh": 5.793638400000001, "gust_kmh": 22.6917504, "wind_dir": "314", "rain_day_mm": 0.0, "rain_rate_mmh": 0.0}