{"ts": 1774966411408, "temp_c": 21.11111111111111, "hum_pct": 41.0, "dew_c": 7.333333333333335, "wind_kmh": 19.794931200000004, "gust_kmh": 21.2433408, "wind_dir": "162", "rain_day_mm": 0.0, "rain_rate_mmh": 0.0}