{"ts": 1775360078501, "temp_c": 6.888888888888888, "hum_pct": 80.0, "dew_c": 3.6666666666666674, "wind_kmh": 1.7702784000000003, "gust_kmh": 3.5405568000000005, "wind_dir": "254", "rain_day_mm": 0.0, "rain_rate_mmh": 0.0}