{"ts": 1774253195528, "temp_c": 12.611111111111112, "hum_pct": 69.0, "dew_c": 7.055555555555557, "wind_kmh": 7.563916800000001, "gust_kmh": 13.357555200000002, "wind_dir": "210", "rain_day_mm": 0.0, "rain_rate_mmh": 0.0}