{"ts": 1777161116174, "temp_c": 11.222222222222223, "hum_pct": 81.0, "dew_c": 8.055555555555555, "wind_kmh": 0.0, "gust_kmh": 3.218688, "wind_dir": "219", "rain_day_mm": 0.0, "rain_rate_mmh": 0.0}