{"ts": 1778627676791, "temp_c": 15.11111111111111, "hum_pct": 72.0, "dew_c": 10.111111111111112, "wind_kmh": 7.2420480000000005, "gust_kmh": 7.563916800000001, "wind_dir": "136", "rain_day_mm": 0.0, "rain_rate_mmh": 0.0}