{"ts": 1773607458283, "temp_c": 12.611111111111112, "hum_pct": 28.0, "dew_c": -5.444444444444445, "wind_kmh": 1.7702784000000003, "gust_kmh": 7.885785600000001, "wind_dir": "243", "rain_day_mm": 0.0, "rain_rate_mmh": 0.0}