{"ts": 1781474042279, "temp_c": 19.499999999999996, "hum_pct": 61.0, "dew_c": 11.777777777777779, "wind_kmh": 1.7702784000000003, "gust_kmh": 2.5749504000000005, "wind_dir": "310", "rain_day_mm": 0.0, "rain_rate_mmh": 0.0}