{"ts": 1778317316952, "temp_c": 18.277777777777782, "hum_pct": 70.0, "dew_c": 12.722222222222221, "wind_kmh": 4.6670976, "gust_kmh": 11.909145600000002, "wind_dir": "171", "rain_day_mm": 0.0, "rain_rate_mmh": 0.0}