{"ts": 1771196299764, "temp_c": 14.11111111111111, "hum_pct": 52.0, "dew_c": 4.388888888888888, "wind_kmh": 16.898112, "gust_kmh": 19.4730624, "wind_dir": "316", "rain_day_mm": 0.0, "rain_rate_mmh": 0.0}