{"ts": 1780149618033, "temp_c": 30.38888888888889, "hum_pct": 42.0, "dew_c": 16.055555555555557, "wind_kmh": 13.0356864, "gust_kmh": 24.14016, "wind_dir": "142", "rain_day_mm": 0.0, "rain_rate_mmh": 0.0}