{"ts": 1772494676179, "temp_c": 9.000000000000002, "hum_pct": 92.0, "dew_c": 7.777777777777778, "wind_kmh": 2.0921472000000003, "gust_kmh": 3.218688, "wind_dir": "237", "rain_day_mm": 0.0, "rain_rate_mmh": 0.0}