{"ts": 1782822105899, "temp_c": 35.888888888888886, "hum_pct": 31.0, "dew_c": 16.11111111111111, "wind_kmh": 3.5405568000000005, "gust_kmh": 14.8059648, "wind_dir": "179", "rain_day_mm": 0.0, "rain_rate_mmh": 0.0}