{"ts": 1775487830433, "temp_c": 22.88888888888889, "hum_pct": 30.0, "dew_c": 4.444444444444445, "wind_kmh": 10.460736, "gust_kmh": 15.4497024, "wind_dir": "193", "rain_day_mm": 0.0, "rain_rate_mmh": 0.0}