{"ts": 1776165392288, "temp_c": 18.77777777777778, "hum_pct": 29.0, "dew_c": 0.38888888888889045, "wind_kmh": 7.2420480000000005, "gust_kmh": 21.2433408, "wind_dir": "313", "rain_day_mm": 0.0, "rain_rate_mmh": 0.0}