{"ts": 1771358611252, "temp_c": 14.277777777777779, "hum_pct": 57.0, "dew_c": 5.888888888888889, "wind_kmh": 3.218688, "gust_kmh": 6.1155072, "wind_dir": "179", "rain_day_mm": 0.0, "rain_rate_mmh": 0.0}