{"ts": 1770397730662, "temp_c": 13.11111111111111, "hum_pct": 65.0, "dew_c": 6.666666666666667, "wind_kmh": 0.0, "gust_kmh": 2.0921472000000003, "wind_dir": "250", "rain_day_mm": 0.0, "rain_rate_mmh": 0.0}