{"ts": 1777489044930, "temp_c": 18.111111111111107, "hum_pct": 55.0, "dew_c": 8.944444444444445, "wind_kmh": 5.4717696, "gust_kmh": 6.759244800000001, "wind_dir": "229", "rain_day_mm": 0.254, "rain_rate_mmh": 0.0}