{"ts": 1773140239516, "temp_c": 14.222222222222221, "hum_pct": 68.0, "dew_c": 8.38888888888889, "wind_kmh": 12.2310144, "gust_kmh": 13.357555200000002, "wind_dir": "182", "rain_day_mm": 0.0, "rain_rate_mmh": 0.0}