{"ts": 1775922446844, "temp_c": 24.111111111111114, "hum_pct": 29.0, "dew_c": 4.944444444444444, "wind_kmh": 3.218688, "gust_kmh": 7.885785600000001, "wind_dir": "168", "rain_day_mm": 0.0, "rain_rate_mmh": 0.0}