{"ts": 1770047123856, "temp_c": 11.222222222222223, "hum_pct": 90.0, "dew_c": 9.611111111111109, "wind_kmh": 3.5405568000000005, "gust_kmh": 6.437376, "wind_dir": "171", "rain_day_mm": 1.016, "rain_rate_mmh": 0.0}