{"ts": 1778457829394, "temp_c": 14.277777777777779, "hum_pct": 79.0, "dew_c": 10.722222222222221, "wind_kmh": 2.8968192000000004, "gust_kmh": 5.4717696, "wind_dir": "247", "rain_day_mm": 0.0, "rain_rate_mmh": 0.0}