{"ts": 1772630399491, "temp_c": 18.000000000000004, "hum_pct": 60.0, "dew_c": 10.111111111111112, "wind_kmh": 7.563916800000001, "gust_kmh": 16.576243200000004, "wind_dir": "110", "rain_day_mm": 0.0, "rain_rate_mmh": 0.0}