{"ts": 1774439684771, "temp_c": 20.27777777777778, "hum_pct": 47.0, "dew_c": 8.61111111111111, "wind_kmh": 10.1388672, "gust_kmh": 13.357555200000002, "wind_dir": "203", "rain_day_mm": 0.0, "rain_rate_mmh": 0.0}