{"ts": 1775746709951, "temp_c": 26.11111111111111, "hum_pct": 35.0, "dew_c": 9.444444444444445, "wind_kmh": 15.4497024, "gust_kmh": 22.0480128, "wind_dir": "178", "rain_day_mm": 0.0, "rain_rate_mmh": 0.0}