{"ts": 1779002586219, "temp_c": 17.11111111111111, "hum_pct": 55.0, "dew_c": 8.0, "wind_kmh": 2.0921472000000003, "gust_kmh": 10.460736, "wind_dir": "259", "rain_day_mm": 0.0, "rain_rate_mmh": 0.0}