{"ts": 1774294323008, "temp_c": 11.277777777777777, "hum_pct": 76.0, "dew_c": 7.222222222222222, "wind_kmh": 8.2076544, "gust_kmh": 8.690457600000002, "wind_dir": "187", "rain_day_mm": 0.0, "rain_rate_mmh": 0.0}