{"ts": 1775618949438, "temp_c": 8.38888888888889, "hum_pct": 64.0, "dew_c": 2.000000000000001, "wind_kmh": 2.5749504000000005, "gust_kmh": 4.02336, "wind_dir": "297", "rain_day_mm": 0.0, "rain_rate_mmh": 0.0}