{"ts": 1781903898955, "temp_c": 23.111111111111107, "hum_pct": 67.0, "dew_c": 16.666666666666668, "wind_kmh": 3.218688, "gust_kmh": 7.2420480000000005, "wind_dir": "168", "rain_day_mm": 0.254, "rain_rate_mmh": 0.0}