{"ts": 1772901661030, "temp_c": 9.277777777777779, "hum_pct": 93.0, "dew_c": 8.222222222222221, "wind_kmh": 3.218688, "gust_kmh": 4.988966400000001, "wind_dir": "225", "rain_day_mm": 18.287999999999997, "rain_rate_mmh": 1.27}