{"ts": 1783501901432, "temp_c": 35.77777777777778, "hum_pct": 36.0, "dew_c": 18.388888888888886, "wind_kmh": 4.988966400000001, "gust_kmh": 6.437376, "wind_dir": "181", "rain_day_mm": 0.0, "rain_rate_mmh": 0.0}