{"ts": 1782314460884, "temp_c": 34.111111111111114, "hum_pct": 37.0, "dew_c": 17.333333333333332, "wind_kmh": 10.460736, "gust_kmh": 17.702784, "wind_dir": "173", "rain_day_mm": 0.0, "rain_rate_mmh": 0.0}