{"ts": 1770422084960, "temp_c": 9.11111111111111, "hum_pct": 75.0, "dew_c": 4.8888888888888875, "wind_kmh": 5.793638400000001, "gust_kmh": 9.0123264, "wind_dir": "326", "rain_day_mm": 0.0, "rain_rate_mmh": 0.0}