{"ts": 1783380030004, "temp_c": 21.5, "hum_pct": 63.0, "dew_c": 14.166666666666666, "wind_kmh": 0.0, "gust_kmh": 1.7702784000000003, "wind_dir": "234", "rain_day_mm": 0.0, "rain_rate_mmh": 0.0}