{"ts": 1778443362808, "temp_c": 16.27777777777778, "hum_pct": 77.0, "dew_c": 12.277777777777779, "wind_kmh": 4.6670976, "gust_kmh": 17.2199808, "wind_dir": "290", "rain_day_mm": 0.508, "rain_rate_mmh": 0.508}