{"ts": 1769946024233, "temp_c": 11.277777777777777, "hum_pct": 59.0, "dew_c": 3.611111111111111, "wind_kmh": 4.988966400000001, "gust_kmh": 10.782604800000001, "wind_dir": "10", "rain_day_mm": null, "rain_rate_mmh": null}