{"ts": 1779544829845, "temp_c": 28.72222222222222, "hum_pct": 38.0, "dew_c": 13.0, "wind_kmh": 11.104473600000002, "gust_kmh": 19.4730624, "wind_dir": "206", "rain_day_mm": 0.0, "rain_rate_mmh": 0.0}