{"ts": 1770476247361, "temp_c": 15.0, "hum_pct": 41.0, "dew_c": 1.8888888888888882, "wind_kmh": 9.3341952, "gust_kmh": 21.2433408, "wind_dir": "275", "rain_day_mm": 0.0, "rain_rate_mmh": 0.0}