{"ts": 1774598646952, "temp_c": 14.11111111111111, "hum_pct": 38.0, "dew_c": 0.0, "wind_kmh": 7.563916800000001, "gust_kmh": 9.3341952, "wind_dir": "194", "rain_day_mm": 0.0, "rain_rate_mmh": 0.0}