{"ts": 1776531468094, "temp_c": 22.77777777777778, "hum_pct": 37.0, "dew_c": 7.3888888888888875, "wind_kmh": 14.0012928, "gust_kmh": 14.323161600000002, "wind_dir": "187", "rain_day_mm": 0.0, "rain_rate_mmh": 0.0}