{"ts": 1774534289154, "temp_c": 19.222222222222218, "hum_pct": 29.0, "dew_c": 0.7222222222222207, "wind_kmh": 9.3341952, "gust_kmh": 19.4730624, "wind_dir": "293", "rain_day_mm": 0.0, "rain_rate_mmh": 0.0}