{"ts": 1774594082390, "temp_c": 9.5, "hum_pct": 49.0, "dew_c": -0.6666666666666663, "wind_kmh": 0.0, "gust_kmh": 5.793638400000001, "wind_dir": "201", "rain_day_mm": 0.0, "rain_rate_mmh": 0.0}