{"ts": 1776007222723, "temp_c": 11.88888888888889, "hum_pct": 76.0, "dew_c": 7.833333333333333, "wind_kmh": 16.576243200000004, "gust_kmh": 32.0259456, "wind_dir": "317", "rain_day_mm": 1.016, "rain_rate_mmh": 0.508}