{"ts": 1778922839183, "temp_c": 17.22222222222222, "hum_pct": 42.0, "dew_c": 4.166666666666667, "wind_kmh": 7.885785600000001, "gust_kmh": 29.450995200000005, "wind_dir": "304", "rain_day_mm": 0.0, "rain_rate_mmh": 0.0}