{"ts": 1775242961589, "temp_c": 15.38888888888889, "hum_pct": 56.0, "dew_c": 6.666666666666667, "wind_kmh": 6.437376, "gust_kmh": 14.323161600000002, "wind_dir": "193", "rain_day_mm": 0.0, "rain_rate_mmh": 0.0}