{"ts": 1777831178889, "temp_c": 15.777777777777779, "hum_pct": 76.0, "dew_c": 11.555555555555554, "wind_kmh": 7.885785600000001, "gust_kmh": 10.782604800000001, "wind_dir": "181", "rain_day_mm": 0.0, "rain_rate_mmh": 0.0}