{"ts": 1772755569391, "temp_c": 12.722222222222221, "hum_pct": 92.0, "dew_c": 11.444444444444445, "wind_kmh": 3.5405568000000005, "gust_kmh": 9.0123264, "wind_dir": "213", "rain_day_mm": 0.0, "rain_rate_mmh": 0.0}