{"ts": 1777025412362, "temp_c": 22.11111111111111, "hum_pct": 51.0, "dew_c": 11.500000000000002, "wind_kmh": 12.5528832, "gust_kmh": 14.8059648, "wind_dir": "172", "rain_day_mm": 0.0, "rain_rate_mmh": 0.0}