{"ts": 1775422118091, "temp_c": 12.888888888888891, "hum_pct": 79.0, "dew_c": 9.333333333333332, "wind_kmh": 0.0, "gust_kmh": 4.02336, "wind_dir": "244", "rain_day_mm": 0.0, "rain_rate_mmh": 0.0}