{"ts": 1777550629354, "temp_c": 24.222222222222218, "hum_pct": 52.0, "dew_c": 13.722222222222223, "wind_kmh": 9.0123264, "gust_kmh": 17.702784, "wind_dir": "188", "rain_day_mm": 0.0, "rain_rate_mmh": 0.0}