{"ts": 1778907571592, "temp_c": 8.61111111111111, "hum_pct": 63.0, "dew_c": 1.9444444444444444, "wind_kmh": 0.0, "gust_kmh": 4.6670976, "wind_dir": "309", "rain_day_mm": 0.0, "rain_rate_mmh": 0.0}