{"ts": 1778746396048, "temp_c": 19.777777777777775, "hum_pct": 42.0, "dew_c": 6.555555555555554, "wind_kmh": 5.793638400000001, "gust_kmh": 28.4853888, "wind_dir": "339", "rain_day_mm": 0.0, "rain_rate_mmh": 0.0}