{"ts": 1775217839772, "temp_c": 21.27777777777778, "hum_pct": 29.0, "dew_c": 2.5555555555555562, "wind_kmh": 10.1388672, "gust_kmh": 13.0356864, "wind_dir": "6", "rain_day_mm": 0.0, "rain_rate_mmh": 0.0}