{"ts": 1776694899382, "temp_c": 25.222222222222225, "hum_pct": 45.0, "dew_c": 12.444444444444445, "wind_kmh": 13.357555200000002, "gust_kmh": 14.323161600000002, "wind_dir": "186", "rain_day_mm": 0.0, "rain_rate_mmh": 0.0}