{"ts": 1773152856697, "temp_c": 15.61111111111111, "hum_pct": 63.0, "dew_c": 8.61111111111111, "wind_kmh": 2.0921472000000003, "gust_kmh": 10.460736, "wind_dir": "169", "rain_day_mm": 0.0, "rain_rate_mmh": 0.0}