{"ts": 1769931490828, "temp_c": 7.777777777777778, "hum_pct": 67.0, "dew_c": 2.055555555555557, "wind_kmh": 16.2543744, "gust_kmh": 19.794931200000004, "wind_dir": "316", "rain_day_mm": null, "rain_rate_mmh": null}