{"ts": 1772082819835, "temp_c": 3.7222222222222237, "hum_pct": 91.0, "dew_c": 2.3888888888888875, "wind_kmh": 1.7702784000000003, "gust_kmh": 3.5405568000000005, "wind_dir": "192", "rain_day_mm": 0.0, "rain_rate_mmh": 0.0}