{"ts": 1772202497335, "temp_c": 17.11111111111111, "hum_pct": 61.0, "dew_c": 9.5, "wind_kmh": 9.0123264, "gust_kmh": 16.2543744, "wind_dir": "186", "rain_day_mm": 0.0, "rain_rate_mmh": 0.0}