{"ts": 1779812922170, "temp_c": 29.5, "hum_pct": 33.0, "dew_c": 11.555555555555554, "wind_kmh": 11.587276800000001, "gust_kmh": 14.0012928, "wind_dir": "213", "rain_day_mm": 0.0, "rain_rate_mmh": 0.0}