{"ts": 1777244111193, "temp_c": 13.499999999999998, "hum_pct": 82.0, "dew_c": 10.5, "wind_kmh": 0.0, "gust_kmh": 3.218688, "wind_dir": "192", "rain_day_mm": 0.0, "rain_rate_mmh": 0.0}