{"ts": 1776751860828, "temp_c": 13.222222222222221, "hum_pct": 71.0, "dew_c": 8.055555555555555, "wind_kmh": 1.7702784000000003, "gust_kmh": 3.5405568000000005, "wind_dir": "308", "rain_day_mm": 0.0, "rain_rate_mmh": 0.0}