{"ts": 1783540204381, "temp_c": 28.5, "hum_pct": 49.0, "dew_c": 16.77777777777778, "wind_kmh": 0.0, "gust_kmh": 2.5749504000000005, "wind_dir": "311", "rain_day_mm": 0.0, "rain_rate_mmh": 0.0}