{"ts": 1773659348210, "temp_c": 16.22222222222222, "hum_pct": 42.0, "dew_c": 3.277777777777777, "wind_kmh": 14.8059648, "gust_kmh": 26.715110400000004, "wind_dir": "0", "rain_day_mm": 0.0, "rain_rate_mmh": 0.0}