{"ts": 1771351873006, "temp_c": 16.27777777777778, "hum_pct": 50.0, "dew_c": 5.888888888888889, "wind_kmh": 5.4717696, "gust_kmh": 6.437376, "wind_dir": "153", "rain_day_mm": 0.0, "rain_rate_mmh": 0.0}