{"ts": 1777729428552, "temp_c": 21.27777777777778, "hum_pct": 56.0, "dew_c": 12.166666666666666, "wind_kmh": 13.357555200000002, "gust_kmh": 20.599603200000004, "wind_dir": "178", "rain_day_mm": 2.794, "rain_rate_mmh": 0.0}