{"ts": 1776106044902, "temp_c": 15.722222222222221, "hum_pct": 41.0, "dew_c": 2.5, "wind_kmh": 6.437376, "gust_kmh": 7.563916800000001, "wind_dir": "302", "rain_day_mm": 4.064, "rain_rate_mmh": 0.0}