{"ts": 1782605527321, "temp_c": 21.22222222222222, "hum_pct": 77.0, "dew_c": 17.0, "wind_kmh": 2.0921472000000003, "gust_kmh": 2.5749504000000005, "wind_dir": "297", "rain_day_mm": 0.0, "rain_rate_mmh": 0.0}