{"ts": 1771098945562, "temp_c": 11.777777777777779, "hum_pct": 43.0, "dew_c": -0.3888888888888885, "wind_kmh": 26.232307200000005, "gust_kmh": 32.347814400000004, "wind_dir": "304", "rain_day_mm": 0.0, "rain_rate_mmh": 0.0}