{"ts": 1775851536479, "temp_c": 15.88888888888889, "hum_pct": 49.0, "dew_c": 5.222222222222221, "wind_kmh": 6.1155072, "gust_kmh": 6.1155072, "wind_dir": "305", "rain_day_mm": 0.0, "rain_rate_mmh": 0.0}