{"ts": 1773302718422, "temp_c": 14.777777777777779, "hum_pct": 66.0, "dew_c": 8.499999999999998, "wind_kmh": 2.5749504000000005, "gust_kmh": 3.5405568000000005, "wind_dir": "162", "rain_day_mm": 0.0, "rain_rate_mmh": 0.0}