{"ts": 1775299780878, "temp_c": 23.000000000000004, "hum_pct": 35.0, "dew_c": 6.722222222222223, "wind_kmh": 8.2076544, "gust_kmh": 15.4497024, "wind_dir": "161", "rain_day_mm": 0.0, "rain_rate_mmh": 0.0}