{"ts": 1775498431117, "temp_c": 18.277777777777782, "hum_pct": 41.0, "dew_c": 4.833333333333335, "wind_kmh": 7.563916800000001, "gust_kmh": 14.8059648, "wind_dir": "174", "rain_day_mm": 0.0, "rain_rate_mmh": 0.0}