{"ts": 1772394518497, "temp_c": 10.111111111111112, "hum_pct": 86.0, "dew_c": 7.88888888888889, "wind_kmh": 3.5405568000000005, "gust_kmh": 6.1155072, "wind_dir": "177", "rain_day_mm": 0.254, "rain_rate_mmh": 0.0}