{"ts": 1777048484525, "temp_c": 20.0, "hum_pct": 62.0, "dew_c": 12.5, "wind_kmh": 23.818291200000004, "gust_kmh": 24.14016, "wind_dir": "229", "rain_day_mm": 0.0, "rain_rate_mmh": 0.0}