{"ts": 1774697874335, "temp_c": 17.27777777777778, "hum_pct": 35.0, "dew_c": 1.722222222222223, "wind_kmh": 9.656064, "gust_kmh": 23.818291200000004, "wind_dir": "312", "rain_day_mm": 0.0, "rain_rate_mmh": 0.0}