{"ts": 1774907644838, "temp_c": 14.5, "hum_pct": 53.0, "dew_c": 5.055555555555556, "wind_kmh": 2.5749504000000005, "gust_kmh": 28.8072576, "wind_dir": "282", "rain_day_mm": 0.0, "rain_rate_mmh": 0.0}