{"ts": 1776351864897, "temp_c": 22.88888888888889, "hum_pct": 38.0, "dew_c": 7.833333333333333, "wind_kmh": 13.0356864, "gust_kmh": 25.588569600000003, "wind_dir": "180", "rain_day_mm": 0.0, "rain_rate_mmh": 0.0}