{"ts": 1773185877882, "temp_c": 6.7777777777777795, "hum_pct": 96.0, "dew_c": 6.222222222222224, "wind_kmh": 0.0, "gust_kmh": 3.218688, "wind_dir": "290", "rain_day_mm": 0.0, "rain_rate_mmh": 0.0}