{"ts": 1776813605164, "temp_c": 13.88888888888889, "hum_pct": 79.0, "dew_c": 10.333333333333334, "wind_kmh": 2.0921472000000003, "gust_kmh": 4.6670976, "wind_dir": "214", "rain_day_mm": 0.0, "rain_rate_mmh": 0.0}