{"ts": 1771437645765, "temp_c": 11.88888888888889, "hum_pct": 79.0, "dew_c": 8.38888888888889, "wind_kmh": 5.4717696, "gust_kmh": 6.1155072, "wind_dir": "169", "rain_day_mm": 0.0, "rain_rate_mmh": 0.0}