{"ts": 1780029503406, "temp_c": 16.72222222222222, "hum_pct": 73.0, "dew_c": 11.833333333333332, "wind_kmh": 0.0, "gust_kmh": 4.02336, "wind_dir": "266", "rain_day_mm": 0.0, "rain_rate_mmh": 0.0}