{"ts": 1773960361942, "temp_c": 6.722222222222223, "hum_pct": 84.0, "dew_c": 4.166666666666667, "wind_kmh": 2.8968192000000004, "gust_kmh": 4.345228800000001, "wind_dir": "286", "rain_day_mm": 0.0, "rain_rate_mmh": 0.0}