{"ts": 1783254164694, "temp_c": 34.388888888888886, "hum_pct": 28.0, "dew_c": 13.277777777777779, "wind_kmh": 23.013619200000004, "gust_kmh": 29.129126400000004, "wind_dir": "172", "rain_day_mm": 0.0, "rain_rate_mmh": 0.0}