{"ts": 1780999228347, "temp_c": 26.888888888888893, "hum_pct": 53.0, "dew_c": 16.5, "wind_kmh": 11.909145600000002, "gust_kmh": 15.127833600000002, "wind_dir": "238", "rain_day_mm": 0.0, "rain_rate_mmh": 0.0}