{"ts": 1778689878952, "temp_c": 23.5, "hum_pct": 35.0, "dew_c": 7.166666666666667, "wind_kmh": 9.3341952, "gust_kmh": 20.1168, "wind_dir": "266", "rain_day_mm": 0.0, "rain_rate_mmh": 0.0}