{"ts": 1773197249876, "temp_c": 5.277777777777778, "hum_pct": 97.0, "dew_c": 4.8888888888888875, "wind_kmh": 2.5749504000000005, "gust_kmh": 2.5749504000000005, "wind_dir": "240", "rain_day_mm": 0.0, "rain_rate_mmh": 0.508}