{"ts": 1775512944968, "temp_c": 9.611111111111109, "hum_pct": 67.0, "dew_c": 3.7777777777777763, "wind_kmh": 0.0, "gust_kmh": 2.8968192000000004, "wind_dir": "236", "rain_day_mm": 0.0, "rain_rate_mmh": 0.0}