{"ts": 1779113224601, "temp_c": 19.61111111111111, "hum_pct": 70.0, "dew_c": 14.000000000000002, "wind_kmh": 4.6670976, "gust_kmh": 13.0356864, "wind_dir": "175", "rain_day_mm": 28.701999999999995, "rain_rate_mmh": 0.0}