{"ts": 1774914538342, "temp_c": 12.777777777777779, "hum_pct": 61.0, "dew_c": 5.499999999999999, "wind_kmh": 13.357555200000002, "gust_kmh": 13.679424000000001, "wind_dir": "330", "rain_day_mm": 0.0, "rain_rate_mmh": 0.0}