{"ts": 1770723538225, "temp_c": 18.77777777777778, "hum_pct": 64.0, "dew_c": 11.833333333333332, "wind_kmh": 4.988966400000001, "gust_kmh": 4.988966400000001, "wind_dir": "191", "rain_day_mm": 0.0, "rain_rate_mmh": 0.0}