{"ts": 1774072379089, "temp_c": 1.722222222222223, "hum_pct": 85.0, "dew_c": -0.5555555555555556, "wind_kmh": 2.0921472000000003, "gust_kmh": 2.5749504000000005, "wind_dir": "277", "rain_day_mm": 0.0, "rain_rate_mmh": 0.0}