{"ts": 1774694897177, "temp_c": 16.61111111111111, "hum_pct": 36.0, "dew_c": 1.5000000000000016, "wind_kmh": 14.323161600000002, "gust_kmh": 21.565209600000003, "wind_dir": "0", "rain_day_mm": 0.0, "rain_rate_mmh": 0.0}