{"ts": 1772484623805, "temp_c": 11.11111111111111, "hum_pct": 86.0, "dew_c": 8.833333333333334, "wind_kmh": 0.0, "gust_kmh": 4.345228800000001, "wind_dir": "267", "rain_day_mm": 0.0, "rain_rate_mmh": 0.0}