{"ts": 1776457396287, "temp_c": 14.11111111111111, "hum_pct": 81.0, "dew_c": 10.88888888888889, "wind_kmh": 1.7702784000000003, "gust_kmh": 2.5749504000000005, "wind_dir": "276", "rain_day_mm": 0.0, "rain_rate_mmh": 0.0}