{"ts": 1773956842959, "temp_c": 7.6111111111111125, "hum_pct": 80.0, "dew_c": 4.388888888888888, "wind_kmh": 0.0, "gust_kmh": 2.5749504000000005, "wind_dir": "176", "rain_day_mm": 0.0, "rain_rate_mmh": 0.0}