{"ts": 1783919081643, "temp_c": 20.500000000000004, "hum_pct": 72.0, "dew_c": 15.277777777777779, "wind_kmh": 1.7702784000000003, "gust_kmh": 2.8968192000000004, "wind_dir": "176", "rain_day_mm": 0.0, "rain_rate_mmh": 0.0}