{"ts": 1782951471511, "temp_c": 22.11111111111111, "hum_pct": 55.0, "dew_c": 12.666666666666664, "wind_kmh": 4.02336, "gust_kmh": 7.885785600000001, "wind_dir": "280", "rain_day_mm": 0.0, "rain_rate_mmh": 0.0}