{"ts": 1770636585050, "temp_c": 14.61111111111111, "hum_pct": 52.0, "dew_c": 4.8888888888888875, "wind_kmh": 6.1155072, "gust_kmh": 17.2199808, "wind_dir": "284", "rain_day_mm": 0.0, "rain_rate_mmh": 0.0}