{"ts": 1783636884942, "temp_c": 24.111111111111114, "hum_pct": 54.0, "dew_c": 14.222222222222221, "wind_kmh": 0.0, "gust_kmh": 4.345228800000001, "wind_dir": "195", "rain_day_mm": 0.0, "rain_rate_mmh": 0.0}