{"ts": 1776413670817, "temp_c": 23.000000000000004, "hum_pct": 41.0, "dew_c": 9.055555555555554, "wind_kmh": 4.02336, "gust_kmh": 4.6670976, "wind_dir": "192", "rain_day_mm": 0.0, "rain_rate_mmh": 0.0}