{"ts": 1776861769017, "temp_c": 25.777777777777782, "hum_pct": 45.0, "dew_c": 13.0, "wind_kmh": 6.1155072, "gust_kmh": 21.565209600000003, "wind_dir": "208", "rain_day_mm": 0.0, "rain_rate_mmh": 0.0}