{"ts": 1774193842969, "temp_c": 17.5, "hum_pct": 54.0, "dew_c": 8.11111111111111, "wind_kmh": 5.4717696, "gust_kmh": 20.921472, "wind_dir": "182", "rain_day_mm": 0.0, "rain_rate_mmh": 0.0}