{"ts": 1770118174465, "temp_c": 12.888888888888891, "hum_pct": 55.0, "dew_c": 4.111111111111111, "wind_kmh": 5.4717696, "gust_kmh": 8.2076544, "wind_dir": "173", "rain_day_mm": 0.0, "rain_rate_mmh": 0.0}