{"ts": 1784227547128, "temp_c": 29.0, "hum_pct": 69.0, "dew_c": 22.722222222222225, "wind_kmh": 4.6670976, "gust_kmh": 11.587276800000001, "wind_dir": "154", "rain_day_mm": 0.0, "rain_rate_mmh": 0.0}