{"ts": 1775395153369, "temp_c": 22.722222222222225, "hum_pct": 46.0, "dew_c": 10.5, "wind_kmh": 14.0012928, "gust_kmh": 23.335488, "wind_dir": "184", "rain_day_mm": 0.0, "rain_rate_mmh": 0.0}