{"ts": 1783584291820, "temp_c": 37.0, "hum_pct": 26.0, "dew_c": 14.333333333333334, "wind_kmh": 1.7702784000000003, "gust_kmh": 2.5749504000000005, "wind_dir": "149", "rain_day_mm": 0.0, "rain_rate_mmh": 0.0}