{"ts": 1771066723327, "temp_c": 14.61111111111111, "hum_pct": 45.0, "dew_c": 2.833333333333334, "wind_kmh": 13.0356864, "gust_kmh": 16.2543744, "wind_dir": "235", "rain_day_mm": 0.0, "rain_rate_mmh": 0.0}