{"ts": 1777816593079, "temp_c": 20.888888888888886, "hum_pct": 58.0, "dew_c": 12.333333333333336, "wind_kmh": 9.656064, "gust_kmh": 16.576243200000004, "wind_dir": "180", "rain_day_mm": 0.0, "rain_rate_mmh": 0.0}