{"ts": 1773136678912, "temp_c": 14.61111111111111, "hum_pct": 73.0, "dew_c": 9.833333333333336, "wind_kmh": 4.6670976, "gust_kmh": 5.793638400000001, "wind_dir": "173", "rain_day_mm": 0.0, "rain_rate_mmh": 0.0}