{"ts": 1770501269990, "temp_c": 8.499999999999998, "hum_pct": 78.0, "dew_c": 4.8888888888888875, "wind_kmh": 2.8968192000000004, "gust_kmh": 4.02336, "wind_dir": "228", "rain_day_mm": 0.508, "rain_rate_mmh": 0.508}