{"ts": 1774122744573, "temp_c": 8.277777777777779, "hum_pct": 78.0, "dew_c": 4.666666666666666, "wind_kmh": 0.0, "gust_kmh": 4.345228800000001, "wind_dir": "305", "rain_day_mm": 0.0, "rain_rate_mmh": 0.0}