{"ts": 1772743959740, "temp_c": 12.777777777777779, "hum_pct": 92.0, "dew_c": 11.555555555555554, "wind_kmh": 6.759244800000001, "gust_kmh": 8.2076544, "wind_dir": "119", "rain_day_mm": 17.779999999999998, "rain_rate_mmh": 0.0}