{"ts": 1779053490787, "temp_c": 15.38888888888889, "hum_pct": 82.0, "dew_c": 12.333333333333336, "wind_kmh": 3.5405568000000005, "gust_kmh": 5.4717696, "wind_dir": "194", "rain_day_mm": 0.0, "rain_rate_mmh": 0.0}