{"ts": 1780127326771, "temp_c": 30.22222222222222, "hum_pct": 42.0, "dew_c": 15.88888888888889, "wind_kmh": 3.218688, "gust_kmh": 4.02336, "wind_dir": "170", "rain_day_mm": 0.0, "rain_rate_mmh": 0.0}