{"ts": 1769932818553, "temp_c": 8.277777777777779, "hum_pct": 65.0, "dew_c": 2.1111111111111094, "wind_kmh": 5.793638400000001, "gust_kmh": 11.909145600000002, "wind_dir": "336", "rain_day_mm": null, "rain_rate_mmh": null}