{"ts": 1779699882844, "temp_c": 29.72222222222222, "hum_pct": 33.0, "dew_c": 11.722222222222221, "wind_kmh": 10.460736, "gust_kmh": 10.460736, "wind_dir": "177", "rain_day_mm": 0.0, "rain_rate_mmh": 0.0}