{"ts": 1772809647019, "temp_c": 16.61111111111111, "hum_pct": 70.0, "dew_c": 11.11111111111111, "wind_kmh": 12.2310144, "gust_kmh": 15.127833600000002, "wind_dir": "96", "rain_day_mm": 10.921999999999999, "rain_rate_mmh": 0.0}