{"ts": 1774346854173, "temp_c": 18.72222222222222, "hum_pct": 48.0, "dew_c": 7.5, "wind_kmh": 1.7702784000000003, "gust_kmh": 8.690457600000002, "wind_dir": "163", "rain_day_mm": 0.0, "rain_rate_mmh": 0.0}