{"ts": 1782854231848, "temp_c": 25.888888888888886, "hum_pct": 74.0, "dew_c": 20.888888888888886, "wind_kmh": 6.759244800000001, "gust_kmh": 7.563916800000001, "wind_dir": "145", "rain_day_mm": 0.0, "rain_rate_mmh": 0.0}