{"ts": 1780861440606, "temp_c": 20.888888888888886, "hum_pct": 66.0, "dew_c": 14.333333333333334, "wind_kmh": 4.02336, "gust_kmh": 5.793638400000001, "wind_dir": "182", "rain_day_mm": 0.0, "rain_rate_mmh": 0.0}