{"ts": 1769968386602, "temp_c": 10.777777777777779, "hum_pct": 62.0, "dew_c": 3.8333333333333326, "wind_kmh": 2.5749504000000005, "gust_kmh": 2.5749504000000005, "wind_dir": "279", "rain_day_mm": null, "rain_rate_mmh": null}