{"ts": 1776765830071, "temp_c": 24.222222222222218, "hum_pct": 35.0, "dew_c": 7.777777777777778, "wind_kmh": 15.127833600000002, "gust_kmh": 20.921472, "wind_dir": "182", "rain_day_mm": 0.0, "rain_rate_mmh": 0.0}