{"ts": 1779177791608, "temp_c": 23.388888888888886, "hum_pct": 61.0, "dew_c": 15.444444444444445, "wind_kmh": 1.7702784000000003, "gust_kmh": 4.6670976, "wind_dir": "250", "rain_day_mm": 0.0, "rain_rate_mmh": 0.0}