{"ts": 1771272156597, "temp_c": 17.22222222222222, "hum_pct": 52.0, "dew_c": 7.277777777777778, "wind_kmh": 20.599603200000004, "gust_kmh": 55.03956480000001, "wind_dir": "313", "rain_day_mm": 0.0, "rain_rate_mmh": 0.0}