{"ts": 1777199195485, "temp_c": 25.11111111111111, "hum_pct": 38.0, "dew_c": 9.777777777777779, "wind_kmh": 12.5528832, "gust_kmh": 16.898112, "wind_dir": "180", "rain_day_mm": 0.0, "rain_rate_mmh": 0.0}