{"ts": 1784535990736, "temp_c": 34.27777777777778, "hum_pct": 38.0, "dew_c": 17.944444444444443, "wind_kmh": 3.5405568000000005, "gust_kmh": 7.563916800000001, "wind_dir": "174", "rain_day_mm": 0.0, "rain_rate_mmh": 0.0}