{"ts": 1783811076006, "temp_c": 22.277777777777775, "hum_pct": 85.0, "dew_c": 19.66666666666667, "wind_kmh": 0.0, "gust_kmh": 2.8968192000000004, "wind_dir": "280", "rain_day_mm": 0.0, "rain_rate_mmh": 0.0}