{"ts": 1782322166304, "temp_c": 32.27777777777778, "hum_pct": 41.0, "dew_c": 17.38888888888889, "wind_kmh": 8.2076544, "gust_kmh": 13.357555200000002, "wind_dir": "190", "rain_day_mm": 0.0, "rain_rate_mmh": 0.0}