{"ts": 1774395842524, "temp_c": 7.277777777777778, "hum_pct": 87.0, "dew_c": 5.277777777777778, "wind_kmh": 0.0, "gust_kmh": 3.218688, "wind_dir": "304", "rain_day_mm": 0.0, "rain_rate_mmh": 0.0}