{"ts": 1777137677296, "temp_c": 21.38888888888889, "hum_pct": 49.0, "dew_c": 10.277777777777779, "wind_kmh": 8.690457600000002, "gust_kmh": 15.4497024, "wind_dir": "166", "rain_day_mm": 0.0, "rain_rate_mmh": 0.0}