{"ts": 1775532436526, "temp_c": 5.888888888888889, "hum_pct": 78.0, "dew_c": 2.3888888888888875, "wind_kmh": 2.5749504000000005, "gust_kmh": 3.5405568000000005, "wind_dir": "286", "rain_day_mm": 0.0, "rain_rate_mmh": 0.0}