{"ts": 1775117573955, "temp_c": 16.22222222222222, "hum_pct": 36.0, "dew_c": 1.1111111111111112, "wind_kmh": 10.782604800000001, "gust_kmh": 15.127833600000002, "wind_dir": "139", "rain_day_mm": 0.0, "rain_rate_mmh": 0.0}