{"ts": 1775147583871, "temp_c": 16.5, "hum_pct": 33.0, "dew_c": 0.16666666666666508, "wind_kmh": 12.2310144, "gust_kmh": 46.02723840000001, "wind_dir": "3", "rain_day_mm": 0.0, "rain_rate_mmh": 0.0}