{"ts": 1773679244995, "temp_c": 18.22222222222222, "hum_pct": 54.0, "dew_c": 8.722222222222223, "wind_kmh": 10.1388672, "gust_kmh": 14.0012928, "wind_dir": "205", "rain_day_mm": 0.0, "rain_rate_mmh": 0.0}