{"ts": 1773306024007, "temp_c": 18.22222222222222, "hum_pct": 55.0, "dew_c": 9.000000000000002, "wind_kmh": 4.02336, "gust_kmh": 6.759244800000001, "wind_dir": "129", "rain_day_mm": 0.0, "rain_rate_mmh": 0.0}