{"ts": 1775296340939, "temp_c": 22.277777777777775, "hum_pct": 36.0, "dew_c": 6.500000000000002, "wind_kmh": 7.563916800000001, "gust_kmh": 9.656064, "wind_dir": "224", "rain_day_mm": 0.0, "rain_rate_mmh": 0.0}