{"ts": 1771252051059, "temp_c": 19.88888888888889, "hum_pct": 47.0, "dew_c": 8.277777777777779, "wind_kmh": 15.127833600000002, "gust_kmh": 23.335488, "wind_dir": "309", "rain_day_mm": 0.0, "rain_rate_mmh": 0.0}