{"ts": 1772461564864, "temp_c": 12.722222222222221, "hum_pct": 77.0, "dew_c": 8.777777777777777, "wind_kmh": 10.460736, "gust_kmh": 13.357555200000002, "wind_dir": "168", "rain_day_mm": 0.0, "rain_rate_mmh": 0.0}