{"ts": 1777639120082, "temp_c": 24.222222222222218, "hum_pct": 50.0, "dew_c": 13.11111111111111, "wind_kmh": 22.369881600000003, "gust_kmh": 29.450995200000005, "wind_dir": "179", "rain_day_mm": 0.0, "rain_rate_mmh": 0.0}