{"ts": 1780391761996, "temp_c": 27.61111111111111, "hum_pct": 57.0, "dew_c": 18.333333333333332, "wind_kmh": 4.988966400000001, "gust_kmh": 9.0123264, "wind_dir": "148", "rain_day_mm": 0.0, "rain_rate_mmh": 0.0}