{"ts": 1776525685738, "temp_c": 25.611111111111107, "hum_pct": 32.0, "dew_c": 7.722222222222222, "wind_kmh": 10.1388672, "gust_kmh": 11.587276800000001, "wind_dir": "174", "rain_day_mm": 0.0, "rain_rate_mmh": 0.0}