{"ts": 1776380321319, "temp_c": 12.722222222222221, "hum_pct": 66.0, "dew_c": 6.500000000000002, "wind_kmh": 1.7702784000000003, "gust_kmh": 3.218688, "wind_dir": "159", "rain_day_mm": 0.0, "rain_rate_mmh": 0.0}