{"ts": 1771324335147, "temp_c": 16.88888888888889, "hum_pct": 44.0, "dew_c": 4.555555555555557, "wind_kmh": 6.759244800000001, "gust_kmh": 22.6917504, "wind_dir": "238", "rain_day_mm": 0.0, "rain_rate_mmh": 0.0}