{"ts": 1773669759110, "temp_c": 20.888888888888886, "hum_pct": 33.0, "dew_c": 4.055555555555554, "wind_kmh": 9.3341952, "gust_kmh": 12.5528832, "wind_dir": "293", "rain_day_mm": 0.0, "rain_rate_mmh": 0.0}