{"ts": 1776061488931, "temp_c": 8.722222222222223, "hum_pct": 76.0, "dew_c": 4.722222222222222, "wind_kmh": 11.587276800000001, "gust_kmh": 18.346521600000003, "wind_dir": "321", "rain_day_mm": 4.064, "rain_rate_mmh": 0.0}