{"ts": 1775919946079, "temp_c": 24.0, "hum_pct": 33.0, "dew_c": 6.7777777777777795, "wind_kmh": 6.437376, "gust_kmh": 8.690457600000002, "wind_dir": "197", "rain_day_mm": 0.0, "rain_rate_mmh": 0.0}