{"ts": 1774726814797, "temp_c": 16.22222222222222, "hum_pct": 43.0, "dew_c": 3.611111111111111, "wind_kmh": 6.759244800000001, "gust_kmh": 10.782604800000001, "wind_dir": "297", "rain_day_mm": 0.0, "rain_rate_mmh": 0.0}