{"ts": 1776556135981, "temp_c": 12.222222222222221, "hum_pct": 83.0, "dew_c": 9.38888888888889, "wind_kmh": 0.0, "gust_kmh": 3.5405568000000005, "wind_dir": "188", "rain_day_mm": 0.0, "rain_rate_mmh": 0.0}