{"ts": 1772451541726, "temp_c": 14.38888888888889, "hum_pct": 69.0, "dew_c": 8.777777777777777, "wind_kmh": 8.690457600000002, "gust_kmh": 13.679424000000001, "wind_dir": "197", "rain_day_mm": 0.0, "rain_rate_mmh": 0.0}