{"ts": 1770185190423, "temp_c": 7.277777777777778, "hum_pct": 79.0, "dew_c": 3.888888888888889, "wind_kmh": 3.5405568000000005, "gust_kmh": 4.6670976, "wind_dir": "223", "rain_day_mm": 0.0, "rain_rate_mmh": 0.0}