{"ts": 1784806108738, "temp_c": 33.111111111111114, "hum_pct": 55.0, "dew_c": 22.83333333333333, "wind_kmh": 7.563916800000001, "gust_kmh": 17.2199808, "wind_dir": "168", "rain_day_mm": 0.0, "rain_rate_mmh": 0.0}