{"ts": 1772400841167, "temp_c": 7.722222222222222, "hum_pct": 91.0, "dew_c": 6.333333333333332, "wind_kmh": 2.0921472000000003, "gust_kmh": 2.8968192000000004, "wind_dir": "233", "rain_day_mm": 0.254, "rain_rate_mmh": 0.0}