{"ts": 1775573287655, "temp_c": 24.88888888888889, "hum_pct": 29.0, "dew_c": 5.666666666666668, "wind_kmh": 12.2310144, "gust_kmh": 14.323161600000002, "wind_dir": "189", "rain_day_mm": 0.0, "rain_rate_mmh": 0.0}