{"ts": 1772909356587, "temp_c": 8.722222222222223, "hum_pct": 96.0, "dew_c": 8.11111111111111, "wind_kmh": 3.5405568000000005, "gust_kmh": 3.5405568000000005, "wind_dir": "224", "rain_day_mm": 20.066, "rain_rate_mmh": 0.0}