{"ts": 1783864381945, "temp_c": 32.5, "hum_pct": 35.0, "dew_c": 15.055555555555555, "wind_kmh": 8.690457600000002, "gust_kmh": 13.357555200000002, "wind_dir": "130", "rain_day_mm": 0.0, "rain_rate_mmh": 0.0}