{"ts": 1778351750327, "temp_c": 15.38888888888889, "hum_pct": 84.0, "dew_c": 12.722222222222221, "wind_kmh": 1.7702784000000003, "gust_kmh": 2.5749504000000005, "wind_dir": "211", "rain_day_mm": 9.906, "rain_rate_mmh": 0.0}