{"ts": 1779315183892, "temp_c": 15.11111111111111, "hum_pct": 88.0, "dew_c": 13.11111111111111, "wind_kmh": 2.8968192000000004, "gust_kmh": 4.02336, "wind_dir": "295", "rain_day_mm": 0.0, "rain_rate_mmh": 0.0}