{"ts": 1773178712041, "temp_c": 6.722222222222223, "hum_pct": 94.0, "dew_c": 5.777777777777777, "wind_kmh": 1.7702784000000003, "gust_kmh": 2.8968192000000004, "wind_dir": "191", "rain_day_mm": 0.0, "rain_rate_mmh": 0.0}