{"ts": 1776528360712, "temp_c": 24.499999999999996, "hum_pct": 41.0, "dew_c": 10.388888888888891, "wind_kmh": 6.1155072, "gust_kmh": 17.702784, "wind_dir": "199", "rain_day_mm": 0.0, "rain_rate_mmh": 0.0}