{"ts": 1781930249214, "temp_c": 18.111111111111107, "hum_pct": 57.0, "dew_c": 9.444444444444445, "wind_kmh": 0.0, "gust_kmh": 1.7702784000000003, "wind_dir": "205", "rain_day_mm": 0.0, "rain_rate_mmh": 0.0}