{"ts": 1782716491828, "temp_c": 28.72222222222222, "hum_pct": 47.0, "dew_c": 16.27777777777778, "wind_kmh": 3.218688, "gust_kmh": 7.2420480000000005, "wind_dir": "308", "rain_day_mm": 0.0, "rain_rate_mmh": 0.0}