{"ts": 1782079125047, "temp_c": 23.277777777777782, "hum_pct": 52.0, "dew_c": 12.888888888888891, "wind_kmh": 0.0, "gust_kmh": 2.0921472000000003, "wind_dir": "238", "rain_day_mm": 0.0, "rain_rate_mmh": 0.0}