{"ts": 1773517033588, "temp_c": 8.222222222222221, "hum_pct": 84.0, "dew_c": 5.666666666666668, "wind_kmh": 0.0, "gust_kmh": 2.8968192000000004, "wind_dir": "173", "rain_day_mm": 0.0, "rain_rate_mmh": 0.0}