{"ts": 1773749205779, "temp_c": 20.0, "hum_pct": 48.0, "dew_c": 8.666666666666666, "wind_kmh": 12.2310144, "gust_kmh": 18.6683904, "wind_dir": "168", "rain_day_mm": 0.0, "rain_rate_mmh": 0.0}