{"ts": 1775418344726, "temp_c": 14.777777777777779, "hum_pct": 72.0, "dew_c": 9.833333333333336, "wind_kmh": 5.793638400000001, "gust_kmh": 5.793638400000001, "wind_dir": "133", "rain_day_mm": 0.0, "rain_rate_mmh": 0.0}