{"ts": 1783596110387, "temp_c": 36.77777777777778, "hum_pct": 22.0, "dew_c": 11.61111111111111, "wind_kmh": 15.127833600000002, "gust_kmh": 26.232307200000005, "wind_dir": "143", "rain_day_mm": 0.0, "rain_rate_mmh": 0.0}