{"ts": 1777332751785, "temp_c": 11.11111111111111, "hum_pct": 81.0, "dew_c": 7.944444444444443, "wind_kmh": 0.0, "gust_kmh": 2.0921472000000003, "wind_dir": "219", "rain_day_mm": 0.0, "rain_rate_mmh": 0.0}