{"ts": 1779754448301, "temp_c": 14.5, "hum_pct": 78.0, "dew_c": 10.722222222222221, "wind_kmh": 2.5749504000000005, "gust_kmh": 2.5749504000000005, "wind_dir": "271", "rain_day_mm": 0.0, "rain_rate_mmh": 0.0}