{"ts": 1782304055804, "temp_c": 35.611111111111114, "hum_pct": 32.0, "dew_c": 16.38888888888889, "wind_kmh": 6.1155072, "gust_kmh": 16.576243200000004, "wind_dir": "170", "rain_day_mm": 0.0, "rain_rate_mmh": 0.0}