{"ts": 1777997615373, "temp_c": 13.61111111111111, "hum_pct": 91.0, "dew_c": 12.166666666666666, "wind_kmh": 1.7702784000000003, "gust_kmh": 7.2420480000000005, "wind_dir": "247", "rain_day_mm": 13.208, "rain_rate_mmh": 1.27}