{"ts": 1772107512982, "temp_c": 18.5, "hum_pct": 53.0, "dew_c": 8.722222222222223, "wind_kmh": 7.885785600000001, "gust_kmh": 13.357555200000002, "wind_dir": "189", "rain_day_mm": 0.0, "rain_rate_mmh": 0.0}