{"ts": 1783226616797, "temp_c": 20.611111111111107, "hum_pct": 73.0, "dew_c": 15.61111111111111, "wind_kmh": 2.0921472000000003, "gust_kmh": 3.218688, "wind_dir": "24", "rain_day_mm": 0.0, "rain_rate_mmh": 0.0}