{"ts": 1771487914182, "temp_c": 10.777777777777779, "hum_pct": 45.0, "dew_c": -0.6666666666666663, "wind_kmh": 11.587276800000001, "gust_kmh": 47.1537792, "wind_dir": "7", "rain_day_mm": 0.0, "rain_rate_mmh": 0.0}