{"ts": 1784399728668, "temp_c": 29.11111111111111, "hum_pct": 61.0, "dew_c": 20.833333333333332, "wind_kmh": 1.7702784000000003, "gust_kmh": 3.218688, "wind_dir": "115", "rain_day_mm": 0.0, "rain_rate_mmh": 0.0}