{"ts": 1769946982491, "temp_c": 11.61111111111111, "hum_pct": 59.0, "dew_c": 3.888888888888889, "wind_kmh": 2.0921472000000003, "gust_kmh": 9.3341952, "wind_dir": "336", "rain_day_mm": null, "rain_rate_mmh": null}