{"ts": 1773870427677, "temp_c": 12.111111111111109, "hum_pct": 80.0, "dew_c": 8.777777777777777, "wind_kmh": 10.1388672, "gust_kmh": 16.898112, "wind_dir": "95", "rain_day_mm": 0.0, "rain_rate_mmh": 0.0}