{"ts": 1784044860164, "temp_c": 31.61111111111111, "hum_pct": 62.0, "dew_c": 23.444444444444443, "wind_kmh": 9.3341952, "gust_kmh": 9.3341952, "wind_dir": "170", "rain_day_mm": 0.0, "rain_rate_mmh": 0.0}