{"ts": 1778240515224, "temp_c": 20.611111111111107, "hum_pct": 56.0, "dew_c": 11.500000000000002, "wind_kmh": 6.759244800000001, "gust_kmh": 19.4730624, "wind_dir": "163", "rain_day_mm": 0.0, "rain_rate_mmh": 0.0}