{"ts": 1770320926019, "temp_c": 14.5, "hum_pct": 55.0, "dew_c": 5.555555555555555, "wind_kmh": 4.345228800000001, "gust_kmh": 8.2076544, "wind_dir": "175", "rain_day_mm": 4.571999999999999, "rain_rate_mmh": 0.0}