{"ts": 1773564715361, "temp_c": 12.277777777777779, "hum_pct": 38.0, "dew_c": -1.6111111111111103, "wind_kmh": 19.4730624, "gust_kmh": 33.15248640000001, "wind_dir": "317", "rain_day_mm": 0.0, "rain_rate_mmh": 0.0}