{"ts": 1773990645680, "temp_c": 8.277777777777779, "hum_pct": 69.0, "dew_c": 2.944444444444443, "wind_kmh": 2.5749504000000005, "gust_kmh": 3.5405568000000005, "wind_dir": "255", "rain_day_mm": 0.0, "rain_rate_mmh": 0.0}