{"ts": 1774023764283, "temp_c": 16.0, "hum_pct": 40.0, "dew_c": 2.3888888888888875, "wind_kmh": 10.1388672, "gust_kmh": 20.599603200000004, "wind_dir": "180", "rain_day_mm": 0.254, "rain_rate_mmh": 0.0}