{"ts": 1771870206741, "temp_c": 12.5, "hum_pct": 75.0, "dew_c": 8.166666666666668, "wind_kmh": 2.5749504000000005, "gust_kmh": 3.218688, "wind_dir": "268", "rain_day_mm": 0.0, "rain_rate_mmh": 0.0}