{"ts": 1780135833503, "temp_c": 30.88888888888889, "hum_pct": 36.0, "dew_c": 14.11111111111111, "wind_kmh": 4.988966400000001, "gust_kmh": 9.3341952, "wind_dir": "158", "rain_day_mm": 0.0, "rain_rate_mmh": 0.0}