{"ts": 1784238048661, "temp_c": 25.500000000000004, "hum_pct": 85.0, "dew_c": 22.77777777777778, "wind_kmh": 0.0, "gust_kmh": 2.5749504000000005, "wind_dir": "147", "rain_day_mm": 0.0, "rain_rate_mmh": 0.0}