{"ts": 1776816301485, "temp_c": 14.11111111111111, "hum_pct": 78.0, "dew_c": 10.333333333333334, "wind_kmh": 0.0, "gust_kmh": 3.5405568000000005, "wind_dir": "244", "rain_day_mm": 0.0, "rain_rate_mmh": 0.0}