{"ts": 1770580585636, "temp_c": 11.500000000000002, "hum_pct": 55.0, "dew_c": 2.7777777777777777, "wind_kmh": 15.127833600000002, "gust_kmh": 40.394534400000005, "wind_dir": "300", "rain_day_mm": 1.016, "rain_rate_mmh": 0.0}