{"ts": 1778112113340, "temp_c": 11.38888888888889, "hum_pct": 87.0, "dew_c": 9.333333333333332, "wind_kmh": 0.0, "gust_kmh": 3.218688, "wind_dir": "249", "rain_day_mm": 0.0, "rain_rate_mmh": 0.0}