{"ts": 1783985419475, "temp_c": 24.88888888888889, "hum_pct": 88.0, "dew_c": 22.77777777777778, "wind_kmh": 4.02336, "gust_kmh": 7.2420480000000005, "wind_dir": "144", "rain_day_mm": 0.0, "rain_rate_mmh": 0.0}