{"ts": 1775335680473, "temp_c": 10.61111111111111, "hum_pct": 72.0, "dew_c": 5.777777777777777, "wind_kmh": 0.0, "gust_kmh": 3.218688, "wind_dir": "202", "rain_day_mm": 0.0, "rain_rate_mmh": 0.0}