{"ts": 1772797187456, "temp_c": 12.777777777777779, "hum_pct": 89.0, "dew_c": 11.055555555555555, "wind_kmh": 2.0921472000000003, "gust_kmh": 13.679424000000001, "wind_dir": "203", "rain_day_mm": 8.382, "rain_rate_mmh": 3.0479999999999996}