{"ts": 1777329099816, "temp_c": 12.0, "hum_pct": 79.0, "dew_c": 8.499999999999998, "wind_kmh": 2.5749504000000005, "gust_kmh": 3.218688, "wind_dir": "223", "rain_day_mm": 0.0, "rain_rate_mmh": 0.0}