{"ts": 1773715952081, "temp_c": 6.611111111111111, "hum_pct": 88.0, "dew_c": 4.777777777777779, "wind_kmh": 2.0921472000000003, "gust_kmh": 2.5749504000000005, "wind_dir": "218", "rain_day_mm": 0.0, "rain_rate_mmh": 0.0}