{"ts": 1772380378219, "temp_c": 15.88888888888889, "hum_pct": 56.0, "dew_c": 7.166666666666667, "wind_kmh": 14.8059648, "gust_kmh": 21.565209600000003, "wind_dir": "179", "rain_day_mm": 0.254, "rain_rate_mmh": 0.0}