{"ts": 1774197930442, "temp_c": 14.5, "hum_pct": 64.0, "dew_c": 7.777777777777778, "wind_kmh": 15.4497024, "gust_kmh": 18.346521600000003, "wind_dir": "181", "rain_day_mm": 0.0, "rain_rate_mmh": 0.0}