{"ts": 1775555253799, "temp_c": 23.5, "hum_pct": 28.0, "dew_c": 3.944444444444445, "wind_kmh": 4.6670976, "gust_kmh": 7.885785600000001, "wind_dir": "162", "rain_day_mm": 0.0, "rain_rate_mmh": 0.0}