{"ts": 1771275712561, "temp_c": 17.11111111111111, "hum_pct": 50.0, "dew_c": 6.611111111111111, "wind_kmh": 25.910438400000004, "gust_kmh": 54.717696000000004, "wind_dir": "343", "rain_day_mm": 0.0, "rain_rate_mmh": 0.0}