{"ts": 1771269725774, "temp_c": 16.77777777777778, "hum_pct": 60.0, "dew_c": 9.000000000000002, "wind_kmh": 16.576243200000004, "gust_kmh": 51.177139200000006, "wind_dir": "315", "rain_day_mm": 0.0, "rain_rate_mmh": 0.0}