{"ts": 1783276881458, "temp_c": 30.22222222222222, "hum_pct": 35.0, "dew_c": 13.055555555555555, "wind_kmh": 11.587276800000001, "gust_kmh": 11.909145600000002, "wind_dir": "168", "rain_day_mm": 0.0, "rain_rate_mmh": 0.0}