{"ts": 1780691454446, "temp_c": 16.88888888888889, "hum_pct": 79.0, "dew_c": 13.222222222222221, "wind_kmh": 5.793638400000001, "gust_kmh": 6.759244800000001, "wind_dir": "211", "rain_day_mm": 0.7619999999999999, "rain_rate_mmh": 0.0}