{"ts": 1775665198208, "temp_c": 21.38888888888889, "hum_pct": 56.0, "dew_c": 12.277777777777779, "wind_kmh": 9.656064, "gust_kmh": 13.679424000000001, "wind_dir": "246", "rain_day_mm": 0.0, "rain_rate_mmh": 0.0}