{"ts": 1778722166944, "temp_c": 13.38888888888889, "hum_pct": 59.0, "dew_c": 5.555555555555555, "wind_kmh": 4.02336, "gust_kmh": 4.345228800000001, "wind_dir": "214", "rain_day_mm": 0.0, "rain_rate_mmh": 0.0}