{"ts": 1776919047547, "temp_c": 13.222222222222221, "hum_pct": 86.0, "dew_c": 10.88888888888889, "wind_kmh": 0.0, "gust_kmh": 2.8968192000000004, "wind_dir": "184", "rain_day_mm": 0.0, "rain_rate_mmh": 0.0}