{"ts": 1775166632566, "temp_c": 13.722222222222223, "hum_pct": 37.0, "dew_c": -0.7222222222222227, "wind_kmh": 10.1388672, "gust_kmh": 23.818291200000004, "wind_dir": "305", "rain_day_mm": 0.0, "rain_rate_mmh": 0.0}