{"ts": 1778859465553, "temp_c": 17.77777777777778, "hum_pct": 39.0, "dew_c": 3.6666666666666674, "wind_kmh": 7.2420480000000005, "gust_kmh": 10.460736, "wind_dir": "103", "rain_day_mm": 0.0, "rain_rate_mmh": 0.0}