{"ts": 1770874844443, "temp_c": 13.61111111111111, "hum_pct": 45.0, "dew_c": 1.8888888888888882, "wind_kmh": 15.4497024, "gust_kmh": 29.933798400000004, "wind_dir": "284", "rain_day_mm": 0.0, "rain_rate_mmh": 0.0}