{"ts": 1773430951559, "temp_c": 10.88888888888889, "hum_pct": 90.0, "dew_c": 9.333333333333332, "wind_kmh": 1.7702784000000003, "gust_kmh": 2.8968192000000004, "wind_dir": "159", "rain_day_mm": 0.0, "rain_rate_mmh": 0.0}