{"ts": 1775897921567, "temp_c": 23.000000000000004, "hum_pct": 32.0, "dew_c": 5.444444444444443, "wind_kmh": 2.8968192000000004, "gust_kmh": 4.6670976, "wind_dir": "152", "rain_day_mm": 0.0, "rain_rate_mmh": 0.0}