{"ts": 1779554186616, "temp_c": 27.722222222222225, "hum_pct": 43.0, "dew_c": 14.000000000000002, "wind_kmh": 8.690457600000002, "gust_kmh": 13.679424000000001, "wind_dir": "171", "rain_day_mm": 0.0, "rain_rate_mmh": 0.0}