{"ts": 1778508338895, "temp_c": 24.388888888888893, "hum_pct": 35.0, "dew_c": 7.944444444444443, "wind_kmh": 9.3341952, "gust_kmh": 13.679424000000001, "wind_dir": "263", "rain_day_mm": 0.0, "rain_rate_mmh": 0.0}