{"ts": 1777827842147, "temp_c": 16.88888888888889, "hum_pct": 78.0, "dew_c": 13.055555555555555, "wind_kmh": 9.3341952, "gust_kmh": 18.6683904, "wind_dir": "155", "rain_day_mm": 0.0, "rain_rate_mmh": 0.0}