{"ts": 1772694419599, "temp_c": 13.38888888888889, "hum_pct": 72.0, "dew_c": 8.444444444444446, "wind_kmh": 2.0921472000000003, "gust_kmh": 6.759244800000001, "wind_dir": "282", "rain_day_mm": 0.0, "rain_rate_mmh": 0.0}