{"ts": 1779509078371, "temp_c": 13.277777777777779, "hum_pct": 83.0, "dew_c": 10.5, "wind_kmh": 0.0, "gust_kmh": 2.0921472000000003, "wind_dir": "153", "rain_day_mm": 0.0, "rain_rate_mmh": 0.0}