{"ts": 1779617073732, "temp_c": 30.72222222222222, "hum_pct": 34.0, "dew_c": 13.055555555555555, "wind_kmh": 0.0, "gust_kmh": 6.437376, "wind_dir": "164", "rain_day_mm": 0.0, "rain_rate_mmh": 0.0}