{"ts": 1773603475648, "temp_c": 13.277777777777779, "hum_pct": 32.0, "dew_c": -3.0555555555555554, "wind_kmh": 5.793638400000001, "gust_kmh": 8.2076544, "wind_dir": "218", "rain_day_mm": 0.0, "rain_rate_mmh": 0.0}