{"ts": 1773617995052, "temp_c": 10.999999999999998, "hum_pct": 31.0, "dew_c": -5.499999999999999, "wind_kmh": 14.323161600000002, "gust_kmh": 16.576243200000004, "wind_dir": "223", "rain_day_mm": 0.0, "rain_rate_mmh": 0.0}