{"ts": 1781161276889, "temp_c": 19.499999999999996, "hum_pct": 52.0, "dew_c": 9.38888888888889, "wind_kmh": 4.6670976, "gust_kmh": 13.679424000000001, "wind_dir": "300", "rain_day_mm": 0.0, "rain_rate_mmh": 0.0}