{"ts": 1773333657366, "temp_c": 16.72222222222222, "hum_pct": 66.0, "dew_c": 10.333333333333334, "wind_kmh": 10.460736, "gust_kmh": 15.4497024, "wind_dir": "232", "rain_day_mm": 0.0, "rain_rate_mmh": 0.0}