{"ts": 1769903889107, "temp_c": 50.5, "hum_pct": 52.0, "dew_c": 33.6, "wind_kmh": 6.1155072, "gust_kmh": 34.9227648, "wind_dir": "312", "rain_day_mm": null, "rain_rate_mmh": null}