{"ts": 1779275854171, "temp_c": 25.611111111111107, "hum_pct": 49.0, "dew_c": 14.11111111111111, "wind_kmh": 11.909145600000002, "gust_kmh": 22.369881600000003, "wind_dir": "184", "rain_day_mm": 0.0, "rain_rate_mmh": 0.0}