{"ts": 1777396500304, "temp_c": 20.72222222222222, "hum_pct": 50.0, "dew_c": 9.888888888888888, "wind_kmh": 10.460736, "gust_kmh": 13.679424000000001, "wind_dir": "198", "rain_day_mm": 0.0, "rain_rate_mmh": 0.0}