{"ts": 1769896564627, "temp_c": 51.1, "hum_pct": 54.0, "dew_c": 35.0, "wind_kmh": 14.0012928, "gust_kmh": 46.02723840000001, "wind_dir": "294", "rain_day_mm": null, "rain_rate_mmh": null}