{"ts": 1784694617816, "temp_c": 22.722222222222225, "hum_pct": 53.0, "dew_c": 12.611111111111112, "wind_kmh": 0.0, "gust_kmh": 1.7702784000000003, "wind_dir": "227", "rain_day_mm": 0.0, "rain_rate_mmh": 0.0}