{"ts": 1782072888691, "temp_c": 26.77777777777778, "hum_pct": 46.0, "dew_c": 14.222222222222221, "wind_kmh": 0.0, "gust_kmh": 2.0921472000000003, "wind_dir": "10", "rain_day_mm": 0.0, "rain_rate_mmh": 0.0}