{"ts": 1782412583333, "temp_c": 29.61111111111111, "hum_pct": 44.0, "dew_c": 16.055555555555557, "wind_kmh": 5.793638400000001, "gust_kmh": 11.909145600000002, "wind_dir": "175", "rain_day_mm": 0.0, "rain_rate_mmh": 0.0}