{"ts": 1774674691414, "temp_c": 6.500000000000002, "hum_pct": 66.0, "dew_c": 0.6111111111111119, "wind_kmh": 10.460736, "gust_kmh": 14.323161600000002, "wind_dir": "312", "rain_day_mm": 0.0, "rain_rate_mmh": 0.0}