{"ts": 1775035213783, "temp_c": 17.72222222222222, "hum_pct": 36.0, "dew_c": 2.4444444444444438, "wind_kmh": 8.2076544, "gust_kmh": 19.151193600000003, "wind_dir": "16", "rain_day_mm": 0.0, "rain_rate_mmh": 0.0}