{"ts": 1772984133866, "temp_c": 14.222222222222221, "hum_pct": 73.0, "dew_c": 9.444444444444445, "wind_kmh": 0.0, "gust_kmh": 4.6670976, "wind_dir": "169", "rain_day_mm": 7.112, "rain_rate_mmh": 0.0}