{"ts": 1774248589258, "temp_c": 9.777777777777779, "hum_pct": 80.0, "dew_c": 6.500000000000002, "wind_kmh": 0.0, "gust_kmh": 2.8968192000000004, "wind_dir": "166", "rain_day_mm": 0.0, "rain_rate_mmh": 0.0}