{"ts": 1774012940947, "temp_c": 17.77777777777778, "hum_pct": 35.0, "dew_c": 2.166666666666666, "wind_kmh": 4.02336, "gust_kmh": 23.818291200000004, "wind_dir": "158", "rain_day_mm": 0.254, "rain_rate_mmh": 0.0}