{"ts": 1775454624532, "temp_c": 7.277777777777778, "hum_pct": 76.0, "dew_c": 3.3333333333333335, "wind_kmh": 1.7702784000000003, "gust_kmh": 2.5749504000000005, "wind_dir": "238", "rain_day_mm": 0.0, "rain_rate_mmh": 0.0}