{"ts": 1769935013946, "temp_c": 9.222222222222221, "hum_pct": 62.0, "dew_c": 2.2777777777777786, "wind_kmh": 3.5405568000000005, "gust_kmh": 15.127833600000002, "wind_dir": "220", "rain_day_mm": null, "rain_rate_mmh": null}