{"ts": 1784310119746, "temp_c": 30.61111111111111, "hum_pct": 63.0, "dew_c": 22.77777777777778, "wind_kmh": 7.563916800000001, "gust_kmh": 13.0356864, "wind_dir": "180", "rain_day_mm": 0.0, "rain_rate_mmh": 0.0}