{"ts": 1778430756671, "temp_c": 20.777777777777782, "hum_pct": 53.0, "dew_c": 10.88888888888889, "wind_kmh": 6.437376, "gust_kmh": 17.2199808, "wind_dir": "199", "rain_day_mm": 0.0, "rain_rate_mmh": 0.0}