{"ts": 1780175492638, "temp_c": 22.11111111111111, "hum_pct": 75.0, "dew_c": 17.444444444444443, "wind_kmh": 3.5405568000000005, "gust_kmh": 4.345228800000001, "wind_dir": "230", "rain_day_mm": 0.0, "rain_rate_mmh": 0.0}