{"ts": 1776874658312, "temp_c": 24.777777777777775, "hum_pct": 42.0, "dew_c": 11.055555555555555, "wind_kmh": 14.323161600000002, "gust_kmh": 19.151193600000003, "wind_dir": "185", "rain_day_mm": 0.0, "rain_rate_mmh": 0.0}