{"ts": 1770548416498, "temp_c": 13.277777777777779, "hum_pct": 58.0, "dew_c": 5.222222222222221, "wind_kmh": 4.988966400000001, "gust_kmh": 7.563916800000001, "wind_dir": "219", "rain_day_mm": 1.016, "rain_rate_mmh": 0.0}