{"ts": 1777107994439, "temp_c": 22.22222222222222, "hum_pct": 44.0, "dew_c": 9.38888888888889, "wind_kmh": 9.3341952, "gust_kmh": 13.679424000000001, "wind_dir": "201", "rain_day_mm": 0.0, "rain_rate_mmh": 0.0}