{"ts": 1776383690106, "temp_c": 11.722222222222221, "hum_pct": 68.0, "dew_c": 5.999999999999998, "wind_kmh": 0.0, "gust_kmh": 3.5405568000000005, "wind_dir": "192", "rain_day_mm": 0.0, "rain_rate_mmh": 0.0}