{"ts": 1779049685328, "temp_c": 15.277777777777779, "hum_pct": 81.0, "dew_c": 12.055555555555557, "wind_kmh": 4.988966400000001, "gust_kmh": 7.563916800000001, "wind_dir": "193", "rain_day_mm": 0.0, "rain_rate_mmh": 0.0}