{"ts": 1784232532242, "temp_c": 25.777777777777782, "hum_pct": 84.0, "dew_c": 22.88888888888889, "wind_kmh": 6.1155072, "gust_kmh": 6.1155072, "wind_dir": "155", "rain_day_mm": 0.0, "rain_rate_mmh": 0.0}