{"ts": 1771603553042, "temp_c": 15.88888888888889, "hum_pct": 45.0, "dew_c": 4.000000000000002, "wind_kmh": 10.782604800000001, "gust_kmh": 29.933798400000004, "wind_dir": "263", "rain_day_mm": 0.0, "rain_rate_mmh": 0.0}