{"ts": 1783773380421, "temp_c": 31.27777777777778, "hum_pct": 55.0, "dew_c": 21.166666666666664, "wind_kmh": 12.2310144, "gust_kmh": 16.898112, "wind_dir": "161", "rain_day_mm": 0.0, "rain_rate_mmh": 0.0}