{"ts": 1778421065838, "temp_c": 23.388888888888886, "hum_pct": 48.0, "dew_c": 11.777777777777779, "wind_kmh": 15.127833600000002, "gust_kmh": 19.4730624, "wind_dir": "180", "rain_day_mm": 0.0, "rain_rate_mmh": 0.0}