{"ts": 1780215633319, "temp_c": 29.88888888888889, "hum_pct": 35.0, "dew_c": 12.777777777777779, "wind_kmh": 3.218688, "gust_kmh": 6.759244800000001, "wind_dir": "184", "rain_day_mm": 0.0, "rain_rate_mmh": 0.0}