{"ts": 1771167581949, "temp_c": 15.11111111111111, "hum_pct": 51.0, "dew_c": 5.055555555555556, "wind_kmh": 6.759244800000001, "gust_kmh": 14.323161600000002, "wind_dir": "166", "rain_day_mm": 0.0, "rain_rate_mmh": 0.0}