{"ts": 1775491145607, "temp_c": 22.5, "hum_pct": 32.0, "dew_c": 5.0, "wind_kmh": 11.909145600000002, "gust_kmh": 16.2543744, "wind_dir": "207", "rain_day_mm": 0.0, "rain_rate_mmh": 0.0}