{"ts": 1771701243642, "temp_c": 9.000000000000002, "hum_pct": 77.0, "dew_c": 5.166666666666665, "wind_kmh": 4.02336, "gust_kmh": 4.345228800000001, "wind_dir": "296", "rain_day_mm": 0.0, "rain_rate_mmh": 0.0}