{"ts": 1784797987521, "temp_c": 31.27777777777778, "hum_pct": 57.0, "dew_c": 21.77777777777778, "wind_kmh": 4.988966400000001, "gust_kmh": 9.0123264, "wind_dir": "174", "rain_day_mm": 0.0, "rain_rate_mmh": 0.0}