{"ts": 1781133253859, "temp_c": 18.5, "hum_pct": 83.0, "dew_c": 15.555555555555555, "wind_kmh": 14.8059648, "gust_kmh": 17.702784, "wind_dir": "192", "rain_day_mm": 0.0, "rain_rate_mmh": 0.0}