{"ts": 1772603813477, "temp_c": 12.611111111111112, "hum_pct": 69.0, "dew_c": 7.055555555555557, "wind_kmh": 0.0, "gust_kmh": 12.2310144, "wind_dir": "341", "rain_day_mm": 0.0, "rain_rate_mmh": 0.0}