{"ts": 1776625567562, "temp_c": 16.22222222222222, "hum_pct": 83.0, "dew_c": 13.333333333333334, "wind_kmh": 2.8968192000000004, "gust_kmh": 4.988966400000001, "wind_dir": "274", "rain_day_mm": 0.0, "rain_rate_mmh": 0.0}