{"ts": 1779579447013, "temp_c": 16.88888888888889, "hum_pct": 85.0, "dew_c": 14.38888888888889, "wind_kmh": 2.0921472000000003, "gust_kmh": 2.5749504000000005, "wind_dir": "258", "rain_day_mm": 0.0, "rain_rate_mmh": 0.0}