{"ts": 1773456525662, "temp_c": 9.38888888888889, "hum_pct": 92.0, "dew_c": 8.166666666666668, "wind_kmh": 0.0, "gust_kmh": 3.218688, "wind_dir": "304", "rain_day_mm": 0.0, "rain_rate_mmh": 0.0}