{"ts": 1776319855100, "temp_c": 12.722222222222221, "hum_pct": 74.0, "dew_c": 8.166666666666668, "wind_kmh": 2.0921472000000003, "gust_kmh": 2.8968192000000004, "wind_dir": "204", "rain_day_mm": 0.0, "rain_rate_mmh": 0.0}