{"ts": 1776204186265, "temp_c": 10.0, "hum_pct": 76.0, "dew_c": 5.944444444444446, "wind_kmh": 0.0, "gust_kmh": 3.5405568000000005, "wind_dir": "151", "rain_day_mm": 0.0, "rain_rate_mmh": 0.0}