{"ts": 1783723011260, "temp_c": 23.388888888888886, "hum_pct": 51.0, "dew_c": 12.722222222222221, "wind_kmh": 0.0, "gust_kmh": 4.988966400000001, "wind_dir": "134", "rain_day_mm": 0.0, "rain_rate_mmh": 0.0}