{"ts": 1784836646475, "temp_c": 27.277777777777775, "hum_pct": 82.0, "dew_c": 23.944444444444443, "wind_kmh": 6.1155072, "gust_kmh": 8.690457600000002, "wind_dir": "181", "rain_day_mm": 0.0, "rain_rate_mmh": 0.0}