{"ts": 1783869015698, "temp_c": 32.388888888888886, "hum_pct": 34.0, "dew_c": 14.555555555555555, "wind_kmh": 3.5405568000000005, "gust_kmh": 16.898112, "wind_dir": "147", "rain_day_mm": 0.0, "rain_rate_mmh": 0.0}