{"ts": 1778371171237, "temp_c": 10.722222222222221, "hum_pct": 97.0, "dew_c": 10.222222222222221, "wind_kmh": 0.0, "gust_kmh": 3.218688, "wind_dir": "335", "rain_day_mm": 0.0, "rain_rate_mmh": 0.0}