{"ts": 1784849614398, "temp_c": 25.72222222222222, "hum_pct": 87.0, "dew_c": 23.388888888888886, "wind_kmh": 0.0, "gust_kmh": 4.02336, "wind_dir": "157", "rain_day_mm": 0.0, "rain_rate_mmh": 0.0}