{"ts": 1776195507865, "temp_c": 12.888888888888891, "hum_pct": 65.0, "dew_c": 6.500000000000002, "wind_kmh": 4.345228800000001, "gust_kmh": 9.0123264, "wind_dir": "194", "rain_day_mm": 0.0, "rain_rate_mmh": 0.0}