{"ts": 1783343140465, "temp_c": 35.611111111111114, "hum_pct": 33.0, "dew_c": 16.88888888888889, "wind_kmh": 4.345228800000001, "gust_kmh": 19.151193600000003, "wind_dir": "218", "rain_day_mm": 0.0, "rain_rate_mmh": 0.0}