{"ts": 1771153143888, "temp_c": 15.777777777777779, "hum_pct": 42.0, "dew_c": 2.944444444444443, "wind_kmh": 5.793638400000001, "gust_kmh": 7.563916800000001, "wind_dir": "252", "rain_day_mm": 0.0, "rain_rate_mmh": 0.0}