{"ts": 1778952916630, "temp_c": 20.777777777777782, "hum_pct": 43.0, "dew_c": 7.777777777777778, "wind_kmh": 8.690457600000002, "gust_kmh": 21.2433408, "wind_dir": "127", "rain_day_mm": 0.0, "rain_rate_mmh": 0.0}