{"ts": 1783052919730, "temp_c": 18.5, "hum_pct": 68.0, "dew_c": 12.5, "wind_kmh": 1.7702784000000003, "gust_kmh": 2.5749504000000005, "wind_dir": "171", "rain_day_mm": 0.0, "rain_rate_mmh": 0.0}