{"ts": 1776604979250, "temp_c": 24.388888888888893, "hum_pct": 48.0, "dew_c": 12.666666666666664, "wind_kmh": 10.1388672, "gust_kmh": 12.2310144, "wind_dir": "179", "rain_day_mm": 0.0, "rain_rate_mmh": 0.0}