{"ts": 1780984217002, "temp_c": 20.222222222222225, "hum_pct": 80.0, "dew_c": 16.666666666666668, "wind_kmh": 1.7702784000000003, "gust_kmh": 2.8968192000000004, "wind_dir": "200", "rain_day_mm": 0.0, "rain_rate_mmh": 0.0}