{"ts": 1782166458331, "temp_c": 22.61111111111111, "hum_pct": 56.0, "dew_c": 13.38888888888889, "wind_kmh": 0.0, "gust_kmh": 2.0921472000000003, "wind_dir": "246", "rain_day_mm": 0.0, "rain_rate_mmh": 0.0}