{"ts": 1780877969160, "temp_c": 16.61111111111111, "hum_pct": 82.0, "dew_c": 13.499999999999998, "wind_kmh": 0.0, "gust_kmh": 2.8968192000000004, "wind_dir": "255", "rain_day_mm": 0.0, "rain_rate_mmh": 0.0}