{"ts": 1769982159712, "temp_c": 7.6111111111111125, "hum_pct": 69.0, "dew_c": 2.2777777777777786, "wind_kmh": 1.7702784000000003, "gust_kmh": 4.345228800000001, "wind_dir": "318", "rain_day_mm": null, "rain_rate_mmh": null}