{"ts": 1778321700539, "temp_c": 18.388888888888886, "hum_pct": 70.0, "dew_c": 12.833333333333334, "wind_kmh": 9.0123264, "gust_kmh": 15.127833600000002, "wind_dir": "144", "rain_day_mm": 0.0, "rain_rate_mmh": 0.0}