{"ts": 1782188236776, "temp_c": 18.000000000000004, "hum_pct": 64.0, "dew_c": 11.11111111111111, "wind_kmh": 0.0, "gust_kmh": 2.0921472000000003, "wind_dir": "139", "rain_day_mm": 0.0, "rain_rate_mmh": 0.0}