{"ts": 1769936563634, "temp_c": 9.611111111111109, "hum_pct": 61.0, "dew_c": 2.4444444444444438, "wind_kmh": 2.5749504000000005, "gust_kmh": 9.656064, "wind_dir": "185", "rain_day_mm": null, "rain_rate_mmh": null}