{"ts": 1784377956137, "temp_c": 33.5, "hum_pct": 43.0, "dew_c": 19.222222222222218, "wind_kmh": 5.793638400000001, "gust_kmh": 14.8059648, "wind_dir": "201", "rain_day_mm": 0.0, "rain_rate_mmh": 0.0}