{"ts": 1779997387974, "temp_c": 25.27777777777778, "hum_pct": 50.0, "dew_c": 14.166666666666666, "wind_kmh": 0.0, "gust_kmh": 0.0, "wind_dir": "311", "rain_day_mm": 0.0, "rain_rate_mmh": 0.0}