{"ts": 1774137385565, "temp_c": 4.722222222222222, "hum_pct": 90.0, "dew_c": 3.2222222222222205, "wind_kmh": 2.5749504000000005, "gust_kmh": 4.02336, "wind_dir": "242", "rain_day_mm": 0.0, "rain_rate_mmh": 0.0}