{"ts": 1774482501494, "temp_c": 10.388888888888891, "hum_pct": 49.0, "dew_c": 0.16666666666666508, "wind_kmh": 4.345228800000001, "gust_kmh": 19.151193600000003, "wind_dir": "268", "rain_day_mm": 0.0, "rain_rate_mmh": 0.0}