{"ts": 1772457738893, "temp_c": 13.277777777777779, "hum_pct": 75.0, "dew_c": 8.944444444444445, "wind_kmh": 13.357555200000002, "gust_kmh": 18.6683904, "wind_dir": "186", "rain_day_mm": 0.0, "rain_rate_mmh": 0.0}