{"ts": 1771372787130, "temp_c": 7.777777777777778, "hum_pct": 83.0, "dew_c": 5.1111111111111125, "wind_kmh": 0.0, "gust_kmh": 2.8968192000000004, "wind_dir": "217", "rain_day_mm": 0.0, "rain_rate_mmh": 0.0}