{"ts": 1780948261911, "temp_c": 23.388888888888886, "hum_pct": 57.0, "dew_c": 14.38888888888889, "wind_kmh": 3.5405568000000005, "gust_kmh": 4.345228800000001, "wind_dir": "197", "rain_day_mm": 0.0, "rain_rate_mmh": 0.0}