{"ts": 1778367631934, "temp_c": 10.999999999999998, "hum_pct": 97.0, "dew_c": 10.555555555555555, "wind_kmh": 2.0921472000000003, "gust_kmh": 2.5749504000000005, "wind_dir": "193", "rain_day_mm": 0.0, "rain_rate_mmh": 0.0}