{"ts": 1782927103164, "temp_c": 30.27777777777778, "hum_pct": 45.0, "dew_c": 17.055555555555557, "wind_kmh": 10.1388672, "gust_kmh": 18.6683904, "wind_dir": "190", "rain_day_mm": 0.0, "rain_rate_mmh": 0.0}