{"ts": 1782509911445, "temp_c": 22.77777777777778, "hum_pct": 72.0, "dew_c": 17.5, "wind_kmh": 0.0, "gust_kmh": 2.8968192000000004, "wind_dir": "308", "rain_day_mm": 0.0, "rain_rate_mmh": 0.0}