{"ts": 1776256893254, "temp_c": 21.38888888888889, "hum_pct": 51.0, "dew_c": 10.833333333333334, "wind_kmh": 9.656064, "gust_kmh": 16.2543744, "wind_dir": "203", "rain_day_mm": 0.0, "rain_rate_mmh": 0.0}