{"ts": 1783403345231, "temp_c": 22.38888888888889, "hum_pct": 52.0, "dew_c": 12.055555555555557, "wind_kmh": 2.0921472000000003, "gust_kmh": 3.218688, "wind_dir": "163", "rain_day_mm": 0.0, "rain_rate_mmh": 0.0}