{"ts": 1777157603868, "temp_c": 11.722222222222221, "hum_pct": 80.0, "dew_c": 8.38888888888889, "wind_kmh": 2.0921472000000003, "gust_kmh": 2.8968192000000004, "wind_dir": "279", "rain_day_mm": 0.0, "rain_rate_mmh": 0.0}