{"ts": 1771069726928, "temp_c": 15.61111111111111, "hum_pct": 43.0, "dew_c": 3.0555555555555554, "wind_kmh": 12.5528832, "gust_kmh": 25.2667008, "wind_dir": "171", "rain_day_mm": 0.0, "rain_rate_mmh": 0.0}