{"ts": 1774209216929, "temp_c": 10.999999999999998, "hum_pct": 84.0, "dew_c": 8.38888888888889, "wind_kmh": 5.4717696, "gust_kmh": 7.2420480000000005, "wind_dir": "118", "rain_day_mm": 0.0, "rain_rate_mmh": 0.0}