{"ts": 1772621639741, "temp_c": 16.88888888888889, "hum_pct": 64.0, "dew_c": 10.055555555555555, "wind_kmh": 6.437376, "gust_kmh": 14.323161600000002, "wind_dir": "100", "rain_day_mm": 0.0, "rain_rate_mmh": 0.0}