{"ts": 1775689058516, "temp_c": 10.777777777777779, "hum_pct": 69.0, "dew_c": 5.333333333333334, "wind_kmh": 2.0921472000000003, "gust_kmh": 2.8968192000000004, "wind_dir": "209", "rain_day_mm": 0.0, "rain_rate_mmh": 0.0}