{"ts": 1777295236836, "temp_c": 26.22222222222222, "hum_pct": 34.0, "dew_c": 9.11111111111111, "wind_kmh": 15.771571200000002, "gust_kmh": 21.565209600000003, "wind_dir": "180", "rain_day_mm": 0.0, "rain_rate_mmh": 0.0}