{"ts": 1783178296990, "temp_c": 31.11111111111111, "hum_pct": 42.0, "dew_c": 16.666666666666668, "wind_kmh": 23.335488, "gust_kmh": 25.910438400000004, "wind_dir": "179", "rain_day_mm": 0.0, "rain_rate_mmh": 0.0}