{"ts": 1783369880362, "temp_c": 26.888888888888893, "hum_pct": 54.0, "dew_c": 16.833333333333332, "wind_kmh": 3.218688, "gust_kmh": 8.2076544, "wind_dir": "142", "rain_day_mm": 0.0, "rain_rate_mmh": 0.0}