{"ts": 1773531533202, "temp_c": 8.222222222222221, "hum_pct": 49.0, "dew_c": -1.8888888888888882, "wind_kmh": 4.988966400000001, "gust_kmh": 11.909145600000002, "wind_dir": "87", "rain_day_mm": 0.0, "rain_rate_mmh": 0.0}