{"ts": 1776081191454, "temp_c": 17.22222222222222, "hum_pct": 38.0, "dew_c": 2.7777777777777777, "wind_kmh": 11.104473600000002, "gust_kmh": 22.369881600000003, "wind_dir": "0", "rain_day_mm": 4.064, "rain_rate_mmh": 0.0}