{"ts": 1773810933220, "temp_c": 3.111111111111112, "hum_pct": 87.0, "dew_c": 1.1666666666666674, "wind_kmh": 0.0, "gust_kmh": 4.345228800000001, "wind_dir": "267", "rain_day_mm": 0.0, "rain_rate_mmh": 0.0}