{"ts": 1783427791525, "temp_c": 36.388888888888886, "hum_pct": 36.0, "dew_c": 18.944444444444443, "wind_kmh": 3.5405568000000005, "gust_kmh": 11.587276800000001, "wind_dir": "194", "rain_day_mm": 0.0, "rain_rate_mmh": 0.0}