{"ts": 1775829567257, "temp_c": 26.22222222222222, "hum_pct": 36.0, "dew_c": 9.944444444444445, "wind_kmh": 13.357555200000002, "gust_kmh": 17.2199808, "wind_dir": "217", "rain_day_mm": 0.0, "rain_rate_mmh": 0.0}