{"ts": 1780755515905, "temp_c": 26.11111111111111, "hum_pct": 62.0, "dew_c": 18.277777777777782, "wind_kmh": 12.2310144, "gust_kmh": 16.576243200000004, "wind_dir": "185", "rain_day_mm": 0.0, "rain_rate_mmh": 0.0}