{"ts": 1777799195371, "temp_c": 18.5, "hum_pct": 71.0, "dew_c": 13.166666666666668, "wind_kmh": 9.0123264, "gust_kmh": 12.5528832, "wind_dir": "155", "rain_day_mm": 0.0, "rain_rate_mmh": 0.0}