{"ts": 1776293834499, "temp_c": 11.722222222222221, "hum_pct": 79.0, "dew_c": 8.166666666666668, "wind_kmh": 1.7702784000000003, "gust_kmh": 3.218688, "wind_dir": "204", "rain_day_mm": 0.0, "rain_rate_mmh": 0.0}