{"ts": 1771610640904, "temp_c": 13.11111111111111, "hum_pct": 53.0, "dew_c": 3.7222222222222237, "wind_kmh": 4.988966400000001, "gust_kmh": 9.0123264, "wind_dir": "313", "rain_day_mm": 0.0, "rain_rate_mmh": 0.0}