{"ts": 1776592732527, "temp_c": 21.11111111111111, "hum_pct": 52.0, "dew_c": 10.88888888888889, "wind_kmh": 8.2076544, "gust_kmh": 9.0123264, "wind_dir": "178", "rain_day_mm": 0.0, "rain_rate_mmh": 0.0}