{"ts": 1776541902929, "temp_c": 14.777777777777779, "hum_pct": 66.0, "dew_c": 8.499999999999998, "wind_kmh": 1.7702784000000003, "gust_kmh": 2.0921472000000003, "wind_dir": "232", "rain_day_mm": 0.0, "rain_rate_mmh": 0.0}