{"ts": 1773014097113, "temp_c": 7.88888888888889, "hum_pct": 96.0, "dew_c": 7.277777777777778, "wind_kmh": 0.0, "gust_kmh": 2.0921472000000003, "wind_dir": "201", "rain_day_mm": 0.0, "rain_rate_mmh": 0.0}