{"ts": 1772577936939, "temp_c": 12.888888888888891, "hum_pct": 67.0, "dew_c": 6.944444444444445, "wind_kmh": 3.218688, "gust_kmh": 4.988966400000001, "wind_dir": "171", "rain_day_mm": 1.016, "rain_rate_mmh": 0.0}