{"ts": 1772043398885, "temp_c": 11.722222222222221, "hum_pct": 81.0, "dew_c": 8.555555555555555, "wind_kmh": 6.1155072, "gust_kmh": 7.2420480000000005, "wind_dir": "219", "rain_day_mm": 0.0, "rain_rate_mmh": 0.0}