{"ts": 1773803823214, "temp_c": 3.888888888888889, "hum_pct": 85.0, "dew_c": 1.6111111111111103, "wind_kmh": 2.8968192000000004, "gust_kmh": 3.5405568000000005, "wind_dir": "243", "rain_day_mm": 0.0, "rain_rate_mmh": 0.0}