{"ts": 1777175532039, "temp_c": 12.777777777777779, "hum_pct": 73.0, "dew_c": 8.11111111111111, "wind_kmh": 0.0, "gust_kmh": 2.8968192000000004, "wind_dir": "258", "rain_day_mm": 0.0, "rain_rate_mmh": 0.0}