{"ts": 1784271615923, "temp_c": 30.11111111111111, "hum_pct": 63.0, "dew_c": 22.277777777777775, "wind_kmh": 1.7702784000000003, "gust_kmh": 3.5405568000000005, "wind_dir": "281", "rain_day_mm": 0.0, "rain_rate_mmh": 0.0}