{"ts": 1770454954075, "temp_c": 12.5, "hum_pct": 46.0, "dew_c": 1.2222222222222239, "wind_kmh": 17.702784, "gust_kmh": 45.3835008, "wind_dir": "324", "rain_day_mm": 0.0, "rain_rate_mmh": 0.0}