{"ts": 1782600020252, "temp_c": 22.88888888888889, "hum_pct": 71.0, "dew_c": 17.38888888888889, "wind_kmh": 0.0, "gust_kmh": 4.02336, "wind_dir": "245", "rain_day_mm": 0.0, "rain_rate_mmh": 0.0}