{"ts": 1777030989345, "temp_c": 21.77777777777778, "hum_pct": 49.0, "dew_c": 10.61111111111111, "wind_kmh": 15.127833600000002, "gust_kmh": 17.702784, "wind_dir": "228", "rain_day_mm": 0.0, "rain_rate_mmh": 0.0}