{"ts": 1773092678738, "temp_c": 9.888888888888888, "hum_pct": 93.0, "dew_c": 8.833333333333334, "wind_kmh": 2.8968192000000004, "gust_kmh": 3.218688, "wind_dir": "222", "rain_day_mm": 0.508, "rain_rate_mmh": 0.0}