{"ts": 1776893476544, "temp_c": 15.0, "hum_pct": 76.0, "dew_c": 10.833333333333334, "wind_kmh": 6.1155072, "gust_kmh": 7.563916800000001, "wind_dir": "239", "rain_day_mm": 0.0, "rain_rate_mmh": 0.0}