{"ts": 1778274822965, "temp_c": 12.611111111111112, "hum_pct": 89.0, "dew_c": 10.833333333333334, "wind_kmh": 2.0921472000000003, "gust_kmh": 3.218688, "wind_dir": "275", "rain_day_mm": 0.0, "rain_rate_mmh": 0.0}