{"ts": 1782813427790, "temp_c": 34.611111111111114, "hum_pct": 35.0, "dew_c": 16.88888888888889, "wind_kmh": 4.02336, "gust_kmh": 9.0123264, "wind_dir": "259", "rain_day_mm": 0.0, "rain_rate_mmh": 0.0}