{"ts": 1773945013761, "temp_c": 12.0, "hum_pct": 65.0, "dew_c": 5.611111111111112, "wind_kmh": 4.6670976, "gust_kmh": 5.793638400000001, "wind_dir": "223", "rain_day_mm": 0.0, "rain_rate_mmh": 0.0}