{"ts": 1775934170209, "temp_c": 19.222222222222218, "hum_pct": 36.0, "dew_c": 3.7777777777777763, "wind_kmh": 4.02336, "gust_kmh": 4.988966400000001, "wind_dir": "315", "rain_day_mm": 0.0, "rain_rate_mmh": 0.0}