{"ts": 1772471122182, "temp_c": 12.5, "hum_pct": 75.0, "dew_c": 8.166666666666668, "wind_kmh": 6.437376, "gust_kmh": 9.3341952, "wind_dir": "187", "rain_day_mm": 0.0, "rain_rate_mmh": 0.0}