{"ts": 1774287015690, "temp_c": 12.111111111111109, "hum_pct": 75.0, "dew_c": 7.833333333333333, "wind_kmh": 11.104473600000002, "gust_kmh": 13.679424000000001, "wind_dir": "163", "rain_day_mm": 0.0, "rain_rate_mmh": 0.0}