{"ts": 1774267635264, "temp_c": 16.11111111111111, "hum_pct": 56.0, "dew_c": 7.333333333333335, "wind_kmh": 4.988966400000001, "gust_kmh": 22.6917504, "wind_dir": "260", "rain_day_mm": 0.0, "rain_rate_mmh": 0.0}