{"ts": 1777419117880, "temp_c": 15.11111111111111, "hum_pct": 76.0, "dew_c": 10.88888888888889, "wind_kmh": 2.8968192000000004, "gust_kmh": 4.6670976, "wind_dir": "180", "rain_day_mm": 0.0, "rain_rate_mmh": 0.0}