{"ts": 1776628310903, "temp_c": 15.5, "hum_pct": 86.0, "dew_c": 13.166666666666668, "wind_kmh": 0.0, "gust_kmh": 4.02336, "wind_dir": "311", "rain_day_mm": 0.0, "rain_rate_mmh": 0.0}