{"ts": 1772387608735, "temp_c": 11.722222222222221, "hum_pct": 76.0, "dew_c": 7.6111111111111125, "wind_kmh": 8.690457600000002, "gust_kmh": 9.0123264, "wind_dir": "183", "rain_day_mm": 0.254, "rain_rate_mmh": 0.0}