{"ts": 1783418283250, "temp_c": 35.22222222222222, "hum_pct": 38.0, "dew_c": 18.77777777777778, "wind_kmh": 6.1155072, "gust_kmh": 7.2420480000000005, "wind_dir": "222", "rain_day_mm": 0.0, "rain_rate_mmh": 0.0}