{"ts": 1775692244768, "temp_c": 9.777777777777779, "hum_pct": 72.0, "dew_c": 5.0, "wind_kmh": 0.0, "gust_kmh": 3.218688, "wind_dir": "217", "rain_day_mm": 0.0, "rain_rate_mmh": 0.0}