{"ts": 1783682111310, "temp_c": 36.0, "hum_pct": 25.0, "dew_c": 12.888888888888891, "wind_kmh": 13.0356864, "gust_kmh": 21.565209600000003, "wind_dir": "187", "rain_day_mm": 0.0, "rain_rate_mmh": 0.0}