{"ts": 1770278413420, "temp_c": 9.222222222222221, "hum_pct": 80.0, "dew_c": 5.944444444444446, "wind_kmh": 5.793638400000001, "gust_kmh": 7.2420480000000005, "wind_dir": "240", "rain_day_mm": 0.254, "rain_rate_mmh": 0.0}