{"ts": 1773445168483, "temp_c": 10.999999999999998, "hum_pct": 93.0, "dew_c": 9.888888888888888, "wind_kmh": 2.8968192000000004, "gust_kmh": 8.2076544, "wind_dir": "180", "rain_day_mm": 0.0, "rain_rate_mmh": 0.0}