{"ts": 1771084412178, "temp_c": 16.38888888888889, "hum_pct": 43.0, "dew_c": 3.7777777777777763, "wind_kmh": 9.656064, "gust_kmh": 10.1388672, "wind_dir": "237", "rain_day_mm": 0.0, "rain_rate_mmh": 0.0}