{"ts": 1784026440002, "temp_c": 28.77777777777778, "hum_pct": 71.0, "dew_c": 23.000000000000004, "wind_kmh": 9.3341952, "gust_kmh": 14.0012928, "wind_dir": "176", "rain_day_mm": 0.0, "rain_rate_mmh": 0.0}