{"ts": 1778573489289, "temp_c": 24.72222222222222, "hum_pct": 41.0, "dew_c": 10.555555555555555, "wind_kmh": 2.8968192000000004, "gust_kmh": 9.3341952, "wind_dir": "294", "rain_day_mm": 0.0, "rain_rate_mmh": 0.0}