{"ts": 1783699230196, "temp_c": 32.5, "hum_pct": 40.0, "dew_c": 17.166666666666668, "wind_kmh": 16.2543744, "gust_kmh": 25.588569600000003, "wind_dir": "144", "rain_day_mm": 0.0, "rain_rate_mmh": 0.0}