{"ts": 1778635504675, "temp_c": 14.5, "hum_pct": 68.0, "dew_c": 8.666666666666666, "wind_kmh": 3.5405568000000005, "gust_kmh": 5.793638400000001, "wind_dir": "202", "rain_day_mm": 0.0, "rain_rate_mmh": 0.0}