{"ts": 1778146998588, "temp_c": 19.72222222222222, "hum_pct": 58.0, "dew_c": 11.222222222222223, "wind_kmh": 7.563916800000001, "gust_kmh": 15.4497024, "wind_dir": "168", "rain_day_mm": 0.254, "rain_rate_mmh": 0.0}