{"ts": 1776589454995, "temp_c": 21.0, "hum_pct": 50.0, "dew_c": 10.166666666666664, "wind_kmh": 8.690457600000002, "gust_kmh": 8.690457600000002, "wind_dir": "214", "rain_day_mm": 0.0, "rain_rate_mmh": 0.0}