{"ts": 1784172648999, "temp_c": 23.22222222222222, "hum_pct": 69.0, "dew_c": 17.22222222222222, "wind_kmh": 0.0, "gust_kmh": 4.02336, "wind_dir": "190", "rain_day_mm": 0.0, "rain_rate_mmh": 0.0}