{"ts": 1783623495975, "temp_c": 29.61111111111111, "hum_pct": 46.0, "dew_c": 16.77777777777778, "wind_kmh": 2.8968192000000004, "gust_kmh": 10.460736, "wind_dir": "153", "rain_day_mm": 0.0, "rain_rate_mmh": 0.0}