{"ts": 1776539183256, "temp_c": 17.11111111111111, "hum_pct": 56.0, "dew_c": 8.277777777777779, "wind_kmh": 0.0, "gust_kmh": 2.8968192000000004, "wind_dir": "246", "rain_day_mm": 0.0, "rain_rate_mmh": 0.0}