{"ts": 1772525069235, "temp_c": 11.88888888888889, "hum_pct": 81.0, "dew_c": 8.722222222222223, "wind_kmh": 8.2076544, "gust_kmh": 9.656064, "wind_dir": "275", "rain_day_mm": 1.016, "rain_rate_mmh": 0.0}