{"ts": 1783974131779, "temp_c": 25.72222222222222, "hum_pct": 85.0, "dew_c": 23.000000000000004, "wind_kmh": 7.2420480000000005, "gust_kmh": 8.2076544, "wind_dir": "137", "rain_day_mm": 0.0, "rain_rate_mmh": 0.0}