{"ts": 1782328531069, "temp_c": 27.61111111111111, "hum_pct": 56.0, "dew_c": 18.055555555555557, "wind_kmh": 11.104473600000002, "gust_kmh": 11.909145600000002, "wind_dir": "172", "rain_day_mm": 0.0, "rain_rate_mmh": 0.0}