{"ts": 1781835622239, "temp_c": 19.88888888888889, "hum_pct": 68.0, "dew_c": 13.833333333333334, "wind_kmh": 2.5749504000000005, "gust_kmh": 2.8968192000000004, "wind_dir": "208", "rain_day_mm": 0.254, "rain_rate_mmh": 0.0}