{"ts": 1781066527887, "temp_c": 17.0, "hum_pct": 78.0, "dew_c": 13.166666666666668, "wind_kmh": 3.5405568000000005, "gust_kmh": 4.6670976, "wind_dir": "24", "rain_day_mm": 1.27, "rain_rate_mmh": 6.604}