{"ts": 1771888180002, "temp_c": 5.999999999999998, "hum_pct": 84.0, "dew_c": 3.4999999999999982, "wind_kmh": 1.7702784000000003, "gust_kmh": 4.6670976, "wind_dir": "222", "rain_day_mm": 0.0, "rain_rate_mmh": 0.0}