{"ts": 1778617080633, "temp_c": 13.11111111111111, "hum_pct": 88.0, "dew_c": 11.166666666666666, "wind_kmh": 1.7702784000000003, "gust_kmh": 3.5405568000000005, "wind_dir": "205", "rain_day_mm": 5.842, "rain_rate_mmh": 0.0}