{"ts": 1777114858530, "temp_c": 24.27777777777778, "hum_pct": 41.0, "dew_c": 10.222222222222221, "wind_kmh": 7.563916800000001, "gust_kmh": 16.576243200000004, "wind_dir": "242", "rain_day_mm": 0.0, "rain_rate_mmh": 0.0}