{"ts": 1772624446903, "temp_c": 17.88888888888889, "hum_pct": 60.0, "dew_c": 10.055555555555555, "wind_kmh": 10.1388672, "gust_kmh": 11.909145600000002, "wind_dir": "132", "rain_day_mm": 0.0, "rain_rate_mmh": 0.0}