{"ts": 1772701064153, "temp_c": 14.61111111111111, "hum_pct": 68.0, "dew_c": 8.777777777777777, "wind_kmh": 5.793638400000001, "gust_kmh": 8.690457600000002, "wind_dir": "334", "rain_day_mm": 0.0, "rain_rate_mmh": 0.0}