{"ts": 1772953086293, "temp_c": 7.777777777777778, "hum_pct": 97.0, "dew_c": 7.333333333333335, "wind_kmh": 2.8968192000000004, "gust_kmh": 3.218688, "wind_dir": "189", "rain_day_mm": 0.0, "rain_rate_mmh": 0.0}