{"ts": 1774950200958, "temp_c": 20.222222222222225, "hum_pct": 33.0, "dew_c": 3.444444444444446, "wind_kmh": 7.2420480000000005, "gust_kmh": 15.127833600000002, "wind_dir": "97", "rain_day_mm": 0.0, "rain_rate_mmh": 0.0}