{"ts": 1776023425726, "temp_c": 10.388888888888891, "hum_pct": 85.0, "dew_c": 8.0, "wind_kmh": 15.771571200000002, "gust_kmh": 19.4730624, "wind_dir": "327", "rain_day_mm": 6.604, "rain_rate_mmh": 1.27}