{"ts": 1770578148721, "temp_c": 11.500000000000002, "hum_pct": 56.0, "dew_c": 3.0555555555555554, "wind_kmh": 16.2543744, "gust_kmh": 25.2667008, "wind_dir": "314", "rain_day_mm": 1.016, "rain_rate_mmh": 0.0}