{"ts": 1782749338790, "temp_c": 33.22222222222222, "hum_pct": 39.0, "dew_c": 17.38888888888889, "wind_kmh": 16.898112, "gust_kmh": 21.2433408, "wind_dir": "188", "rain_day_mm": 0.0, "rain_rate_mmh": 0.0}