{"ts": 1773005680635, "temp_c": 8.722222222222223, "hum_pct": 97.0, "dew_c": 8.277777777777779, "wind_kmh": 0.0, "gust_kmh": 3.218688, "wind_dir": "219", "rain_day_mm": 7.112, "rain_rate_mmh": 0.0}