{"ts": 1775238586482, "temp_c": 20.27777777777778, "hum_pct": 31.0, "dew_c": 2.6111111111111125, "wind_kmh": 2.8968192000000004, "gust_kmh": 10.460736, "wind_dir": "218", "rain_day_mm": 0.0, "rain_rate_mmh": 0.0}