{"ts": 1783282792914, "temp_c": 27.11111111111111, "hum_pct": 47.0, "dew_c": 14.833333333333334, "wind_kmh": 4.345228800000001, "gust_kmh": 5.4717696, "wind_dir": "175", "rain_day_mm": 0.0, "rain_rate_mmh": 0.0}