{"ts": 1774688148140, "temp_c": 15.222222222222221, "hum_pct": 39.0, "dew_c": 1.3333333333333326, "wind_kmh": 0.0, "gust_kmh": 16.2543744, "wind_dir": "41", "rain_day_mm": 0.0, "rain_rate_mmh": 0.0}