{"ts": 1782496886314, "temp_c": 30.61111111111111, "hum_pct": 43.0, "dew_c": 16.61111111111111, "wind_kmh": 10.460736, "gust_kmh": 14.8059648, "wind_dir": "184", "rain_day_mm": 0.0, "rain_rate_mmh": 0.0}