{"ts": 1775751868421, "temp_c": 25.777777777777782, "hum_pct": 32.0, "dew_c": 7.88888888888889, "wind_kmh": 7.885785600000001, "gust_kmh": 13.679424000000001, "wind_dir": "180", "rain_day_mm": 0.0, "rain_rate_mmh": 0.0}