{"ts": 1784250430712, "temp_c": 23.000000000000004, "hum_pct": 89.0, "dew_c": 21.11111111111111, "wind_kmh": 2.8968192000000004, "gust_kmh": 3.218688, "wind_dir": "201", "rain_day_mm": 0.0, "rain_rate_mmh": 0.0}