{"ts": 1774343119735, "temp_c": 17.61111111111111, "hum_pct": 59.0, "dew_c": 9.5, "wind_kmh": 2.0921472000000003, "gust_kmh": 3.5405568000000005, "wind_dir": "199", "rain_day_mm": 0.0, "rain_rate_mmh": 0.0}