{"ts": 1776518614762, "temp_c": 24.777777777777775, "hum_pct": 38.0, "dew_c": 9.555555555555557, "wind_kmh": 10.782604800000001, "gust_kmh": 12.2310144, "wind_dir": "190", "rain_day_mm": 0.0, "rain_rate_mmh": 0.0}