{"ts": 1775403991763, "temp_c": 21.611111111111114, "hum_pct": 55.0, "dew_c": 12.166666666666666, "wind_kmh": 12.2310144, "gust_kmh": 18.0246528, "wind_dir": "183", "rain_day_mm": 0.0, "rain_rate_mmh": 0.0}