{"ts": 1777289059155, "temp_c": 25.11111111111111, "hum_pct": 39.0, "dew_c": 10.166666666666664, "wind_kmh": 5.4717696, "gust_kmh": 20.921472, "wind_dir": "175", "rain_day_mm": 0.0, "rain_rate_mmh": 0.0}