{"ts": 1780556935268, "temp_c": 21.611111111111114, "hum_pct": 81.0, "dew_c": 18.22222222222222, "wind_kmh": 10.1388672, "gust_kmh": 15.127833600000002, "wind_dir": "173", "rain_day_mm": 0.0, "rain_rate_mmh": 0.0}