{"ts": 1779401051635, "temp_c": 15.777777777777779, "hum_pct": 70.0, "dew_c": 10.333333333333334, "wind_kmh": 1.7702784000000003, "gust_kmh": 2.5749504000000005, "wind_dir": "225", "rain_day_mm": 0.0, "rain_rate_mmh": 0.0}