{"ts": 1771588054553, "temp_c": 16.77777777777778, "hum_pct": 39.0, "dew_c": 2.7777777777777777, "wind_kmh": 4.988966400000001, "gust_kmh": 20.1168, "wind_dir": "295", "rain_day_mm": 0.0, "rain_rate_mmh": 0.0}