{"ts": 1776338251548, "temp_c": 22.61111111111111, "hum_pct": 50.0, "dew_c": 11.666666666666666, "wind_kmh": 10.460736, "gust_kmh": 17.702784, "wind_dir": "168", "rain_day_mm": 0.0, "rain_rate_mmh": 0.0}