{"ts": 1782214161195, "temp_c": 35.111111111111114, "hum_pct": 29.0, "dew_c": 14.38888888888889, "wind_kmh": 7.563916800000001, "gust_kmh": 12.2310144, "wind_dir": "186", "rain_day_mm": 0.0, "rain_rate_mmh": 0.0}