{"ts": 1783616632920, "temp_c": 35.0, "hum_pct": 27.0, "dew_c": 13.222222222222221, "wind_kmh": 4.6670976, "gust_kmh": 11.104473600000002, "wind_dir": "187", "rain_day_mm": 0.0, "rain_rate_mmh": 0.0}