{"ts": 1770140120903, "temp_c": 11.277777777777777, "hum_pct": 60.0, "dew_c": 3.8333333333333326, "wind_kmh": 2.8968192000000004, "gust_kmh": 2.8968192000000004, "wind_dir": "223", "rain_day_mm": 0.0, "rain_rate_mmh": 0.0}