{"ts": 1783853894628, "temp_c": 33.0, "hum_pct": 40.0, "dew_c": 17.61111111111111, "wind_kmh": 11.104473600000002, "gust_kmh": 16.576243200000004, "wind_dir": "169", "rain_day_mm": 0.0, "rain_rate_mmh": 0.0}