{"ts": 1775321425546, "temp_c": 19.61111111111111, "hum_pct": 43.0, "dew_c": 6.666666666666667, "wind_kmh": 6.1155072, "gust_kmh": 19.151193600000003, "wind_dir": "183", "rain_day_mm": 0.0, "rain_rate_mmh": 0.0}