{"ts": 1776674273006, "temp_c": 21.0, "hum_pct": 50.0, "dew_c": 10.166666666666664, "wind_kmh": 4.02336, "gust_kmh": 9.656064, "wind_dir": "257", "rain_day_mm": 0.0, "rain_rate_mmh": 0.0}