{"ts": 1784323644256, "temp_c": 25.222222222222225, "hum_pct": 84.0, "dew_c": 22.333333333333332, "wind_kmh": 1.7702784000000003, "gust_kmh": 2.5749504000000005, "wind_dir": "347", "rain_day_mm": 0.0, "rain_rate_mmh": 0.0}