{"ts": 1773644206286, "temp_c": 10.5, "hum_pct": 47.0, "dew_c": -0.33333333333333415, "wind_kmh": 6.759244800000001, "gust_kmh": 6.759244800000001, "wind_dir": "305", "rain_day_mm": 0.0, "rain_rate_mmh": 0.0}