{"ts": 1773089388951, "temp_c": 9.611111111111109, "hum_pct": 95.0, "dew_c": 8.833333333333334, "wind_kmh": 3.218688, "gust_kmh": 4.02336, "wind_dir": "154", "rain_day_mm": 0.508, "rain_rate_mmh": 0.0}