{"ts": 1776940999878, "temp_c": 21.22222222222222, "hum_pct": 53.0, "dew_c": 11.222222222222223, "wind_kmh": 11.104473600000002, "gust_kmh": 15.771571200000002, "wind_dir": "147", "rain_day_mm": 0.0, "rain_rate_mmh": 0.0}