{"ts": 1776803362606, "temp_c": 15.722222222222221, "hum_pct": 76.0, "dew_c": 11.500000000000002, "wind_kmh": 2.5749504000000005, "gust_kmh": 3.218688, "wind_dir": "284", "rain_day_mm": 0.0, "rain_rate_mmh": 0.0}