{"ts": 1769986539648, "temp_c": 7.11111111111111, "hum_pct": 71.0, "dew_c": 2.2222222222222223, "wind_kmh": 0.0, "gust_kmh": 3.218688, "wind_dir": "219", "rain_day_mm": null, "rain_rate_mmh": null}