{"ts": 1782264464756, "temp_c": 19.777777777777775, "hum_pct": 60.0, "dew_c": 11.833333333333332, "wind_kmh": 0.0, "gust_kmh": 1.7702784000000003, "wind_dir": "240", "rain_day_mm": 0.0, "rain_rate_mmh": 0.0}