{"ts": 1783032165750, "temp_c": 21.38888888888889, "hum_pct": 67.0, "dew_c": 15.0, "wind_kmh": 0.0, "gust_kmh": 4.02336, "wind_dir": "282", "rain_day_mm": 0.0, "rain_rate_mmh": 0.0}