{"ts": 1771088544287, "temp_c": 14.5, "hum_pct": 44.0, "dew_c": 2.3888888888888875, "wind_kmh": 6.437376, "gust_kmh": 9.3341952, "wind_dir": "122", "rain_day_mm": 0.0, "rain_rate_mmh": 0.0}