{"ts": 1776020693419, "temp_c": 10.5, "hum_pct": 87.0, "dew_c": 8.444444444444446, "wind_kmh": 3.5405568000000005, "gust_kmh": 32.0259456, "wind_dir": "16", "rain_day_mm": 6.095999999999999, "rain_rate_mmh": 2.2859999999999996}