{"ts": 1775259990348, "temp_c": 9.222222222222221, "hum_pct": 76.0, "dew_c": 5.166666666666665, "wind_kmh": 0.0, "gust_kmh": 4.02336, "wind_dir": "269", "rain_day_mm": 0.0, "rain_rate_mmh": 0.0}