{"ts": 1771772332532, "temp_c": 22.277777777777775, "hum_pct": 39.0, "dew_c": 7.666666666666665, "wind_kmh": 9.0123264, "gust_kmh": 12.5528832, "wind_dir": "165", "rain_day_mm": 0.0, "rain_rate_mmh": 0.0}