{"ts": 1774550260498, "temp_c": 14.000000000000002, "hum_pct": 33.0, "dew_c": -2.000000000000001, "wind_kmh": 7.885785600000001, "gust_kmh": 24.783897600000003, "wind_dir": "84", "rain_day_mm": 0.0, "rain_rate_mmh": 0.0}