{"ts": 1776742915192, "temp_c": 10.222222222222221, "hum_pct": 86.0, "dew_c": 7.944444444444443, "wind_kmh": 1.7702784000000003, "gust_kmh": 2.8968192000000004, "wind_dir": "273", "rain_day_mm": 0.0, "rain_rate_mmh": 0.0}