{"ts": 1775142774785, "temp_c": 17.72222222222222, "hum_pct": 31.0, "dew_c": 0.38888888888889045, "wind_kmh": 18.6683904, "gust_kmh": 43.9350912, "wind_dir": "358", "rain_day_mm": 0.0, "rain_rate_mmh": 0.0}