{"ts": 1771113190433, "temp_c": 8.222222222222221, "hum_pct": 59.0, "dew_c": 0.6666666666666683, "wind_kmh": 2.0921472000000003, "gust_kmh": 11.104473600000002, "wind_dir": "192", "rain_day_mm": 0.0, "rain_rate_mmh": 0.0}