{"ts": 1773157238805, "temp_c": 14.61111111111111, "hum_pct": 69.0, "dew_c": 9.000000000000002, "wind_kmh": 6.759244800000001, "gust_kmh": 15.771571200000002, "wind_dir": "212", "rain_day_mm": 0.0, "rain_rate_mmh": 0.0}