{"ts": 1784492782079, "temp_c": 27.11111111111111, "hum_pct": 67.0, "dew_c": 20.444444444444443, "wind_kmh": 3.218688, "gust_kmh": 4.6670976, "wind_dir": "185", "rain_day_mm": 0.0, "rain_rate_mmh": 0.0}