{"ts": 1782980493709, "temp_c": 26.722222222222218, "hum_pct": 42.0, "dew_c": 12.722222222222221, "wind_kmh": 12.5528832, "gust_kmh": 20.599603200000004, "wind_dir": "32", "rain_day_mm": 0.0, "rain_rate_mmh": 0.0}