{"ts": 1784190553939, "temp_c": 32.72222222222222, "hum_pct": 54.0, "dew_c": 22.16666666666667, "wind_kmh": 7.885785600000001, "gust_kmh": 14.0012928, "wind_dir": "139", "rain_day_mm": 0.0, "rain_rate_mmh": 0.0}