{"ts": 1778155273024, "temp_c": 21.27777777777778, "hum_pct": 56.0, "dew_c": 12.166666666666666, "wind_kmh": 10.1388672, "gust_kmh": 21.2433408, "wind_dir": "198", "rain_day_mm": 0.254, "rain_rate_mmh": 0.0}