{"ts": 1784820855503, "temp_c": 33.0, "hum_pct": 61.0, "dew_c": 24.499999999999996, "wind_kmh": 4.6670976, "gust_kmh": 13.679424000000001, "wind_dir": "210", "rain_day_mm": 0.0, "rain_rate_mmh": 0.0}