{"ts": 1770937353239, "temp_c": 13.88888888888889, "hum_pct": 47.0, "dew_c": 2.7777777777777777, "wind_kmh": 15.127833600000002, "gust_kmh": 22.369881600000003, "wind_dir": "302", "rain_day_mm": 0.0, "rain_rate_mmh": 0.0}