{"ts": 1775770018817, "temp_c": 13.277777777777779, "hum_pct": 71.0, "dew_c": 8.166666666666668, "wind_kmh": 1.7702784000000003, "gust_kmh": 2.5749504000000005, "wind_dir": "187", "rain_day_mm": 0.0, "rain_rate_mmh": 0.0}