{"ts": 1775605917555, "temp_c": 9.5, "hum_pct": 67.0, "dew_c": 3.6666666666666674, "wind_kmh": 2.0921472000000003, "gust_kmh": 4.02336, "wind_dir": "291", "rain_day_mm": 0.0, "rain_rate_mmh": 0.0}