{"ts": 1781390711727, "temp_c": 19.111111111111114, "hum_pct": 62.0, "dew_c": 11.666666666666666, "wind_kmh": 0.0, "gust_kmh": 2.5749504000000005, "wind_dir": "205", "rain_day_mm": 0.0, "rain_rate_mmh": 0.0}