{"ts": 1777634368419, "temp_c": 23.77777777777778, "hum_pct": 46.0, "dew_c": 11.500000000000002, "wind_kmh": 11.909145600000002, "gust_kmh": 22.6917504, "wind_dir": "156", "rain_day_mm": 0.0, "rain_rate_mmh": 0.0}