{"ts": 1775636264216, "temp_c": 21.5, "hum_pct": 37.0, "dew_c": 6.222222222222224, "wind_kmh": 2.8968192000000004, "gust_kmh": 3.5405568000000005, "wind_dir": "155", "rain_day_mm": 0.0, "rain_rate_mmh": 0.0}