{"ts": 1775087300365, "temp_c": 12.277777777777779, "hum_pct": 49.0, "dew_c": 1.8888888888888882, "wind_kmh": 26.715110400000004, "gust_kmh": 44.25696000000001, "wind_dir": "324", "rain_day_mm": 0.0, "rain_rate_mmh": 0.0}