{"ts": 1781049341224, "temp_c": 18.000000000000004, "hum_pct": 87.0, "dew_c": 15.833333333333334, "wind_kmh": 3.218688, "gust_kmh": 3.218688, "wind_dir": "198", "rain_day_mm": 0.0, "rain_rate_mmh": 0.0}