{"ts": 1773046753853, "temp_c": 16.22222222222222, "hum_pct": 71.0, "dew_c": 10.944444444444446, "wind_kmh": 1.7702784000000003, "gust_kmh": 5.4717696, "wind_dir": "208", "rain_day_mm": 0.0, "rain_rate_mmh": 0.0}