{"ts": 1774332672234, "temp_c": 7.222222222222222, "hum_pct": 91.0, "dew_c": 5.833333333333333, "wind_kmh": 2.5749504000000005, "gust_kmh": 3.5405568000000005, "wind_dir": "236", "rain_day_mm": 0.0, "rain_rate_mmh": 0.0}