{"ts": 1774639539163, "temp_c": 11.38888888888889, "hum_pct": 63.0, "dew_c": 4.61111111111111, "wind_kmh": 4.988966400000001, "gust_kmh": 6.1155072, "wind_dir": "208", "rain_day_mm": 0.0, "rain_rate_mmh": 0.0}