{"ts": 1775203624377, "temp_c": 16.22222222222222, "hum_pct": 39.0, "dew_c": 2.2222222222222223, "wind_kmh": 1.7702784000000003, "gust_kmh": 14.323161600000002, "wind_dir": "138", "rain_day_mm": 0.0, "rain_rate_mmh": 0.0}