{"ts": 1773816132103, "temp_c": 4.000000000000002, "hum_pct": 86.0, "dew_c": 1.8888888888888882, "wind_kmh": 2.0921472000000003, "gust_kmh": 3.218688, "wind_dir": "256", "rain_day_mm": 0.0, "rain_rate_mmh": 0.0}