{"ts": 1773006790712, "temp_c": 8.88888888888889, "hum_pct": 97.0, "dew_c": 8.444444444444446, "wind_kmh": 2.0921472000000003, "gust_kmh": 2.5749504000000005, "wind_dir": "273", "rain_day_mm": 7.112, "rain_rate_mmh": 0.0}