{"ts": 1781758667407, "temp_c": 16.0, "hum_pct": 78.0, "dew_c": 12.166666666666666, "wind_kmh": 4.345228800000001, "gust_kmh": 4.345228800000001, "wind_dir": "322", "rain_day_mm": 0.0, "rain_rate_mmh": 0.0}