{"ts": 1778874668658, "temp_c": 12.777777777777779, "hum_pct": 59.0, "dew_c": 5.0, "wind_kmh": 0.0, "gust_kmh": 3.218688, "wind_dir": "164", "rain_day_mm": 1.016, "rain_rate_mmh": 0.0}