{"ts": 1775131004837, "temp_c": 18.22222222222222, "hum_pct": 35.0, "dew_c": 2.5, "wind_kmh": 13.0356864, "gust_kmh": 33.796224, "wind_dir": "353", "rain_day_mm": 0.0, "rain_rate_mmh": 0.0}