{"ts": 1771477979343, "temp_c": 10.222222222222221, "hum_pct": 55.0, "dew_c": 1.555555555555554, "wind_kmh": 4.02336, "gust_kmh": 16.576243200000004, "wind_dir": "247", "rain_day_mm": 0.0, "rain_rate_mmh": 0.0}