{"ts": 1781314356239, "temp_c": 17.22222222222222, "hum_pct": 62.0, "dew_c": 9.888888888888888, "wind_kmh": 0.0, "gust_kmh": 4.6670976, "wind_dir": "153", "rain_day_mm": 0.0, "rain_rate_mmh": 0.0}