{"ts": 1773568062660, "temp_c": 13.38888888888889, "hum_pct": 31.0, "dew_c": -3.3888888888888897, "wind_kmh": 16.2543744, "gust_kmh": 25.910438400000004, "wind_dir": "282", "rain_day_mm": 0.0, "rain_rate_mmh": 0.0}