{"ts": 1771392021149, "temp_c": 5.7222222222222205, "hum_pct": 91.0, "dew_c": 4.333333333333332, "wind_kmh": 2.8968192000000004, "gust_kmh": 4.345228800000001, "wind_dir": "255", "rain_day_mm": 0.0, "rain_rate_mmh": 0.0}