{"ts": 1782386276243, "temp_c": 33.111111111111114, "hum_pct": 38.0, "dew_c": 16.88888888888889, "wind_kmh": 7.885785600000001, "gust_kmh": 13.0356864, "wind_dir": "184", "rain_day_mm": 0.0, "rain_rate_mmh": 0.0}