{"ts": 1784120129611, "temp_c": 33.388888888888886, "hum_pct": 62.0, "dew_c": 25.11111111111111, "wind_kmh": 2.0921472000000003, "gust_kmh": 4.345228800000001, "wind_dir": "191", "rain_day_mm": 0.0, "rain_rate_mmh": 0.0}