{"ts": 1775762577778, "temp_c": 15.777777777777779, "hum_pct": 67.0, "dew_c": 9.666666666666666, "wind_kmh": 1.7702784000000003, "gust_kmh": 2.8968192000000004, "wind_dir": "224", "rain_day_mm": 0.0, "rain_rate_mmh": 0.0}