{"ts": 1774039706374, "temp_c": 5.999999999999998, "hum_pct": 78.0, "dew_c": 2.4444444444444438, "wind_kmh": 1.7702784000000003, "gust_kmh": 3.218688, "wind_dir": "282", "rain_day_mm": 0.254, "rain_rate_mmh": 0.0}