{"ts": 1781660436028, "temp_c": 18.000000000000004, "hum_pct": 86.0, "dew_c": 15.61111111111111, "wind_kmh": 2.0921472000000003, "gust_kmh": 3.218688, "wind_dir": "289", "rain_day_mm": 0.0, "rain_rate_mmh": 0.0}