{"ts": 1775371599801, "temp_c": 14.61111111111111, "hum_pct": 65.0, "dew_c": 8.11111111111111, "wind_kmh": 2.5749504000000005, "gust_kmh": 2.5749504000000005, "wind_dir": "199", "rain_day_mm": 0.0, "rain_rate_mmh": 0.0}