{"ts": 1773784274073, "temp_c": 7.777777777777778, "hum_pct": 88.0, "dew_c": 5.944444444444446, "wind_kmh": 1.7702784000000003, "gust_kmh": 2.8968192000000004, "wind_dir": "176", "rain_day_mm": 0.0, "rain_rate_mmh": 0.0}