{"ts": 1780582111360, "temp_c": 24.388888888888893, "hum_pct": 73.0, "dew_c": 19.27777777777778, "wind_kmh": 9.0123264, "gust_kmh": 10.460736, "wind_dir": "162", "rain_day_mm": 0.254, "rain_rate_mmh": 0.0}