{"ts": 1770017949109, "temp_c": 7.722222222222222, "hum_pct": 82.0, "dew_c": 4.833333333333335, "wind_kmh": 2.5749504000000005, "gust_kmh": 2.8968192000000004, "wind_dir": "218", "rain_day_mm": null, "rain_rate_mmh": null}