{"ts": 1781247204395, "temp_c": 23.88888888888889, "hum_pct": 61.0, "dew_c": 15.944444444444445, "wind_kmh": 2.0921472000000003, "gust_kmh": 5.793638400000001, "wind_dir": "239", "rain_day_mm": 0.0, "rain_rate_mmh": 0.0}