{"ts": 1777709500066, "temp_c": 17.77777777777778, "hum_pct": 75.0, "dew_c": 13.333333333333334, "wind_kmh": 4.6670976, "gust_kmh": 11.104473600000002, "wind_dir": "153", "rain_day_mm": 2.794, "rain_rate_mmh": 0.0}