{"ts": 1777591925565, "temp_c": 15.722222222222221, "hum_pct": 88.0, "dew_c": 13.722222222222223, "wind_kmh": 4.02336, "gust_kmh": 9.656064, "wind_dir": "214", "rain_day_mm": 0.0, "rain_rate_mmh": 0.0}