{"ts": 1784561457770, "temp_c": 30.11111111111111, "hum_pct": 57.0, "dew_c": 20.666666666666668, "wind_kmh": 12.5528832, "gust_kmh": 19.151193600000003, "wind_dir": "170", "rain_day_mm": 0.0, "rain_rate_mmh": 0.508}