{"ts": 1781292742129, "temp_c": 22.88888888888889, "hum_pct": 63.0, "dew_c": 15.5, "wind_kmh": 3.218688, "gust_kmh": 6.759244800000001, "wind_dir": "193", "rain_day_mm": 0.0, "rain_rate_mmh": 0.0}