{"ts": 1771779708403, "temp_c": 16.5, "hum_pct": 60.0, "dew_c": 8.722222222222223, "wind_kmh": 2.8968192000000004, "gust_kmh": 6.759244800000001, "wind_dir": "198", "rain_day_mm": 0.0, "rain_rate_mmh": 0.0}