{"ts": 1771192342970, "temp_c": 13.277777777777779, "hum_pct": 49.0, "dew_c": 2.833333333333334, "wind_kmh": 11.587276800000001, "gust_kmh": 14.323161600000002, "wind_dir": "275", "rain_day_mm": 0.0, "rain_rate_mmh": 0.0}