{"ts": 1779549309643, "temp_c": 28.111111111111107, "hum_pct": 40.0, "dew_c": 13.222222222222221, "wind_kmh": 11.587276800000001, "gust_kmh": 19.151193600000003, "wind_dir": "176", "rain_day_mm": 0.0, "rain_rate_mmh": 0.0}