{"ts": 1781081956898, "temp_c": 24.111111111111114, "hum_pct": 41.0, "dew_c": 10.055555555555555, "wind_kmh": 8.690457600000002, "gust_kmh": 8.690457600000002, "wind_dir": "4", "rain_day_mm": 1.5239999999999998, "rain_rate_mmh": 0.0}