{"ts": 1778756449592, "temp_c": 19.72222222222222, "hum_pct": 37.0, "dew_c": 4.61111111111111, "wind_kmh": 7.885785600000001, "gust_kmh": 25.588569600000003, "wind_dir": "254", "rain_day_mm": 0.0, "rain_rate_mmh": 0.0}