{"ts": 1773175698136, "temp_c": 7.11111111111111, "hum_pct": 94.0, "dew_c": 6.222222222222224, "wind_kmh": 0.0, "gust_kmh": 2.8968192000000004, "wind_dir": "249", "rain_day_mm": 0.0, "rain_rate_mmh": 0.0}