{"ts": 1779338392411, "temp_c": 11.11111111111111, "hum_pct": 91.0, "dew_c": 9.666666666666666, "wind_kmh": 0.0, "gust_kmh": 3.5405568000000005, "wind_dir": "271", "rain_day_mm": 0.0, "rain_rate_mmh": 0.0}