{"ts": 1780748011001, "temp_c": 25.222222222222225, "hum_pct": 64.0, "dew_c": 17.88888888888889, "wind_kmh": 5.4717696, "gust_kmh": 15.127833600000002, "wind_dir": "188", "rain_day_mm": 0.0, "rain_rate_mmh": 0.0}