{"ts": 1771834015724, "temp_c": 13.88888888888889, "hum_pct": 57.0, "dew_c": 5.555555555555555, "wind_kmh": 2.5749504000000005, "gust_kmh": 11.104473600000002, "wind_dir": "34", "rain_day_mm": 0.0, "rain_rate_mmh": 0.0}