{"ts": 1775023345045, "temp_c": 9.777777777777779, "hum_pct": 58.0, "dew_c": 1.9444444444444444, "wind_kmh": 4.988966400000001, "gust_kmh": 10.460736, "wind_dir": "308", "rain_day_mm": 0.0, "rain_rate_mmh": 0.0}