{"ts": 1774495429861, "temp_c": 8.277777777777779, "hum_pct": 52.0, "dew_c": -1.0000000000000004, "wind_kmh": 7.563916800000001, "gust_kmh": 7.885785600000001, "wind_dir": "203", "rain_day_mm": 0.0, "rain_rate_mmh": 0.0}