{"ts": 1773395627535, "temp_c": 17.88888888888889, "hum_pct": 62.0, "dew_c": 10.5, "wind_kmh": 7.2420480000000005, "gust_kmh": 9.3341952, "wind_dir": "179", "rain_day_mm": 0.0, "rain_rate_mmh": 0.0}