{"ts": 1776333600357, "temp_c": 22.38888888888889, "hum_pct": 50.0, "dew_c": 11.500000000000002, "wind_kmh": 7.563916800000001, "gust_kmh": 14.323161600000002, "wind_dir": "171", "rain_day_mm": 0.0, "rain_rate_mmh": 0.0}