{"ts": 1773791095985, "temp_c": 5.888888888888889, "hum_pct": 84.0, "dew_c": 3.3888888888888897, "wind_kmh": 1.7702784000000003, "gust_kmh": 3.218688, "wind_dir": "243", "rain_day_mm": 0.0, "rain_rate_mmh": 0.0}