{"ts": 1774076418940, "temp_c": 6.888888888888888, "hum_pct": 68.0, "dew_c": 1.3888888888888888, "wind_kmh": 0.0, "gust_kmh": 3.218688, "wind_dir": "253", "rain_day_mm": 0.0, "rain_rate_mmh": 0.0}