{"ts": 1777771173074, "temp_c": 16.11111111111111, "hum_pct": 80.0, "dew_c": 12.666666666666664, "wind_kmh": 3.5405568000000005, "gust_kmh": 8.2076544, "wind_dir": "194", "rain_day_mm": 0.0, "rain_rate_mmh": 0.0}