{"ts": 1774121662150, "temp_c": 9.277777777777779, "hum_pct": 73.0, "dew_c": 4.722222222222222, "wind_kmh": 0.0, "gust_kmh": 2.5749504000000005, "wind_dir": "243", "rain_day_mm": 0.0, "rain_rate_mmh": 0.0}