{"ts": 1777059309141, "temp_c": 14.61111111111111, "hum_pct": 71.0, "dew_c": 9.38888888888889, "wind_kmh": 3.218688, "gust_kmh": 4.988966400000001, "wind_dir": "198", "rain_day_mm": 0.0, "rain_rate_mmh": 0.0}