{"ts": 1775951304692, "temp_c": 16.61111111111111, "hum_pct": 47.0, "dew_c": 5.277777777777778, "wind_kmh": 1.7702784000000003, "gust_kmh": 2.5749504000000005, "wind_dir": "135", "rain_day_mm": 0.0, "rain_rate_mmh": 0.0}