{"ts": 1784154921325, "temp_c": 26.611111111111114, "hum_pct": 79.0, "dew_c": 22.666666666666668, "wind_kmh": 5.4717696, "gust_kmh": 7.2420480000000005, "wind_dir": "56", "rain_day_mm": 0.0, "rain_rate_mmh": 0.0}