{"ts": 1773847305043, "temp_c": 17.72222222222222, "hum_pct": 53.0, "dew_c": 8.0, "wind_kmh": 7.885785600000001, "gust_kmh": 23.818291200000004, "wind_dir": "138", "rain_day_mm": 0.0, "rain_rate_mmh": 0.0}