{"ts": 1778884412656, "temp_c": 9.38888888888889, "hum_pct": 72.0, "dew_c": 4.61111111111111, "wind_kmh": 0.0, "gust_kmh": 2.8968192000000004, "wind_dir": "180", "rain_day_mm": 0.0, "rain_rate_mmh": 0.0}