{"ts": 1778087256468, "temp_c": 21.27777777777778, "hum_pct": 45.0, "dew_c": 8.88888888888889, "wind_kmh": 9.656064, "gust_kmh": 14.0012928, "wind_dir": "186", "rain_day_mm": 0.0, "rain_rate_mmh": 0.0}