{"ts": 1772129257809, "temp_c": 12.222222222222221, "hum_pct": 78.0, "dew_c": 8.499999999999998, "wind_kmh": 6.1155072, "gust_kmh": 7.885785600000001, "wind_dir": "223", "rain_day_mm": 0.0, "rain_rate_mmh": 0.0}