{"ts": 1775724260169, "temp_c": 20.38888888888889, "hum_pct": 44.0, "dew_c": 7.722222222222222, "wind_kmh": 2.0921472000000003, "gust_kmh": 4.345228800000001, "wind_dir": "204", "rain_day_mm": 0.0, "rain_rate_mmh": 0.0}