{"ts": 1777722968503, "temp_c": 21.722222222222218, "hum_pct": 48.0, "dew_c": 10.222222222222221, "wind_kmh": 17.702784, "gust_kmh": 23.818291200000004, "wind_dir": "167", "rain_day_mm": 2.794, "rain_rate_mmh": 0.0}