{"ts": 1770674837085, "temp_c": 9.611111111111109, "hum_pct": 87.0, "dew_c": 7.555555555555555, "wind_kmh": 1.7702784000000003, "gust_kmh": 2.5749504000000005, "wind_dir": "225", "rain_day_mm": 0.508, "rain_rate_mmh": 0.0}