{"ts": 1781999236503, "temp_c": 21.611111111111114, "hum_pct": 55.0, "dew_c": 12.166666666666666, "wind_kmh": 0.0, "gust_kmh": 0.0, "wind_dir": "178", "rain_day_mm": 0.0, "rain_rate_mmh": 0.0}