{"ts": 1774737947075, "temp_c": 12.611111111111112, "hum_pct": 43.0, "dew_c": 0.33333333333333415, "wind_kmh": 11.909145600000002, "gust_kmh": 20.599603200000004, "wind_dir": "299", "rain_day_mm": 0.0, "rain_rate_mmh": 0.0}