{"ts": 1784356261371, "temp_c": 27.722222222222225, "hum_pct": 70.0, "dew_c": 21.722222222222218, "wind_kmh": 0.0, "gust_kmh": 2.8968192000000004, "wind_dir": "331", "rain_day_mm": 0.0, "rain_rate_mmh": 0.0}