{"ts": 1784468940494, "temp_c": 34.5, "hum_pct": 40.0, "dew_c": 18.944444444444443, "wind_kmh": 8.690457600000002, "gust_kmh": 11.909145600000002, "wind_dir": "170", "rain_day_mm": 0.0, "rain_rate_mmh": 0.0}