{"ts": 1772664485866, "temp_c": 13.61111111111111, "hum_pct": 72.0, "dew_c": 8.666666666666666, "wind_kmh": 2.8968192000000004, "gust_kmh": 4.345228800000001, "wind_dir": "205", "rain_day_mm": 0.0, "rain_rate_mmh": 0.0}