{"ts": 1779234271674, "temp_c": 15.277777777777779, "hum_pct": 91.0, "dew_c": 13.833333333333334, "wind_kmh": 1.7702784000000003, "gust_kmh": 2.5749504000000005, "wind_dir": "264", "rain_day_mm": 0.0, "rain_rate_mmh": 0.0}