{"ts": 1781143364996, "temp_c": 15.722222222222221, "hum_pct": 69.0, "dew_c": 10.055555555555555, "wind_kmh": 2.8968192000000004, "gust_kmh": 5.4717696, "wind_dir": "246", "rain_day_mm": 0.0, "rain_rate_mmh": 0.0}