{"ts": 1770464817994, "temp_c": 13.88888888888889, "hum_pct": 42.0, "dew_c": 1.2222222222222239, "wind_kmh": 5.4717696, "gust_kmh": 25.2667008, "wind_dir": "266", "rain_day_mm": 0.0, "rain_rate_mmh": 0.0}