{"ts": 1779908543624, "temp_c": 23.77777777777778, "hum_pct": 57.0, "dew_c": 14.777777777777779, "wind_kmh": 4.6670976, "gust_kmh": 8.690457600000002, "wind_dir": "199", "rain_day_mm": 0.0, "rain_rate_mmh": 0.0}