{"ts": 1775446607776, "temp_c": 8.499999999999998, "hum_pct": 70.0, "dew_c": 3.3333333333333335, "wind_kmh": 1.7702784000000003, "gust_kmh": 2.8968192000000004, "wind_dir": "238", "rain_day_mm": 0.0, "rain_rate_mmh": 0.0}