{"ts": 1775252820831, "temp_c": 10.388888888888891, "hum_pct": 73.0, "dew_c": 5.777777777777777, "wind_kmh": 2.8968192000000004, "gust_kmh": 3.5405568000000005, "wind_dir": "291", "rain_day_mm": 0.0, "rain_rate_mmh": 0.0}