{"ts": 1777147608616, "temp_c": 14.5, "hum_pct": 75.0, "dew_c": 10.111111111111112, "wind_kmh": 1.7702784000000003, "gust_kmh": 2.5749504000000005, "wind_dir": "224", "rain_day_mm": 0.0, "rain_rate_mmh": 0.0}