{"ts": 1772998382106, "temp_c": 9.000000000000002, "hum_pct": 95.0, "dew_c": 8.222222222222221, "wind_kmh": 2.5749504000000005, "gust_kmh": 2.8968192000000004, "wind_dir": "265", "rain_day_mm": 7.112, "rain_rate_mmh": 0.0}