{"ts": 1784846048742, "temp_c": 26.5, "hum_pct": 86.0, "dew_c": 23.944444444444443, "wind_kmh": 4.6670976, "gust_kmh": 9.0123264, "wind_dir": "133", "rain_day_mm": 0.0, "rain_rate_mmh": 0.0}