{"ts": 1779083629325, "temp_c": 14.777777777777779, "hum_pct": 86.0, "dew_c": 12.5, "wind_kmh": 3.5405568000000005, "gust_kmh": 4.6670976, "wind_dir": "170", "rain_day_mm": 0.0, "rain_rate_mmh": 0.0}