{"ts": 1772351976578, "temp_c": 9.11111111111111, "hum_pct": 94.0, "dew_c": 8.166666666666668, "wind_kmh": 2.8968192000000004, "gust_kmh": 4.345228800000001, "wind_dir": "256", "rain_day_mm": 0.0, "rain_rate_mmh": 0.0}