{"ts": 1774712664209, "temp_c": 18.88888888888889, "hum_pct": 31.0, "dew_c": 1.3888888888888888, "wind_kmh": 5.4717696, "gust_kmh": 14.8059648, "wind_dir": "310", "rain_day_mm": 0.0, "rain_rate_mmh": 0.0}