{"ts": 1773291355560, "temp_c": 7.222222222222222, "hum_pct": 90.0, "dew_c": 5.666666666666668, "wind_kmh": 1.7702784000000003, "gust_kmh": 2.8968192000000004, "wind_dir": "252", "rain_day_mm": 0.0, "rain_rate_mmh": 0.0}