{"ts": 1774093937730, "temp_c": 17.77777777777778, "hum_pct": 31.0, "dew_c": 0.44444444444444287, "wind_kmh": 20.599603200000004, "gust_kmh": 22.369881600000003, "wind_dir": "166", "rain_day_mm": 0.0, "rain_rate_mmh": 0.0}