{"ts": 1784396224680, "temp_c": 29.27777777777778, "hum_pct": 59.0, "dew_c": 20.444444444444443, "wind_kmh": 11.909145600000002, "gust_kmh": 16.898112, "wind_dir": "180", "rain_day_mm": 0.0, "rain_rate_mmh": 0.0}