{"ts": 1783064919076, "temp_c": 28.22222222222222, "hum_pct": 39.0, "dew_c": 12.944444444444443, "wind_kmh": 3.5405568000000005, "gust_kmh": 25.588569600000003, "wind_dir": "314", "rain_day_mm": 0.0, "rain_rate_mmh": 0.0}