{"ts": 1772898747619, "temp_c": 9.222222222222221, "hum_pct": 93.0, "dew_c": 8.11111111111111, "wind_kmh": 3.5405568000000005, "gust_kmh": 9.0123264, "wind_dir": "194", "rain_day_mm": 17.525999999999996, "rain_rate_mmh": 0.508}