{"ts": 1772975351803, "temp_c": 13.38888888888889, "hum_pct": 82.0, "dew_c": 10.388888888888891, "wind_kmh": 8.690457600000002, "gust_kmh": 12.5528832, "wind_dir": "180", "rain_day_mm": 6.858, "rain_rate_mmh": 1.778}