{"ts": 1778434432802, "temp_c": 19.0, "hum_pct": 69.0, "dew_c": 13.166666666666668, "wind_kmh": 11.587276800000001, "gust_kmh": 19.151193600000003, "wind_dir": "195", "rain_day_mm": 0.0, "rain_rate_mmh": 0.0}