{"ts": 1772803136076, "temp_c": 13.38888888888889, "hum_pct": 87.0, "dew_c": 11.277777777777777, "wind_kmh": 7.563916800000001, "gust_kmh": 18.6683904, "wind_dir": "150", "rain_day_mm": 10.668, "rain_rate_mmh": 5.334}