{"ts": 1770497881328, "temp_c": 9.000000000000002, "hum_pct": 72.0, "dew_c": 4.222222222222223, "wind_kmh": 2.0921472000000003, "gust_kmh": 2.8968192000000004, "wind_dir": "256", "rain_day_mm": 0.0, "rain_rate_mmh": 0.0}