{"ts": 1784211510040, "temp_c": 32.111111111111114, "hum_pct": 62.0, "dew_c": 23.88888888888889, "wind_kmh": 13.357555200000002, "gust_kmh": 18.6683904, "wind_dir": "172", "rain_day_mm": 0.0, "rain_rate_mmh": 0.0}