{"ts": 1772970594861, "temp_c": 15.0, "hum_pct": 75.0, "dew_c": 10.61111111111111, "wind_kmh": 2.8968192000000004, "gust_kmh": 11.587276800000001, "wind_dir": "215", "rain_day_mm": 6.35, "rain_rate_mmh": 0.0}