{"ts": 1772544067642, "temp_c": 17.61111111111111, "hum_pct": 60.0, "dew_c": 9.777777777777779, "wind_kmh": 4.988966400000001, "gust_kmh": 18.346521600000003, "wind_dir": "94", "rain_day_mm": 1.016, "rain_rate_mmh": 0.0}