{"ts": 1784704624686, "temp_c": 31.27777777777778, "hum_pct": 39.0, "dew_c": 15.722222222222221, "wind_kmh": 0.0, "gust_kmh": 2.0921472000000003, "wind_dir": "182", "rain_day_mm": 0.0, "rain_rate_mmh": 0.0}