{"ts": 1771286277939, "temp_c": 15.11111111111111, "hum_pct": 51.0, "dew_c": 5.055555555555556, "wind_kmh": 9.3341952, "gust_kmh": 10.1388672, "wind_dir": "110", "rain_day_mm": 0.0, "rain_rate_mmh": 0.0}