{"ts": 1772431404136, "temp_c": 7.000000000000001, "hum_pct": 95.0, "dew_c": 6.277777777777776, "wind_kmh": 2.5749504000000005, "gust_kmh": 3.5405568000000005, "wind_dir": "218", "rain_day_mm": 0.0, "rain_rate_mmh": 0.0}