{"ts": 1773765779774, "temp_c": 18.72222222222222, "hum_pct": 50.0, "dew_c": 8.055555555555555, "wind_kmh": 9.656064, "gust_kmh": 15.127833600000002, "wind_dir": "183", "rain_day_mm": 0.0, "rain_rate_mmh": 0.0}