{"ts": 1778808431257, "temp_c": 13.88888888888889, "hum_pct": 50.0, "dew_c": 3.6666666666666674, "wind_kmh": 29.129126400000004, "gust_kmh": 33.474355200000005, "wind_dir": "36", "rain_day_mm": 0.0, "rain_rate_mmh": 0.0}