{"ts": 1775994359237, "temp_c": 12.111111111111109, "hum_pct": 70.0, "dew_c": 6.7777777777777795, "wind_kmh": 11.104473600000002, "gust_kmh": 27.6807168, "wind_dir": "6", "rain_day_mm": 0.0, "rain_rate_mmh": 0.0}