{"ts": 1773851949889, "temp_c": 15.722222222222221, "hum_pct": 58.0, "dew_c": 7.444444444444445, "wind_kmh": 11.909145600000002, "gust_kmh": 19.151193600000003, "wind_dir": "146", "rain_day_mm": 0.0, "rain_rate_mmh": 0.0}