{"ts": 1772349844111, "temp_c": 8.38888888888889, "hum_pct": 96.0, "dew_c": 7.777777777777778, "wind_kmh": 0.0, "gust_kmh": 2.5749504000000005, "wind_dir": "185", "rain_day_mm": 0.0, "rain_rate_mmh": 0.0}