{"ts": 1775916539933, "temp_c": 24.499999999999996, "hum_pct": 29.0, "dew_c": 5.333333333333334, "wind_kmh": 4.988966400000001, "gust_kmh": 6.437376, "wind_dir": "184", "rain_day_mm": 0.0, "rain_rate_mmh": 0.0}