{"ts": 1772636949208, "temp_c": 17.61111111111111, "hum_pct": 61.0, "dew_c": 10.0, "wind_kmh": 4.988966400000001, "gust_kmh": 11.909145600000002, "wind_dir": "113", "rain_day_mm": 0.0, "rain_rate_mmh": 0.0}