{"ts": 1777693586805, "temp_c": 15.61111111111111, "hum_pct": 91.0, "dew_c": 14.11111111111111, "wind_kmh": 2.0921472000000003, "gust_kmh": 4.02336, "wind_dir": "146", "rain_day_mm": 0.254, "rain_rate_mmh": 1.27}