{"ts": 1778386171838, "temp_c": 8.88888888888889, "hum_pct": 98.0, "dew_c": 8.61111111111111, "wind_kmh": 2.0921472000000003, "gust_kmh": 3.5405568000000005, "wind_dir": "225", "rain_day_mm": 0.0, "rain_rate_mmh": 0.0}