{"ts": 1778991421373, "temp_c": 9.11111111111111, "hum_pct": 82.0, "dew_c": 6.166666666666668, "wind_kmh": 2.0921472000000003, "gust_kmh": 3.5405568000000005, "wind_dir": "228", "rain_day_mm": 0.0, "rain_rate_mmh": 0.0}