{"ts": 1771109794662, "temp_c": 8.88888888888889, "hum_pct": 56.0, "dew_c": 0.6111111111111119, "wind_kmh": 10.460736, "gust_kmh": 27.358848000000002, "wind_dir": "313", "rain_day_mm": 0.0, "rain_rate_mmh": 0.0}