{"ts": 1782223325366, "temp_c": 35.111111111111114, "hum_pct": 31.0, "dew_c": 15.444444444444445, "wind_kmh": 11.909145600000002, "gust_kmh": 16.898112, "wind_dir": "179", "rain_day_mm": 0.0, "rain_rate_mmh": 0.0}