{"ts": 1782279992224, "temp_c": 24.111111111111114, "hum_pct": 55.0, "dew_c": 14.5, "wind_kmh": 1.7702784000000003, "gust_kmh": 2.0921472000000003, "wind_dir": "251", "rain_day_mm": 0.0, "rain_rate_mmh": 0.0}