{"ts": 1774425562827, "temp_c": 16.11111111111111, "hum_pct": 58.0, "dew_c": 7.833333333333333, "wind_kmh": 3.218688, "gust_kmh": 4.6670976, "wind_dir": "205", "rain_day_mm": 0.0, "rain_rate_mmh": 0.0}