{"ts": 1773738322527, "temp_c": 18.77777777777778, "hum_pct": 49.0, "dew_c": 7.88888888888889, "wind_kmh": 2.8968192000000004, "gust_kmh": 8.690457600000002, "wind_dir": "150", "rain_day_mm": 0.0, "rain_rate_mmh": 0.0}