{"ts": 1774944832980, "temp_c": 18.5, "hum_pct": 34.0, "dew_c": 2.333333333333335, "wind_kmh": 4.345228800000001, "gust_kmh": 23.013619200000004, "wind_dir": "337", "rain_day_mm": 0.0, "rain_rate_mmh": 0.0}