{"ts": 1778526655262, "temp_c": 17.77777777777778, "hum_pct": 65.0, "dew_c": 11.166666666666666, "wind_kmh": 7.885785600000001, "gust_kmh": 10.782604800000001, "wind_dir": "184", "rain_day_mm": 0.0, "rain_rate_mmh": 0.0}