{"ts": 1778801588851, "temp_c": 15.11111111111111, "hum_pct": 47.0, "dew_c": 3.888888888888889, "wind_kmh": 13.679424000000001, "gust_kmh": 30.8994048, "wind_dir": "333", "rain_day_mm": 0.0, "rain_rate_mmh": 0.0}