{"ts": 1772364674728, "temp_c": 15.222222222222221, "hum_pct": 65.0, "dew_c": 8.666666666666666, "wind_kmh": 6.759244800000001, "gust_kmh": 12.2310144, "wind_dir": "145", "rain_day_mm": 0.254, "rain_rate_mmh": 0.508}