{"ts": 1781414308750, "temp_c": 17.77777777777778, "hum_pct": 61.0, "dew_c": 10.166666666666664, "wind_kmh": 0.0, "gust_kmh": 4.02336, "wind_dir": "322", "rain_day_mm": 0.0, "rain_rate_mmh": 0.0}