{"ts": 1772679031027, "temp_c": 14.11111111111111, "hum_pct": 68.0, "dew_c": 8.277777777777779, "wind_kmh": 4.988966400000001, "gust_kmh": 12.5528832, "wind_dir": "266", "rain_day_mm": 0.0, "rain_rate_mmh": 0.0}