{"ts": 1784286477274, "temp_c": 33.611111111111114, "hum_pct": 53.0, "dew_c": 22.722222222222225, "wind_kmh": 8.690457600000002, "gust_kmh": 18.346521600000003, "wind_dir": "146", "rain_day_mm": 0.0, "rain_rate_mmh": 0.0}