{"ts": 1782672455790, "temp_c": 29.72222222222222, "hum_pct": 44.0, "dew_c": 16.166666666666668, "wind_kmh": 2.5749504000000005, "gust_kmh": 7.563916800000001, "wind_dir": "210", "rain_day_mm": 0.0, "rain_rate_mmh": 0.0}