{"ts": 1773162288172, "temp_c": 14.11111111111111, "hum_pct": 71.0, "dew_c": 8.944444444444445, "wind_kmh": 6.1155072, "gust_kmh": 17.2199808, "wind_dir": "181", "rain_day_mm": 0.0, "rain_rate_mmh": 0.0}