{"ts": 1769927484403, "temp_c": 7.000000000000001, "hum_pct": 69.0, "dew_c": 1.722222222222223, "wind_kmh": 4.02336, "gust_kmh": 4.6670976, "wind_dir": "210", "rain_day_mm": null, "rain_rate_mmh": null}