{"ts": 1776966940734, "temp_c": 18.72222222222222, "hum_pct": 50.0, "dew_c": 8.055555555555555, "wind_kmh": 12.2310144, "gust_kmh": 21.565209600000003, "wind_dir": "151", "rain_day_mm": 0.0, "rain_rate_mmh": 0.0}