{"ts": 1774132735301, "temp_c": 6.722222222222223, "hum_pct": 85.0, "dew_c": 4.333333333333332, "wind_kmh": 2.8968192000000004, "gust_kmh": 3.5405568000000005, "wind_dir": "220", "rain_day_mm": 0.0, "rain_rate_mmh": 0.0}