{"ts": 1771660852578, "temp_c": 11.777777777777779, "hum_pct": 57.0, "dew_c": 3.555555555555555, "wind_kmh": 4.6670976, "gust_kmh": 6.437376, "wind_dir": "296", "rain_day_mm": 0.0, "rain_rate_mmh": 0.0}