{"ts": 1779738937165, "temp_c": 20.38888888888889, "hum_pct": 51.0, "dew_c": 9.944444444444445, "wind_kmh": 0.0, "gust_kmh": 2.5749504000000005, "wind_dir": "257", "rain_day_mm": 0.0, "rain_rate_mmh": 0.0}