{"ts": 1772833224061, "temp_c": 11.61111111111111, "hum_pct": 86.0, "dew_c": 9.333333333333332, "wind_kmh": 0.0, "gust_kmh": 13.357555200000002, "wind_dir": "190", "rain_day_mm": 14.477999999999998, "rain_rate_mmh": 0.0}