{"ts": 1781273660175, "temp_c": 28.72222222222222, "hum_pct": 41.0, "dew_c": 14.166666666666666, "wind_kmh": 9.0123264, "gust_kmh": 18.346521600000003, "wind_dir": "189", "rain_day_mm": 0.0, "rain_rate_mmh": 0.0}