{"ts": 1770148143781, "temp_c": 8.777777777777777, "hum_pct": 68.0, "dew_c": 3.2222222222222205, "wind_kmh": 2.5749504000000005, "gust_kmh": 2.8968192000000004, "wind_dir": "249", "rain_day_mm": 0.0, "rain_rate_mmh": 0.0}