{"ts": 1781892341906, "temp_c": 29.88888888888889, "hum_pct": 40.0, "dew_c": 14.833333333333334, "wind_kmh": 9.0123264, "gust_kmh": 10.1388672, "wind_dir": "201", "rain_day_mm": 0.254, "rain_rate_mmh": 0.0}