{"ts": 1770335615128, "temp_c": 13.222222222222221, "hum_pct": 58.0, "dew_c": 5.1111111111111125, "wind_kmh": 8.2076544, "gust_kmh": 22.0480128, "wind_dir": "191", "rain_day_mm": 0.0, "rain_rate_mmh": 0.0}