{"ts": 1778660359437, "temp_c": 18.5, "hum_pct": 49.0, "dew_c": 7.6111111111111125, "wind_kmh": 5.793638400000001, "gust_kmh": 8.2076544, "wind_dir": "169", "rain_day_mm": 0.0, "rain_rate_mmh": 0.0}