{"ts": 1774462025978, "temp_c": 17.72222222222222, "hum_pct": 45.0, "dew_c": 5.611111111111112, "wind_kmh": 0.0, "gust_kmh": 2.8968192000000004, "wind_dir": "132", "rain_day_mm": 0.0, "rain_rate_mmh": 0.0}