{"ts": 1775127998611, "temp_c": 18.388888888888886, "hum_pct": 34.0, "dew_c": 2.2777777777777786, "wind_kmh": 5.793638400000001, "gust_kmh": 28.8072576, "wind_dir": "347", "rain_day_mm": 0.0, "rain_rate_mmh": 0.0}