{"ts": 1778968850032, "temp_c": 12.277777777777779, "hum_pct": 72.0, "dew_c": 7.3888888888888875, "wind_kmh": 2.5749504000000005, "gust_kmh": 2.5749504000000005, "wind_dir": "262", "rain_day_mm": 0.0, "rain_rate_mmh": 0.0}