{"ts": 1772322370556, "temp_c": 10.0, "hum_pct": 95.0, "dew_c": 9.222222222222221, "wind_kmh": 3.218688, "gust_kmh": 4.988966400000001, "wind_dir": "294", "rain_day_mm": 0.0, "rain_rate_mmh": 0.0}