{"ts": 1773499531250, "temp_c": 18.72222222222222, "hum_pct": 37.0, "dew_c": 3.7222222222222237, "wind_kmh": 15.4497024, "gust_kmh": 17.702784, "wind_dir": "265", "rain_day_mm": 0.0, "rain_rate_mmh": 0.0}