{"ts": 1770660262678, "temp_c": 11.777777777777779, "hum_pct": 71.0, "dew_c": 6.722222222222223, "wind_kmh": 4.6670976, "gust_kmh": 12.2310144, "wind_dir": "197", "rain_day_mm": 0.0, "rain_rate_mmh": 0.0}