{"ts": 1781981050608, "temp_c": 29.0, "hum_pct": 35.0, "dew_c": 12.0, "wind_kmh": 2.5749504000000005, "gust_kmh": 5.793638400000001, "wind_dir": "189", "rain_day_mm": 0.0, "rain_rate_mmh": 0.0}