{"ts": 1772478212477, "temp_c": 11.722222222222221, "hum_pct": 84.0, "dew_c": 9.11111111111111, "wind_kmh": 4.345228800000001, "gust_kmh": 9.656064, "wind_dir": "169", "rain_day_mm": 0.0, "rain_rate_mmh": 0.0}