{"ts": 1776128902040, "temp_c": 7.777777777777778, "hum_pct": 64.0, "dew_c": 1.4444444444444453, "wind_kmh": 1.7702784000000003, "gust_kmh": 7.2420480000000005, "wind_dir": "185", "rain_day_mm": 0.0, "rain_rate_mmh": 0.0}