{"ts": 1773295364251, "temp_c": 6.888888888888888, "hum_pct": 94.0, "dew_c": 5.999999999999998, "wind_kmh": 2.8968192000000004, "gust_kmh": 2.8968192000000004, "wind_dir": "224", "rain_day_mm": 0.0, "rain_rate_mmh": 0.0}