{"ts": 1770053988698, "temp_c": 10.88888888888889, "hum_pct": 91.0, "dew_c": 9.5, "wind_kmh": 2.8968192000000004, "gust_kmh": 3.218688, "wind_dir": "228", "rain_day_mm": 1.5239999999999998, "rain_rate_mmh": 1.778}