{"ts": 1776800081700, "temp_c": 17.11111111111111, "hum_pct": 75.0, "dew_c": 12.611111111111112, "wind_kmh": 4.6670976, "gust_kmh": 7.563916800000001, "wind_dir": "187", "rain_day_mm": 0.0, "rain_rate_mmh": 0.0}