{"ts": 1772092927870, "temp_c": 11.61111111111111, "hum_pct": 67.0, "dew_c": 5.666666666666668, "wind_kmh": 1.7702784000000003, "gust_kmh": 2.5749504000000005, "wind_dir": "259", "rain_day_mm": 0.0, "rain_rate_mmh": 0.0}