{"ts": 1773435052727, "temp_c": 10.88888888888889, "hum_pct": 92.0, "dew_c": 9.666666666666666, "wind_kmh": 4.345228800000001, "gust_kmh": 6.759244800000001, "wind_dir": "225", "rain_day_mm": 0.0, "rain_rate_mmh": 0.0}