{"ts": 1784327236964, "temp_c": 25.0, "hum_pct": 84.0, "dew_c": 22.11111111111111, "wind_kmh": 0.0, "gust_kmh": 4.02336, "wind_dir": "177", "rain_day_mm": 0.0, "rain_rate_mmh": 0.0}