{"ts": 1771340893886, "temp_c": 20.72222222222222, "hum_pct": 43.0, "dew_c": 7.666666666666665, "wind_kmh": 6.1155072, "gust_kmh": 26.232307200000005, "wind_dir": "267", "rain_day_mm": 0.0, "rain_rate_mmh": 0.0}