{"ts": 1770919976191, "temp_c": 14.722222222222221, "hum_pct": 43.0, "dew_c": 2.2777777777777786, "wind_kmh": 16.898112, "gust_kmh": 18.6683904, "wind_dir": "313", "rain_day_mm": 0.0, "rain_rate_mmh": 0.0}