{"ts": 1780724232182, "temp_c": 17.38888888888889, "hum_pct": 84.0, "dew_c": 14.666666666666666, "wind_kmh": 2.0921472000000003, "gust_kmh": 3.5405568000000005, "wind_dir": "321", "rain_day_mm": 0.0, "rain_rate_mmh": 0.0}