{"ts": 1780940189049, "temp_c": 26.77777777777778, "hum_pct": 49.0, "dew_c": 15.222222222222221, "wind_kmh": 10.460736, "gust_kmh": 19.151193600000003, "wind_dir": "177", "rain_day_mm": 0.0, "rain_rate_mmh": 0.0}