{"ts": 1777544314371, "temp_c": 24.388888888888893, "hum_pct": 46.0, "dew_c": 12.055555555555557, "wind_kmh": 16.898112, "gust_kmh": 21.2433408, "wind_dir": "182", "rain_day_mm": 0.0, "rain_rate_mmh": 0.0}