{"ts": 1774997367275, "temp_c": 13.61111111111111, "hum_pct": 38.0, "dew_c": -0.44444444444444486, "wind_kmh": 3.218688, "gust_kmh": 6.437376, "wind_dir": "296", "rain_day_mm": 0.0, "rain_rate_mmh": 0.0}