{"ts": 1774222793686, "temp_c": 11.500000000000002, "hum_pct": 85.0, "dew_c": 9.055555555555554, "wind_kmh": 6.437376, "gust_kmh": 9.656064, "wind_dir": "139", "rain_day_mm": 0.0, "rain_rate_mmh": 0.0}