{"ts": 1772355621891, "temp_c": 12.777777777777779, "hum_pct": 83.0, "dew_c": 10.0, "wind_kmh": 2.8968192000000004, "gust_kmh": 3.218688, "wind_dir": "234", "rain_day_mm": 0.0, "rain_rate_mmh": 0.0}