{"ts": 1771185445564, "temp_c": 11.38888888888889, "hum_pct": 58.0, "dew_c": 3.444444444444446, "wind_kmh": 2.0921472000000003, "gust_kmh": 4.6670976, "wind_dir": "261", "rain_day_mm": 0.0, "rain_rate_mmh": 0.0}