{"ts": 1773402104112, "temp_c": 18.61111111111111, "hum_pct": 60.0, "dew_c": 10.666666666666668, "wind_kmh": 9.0123264, "gust_kmh": 12.2310144, "wind_dir": "217", "rain_day_mm": 0.0, "rain_rate_mmh": 0.0}