{"ts": 1774092809840, "temp_c": 17.5, "hum_pct": 32.0, "dew_c": 0.6111111111111119, "wind_kmh": 4.988966400000001, "gust_kmh": 12.2310144, "wind_dir": "206", "rain_day_mm": 0.0, "rain_rate_mmh": 0.0}