{"ts": 1770595056924, "temp_c": 11.500000000000002, "hum_pct": 49.0, "dew_c": 1.1666666666666674, "wind_kmh": 2.0921472000000003, "gust_kmh": 14.8059648, "wind_dir": "339", "rain_day_mm": 0.0, "rain_rate_mmh": 0.0}