{"ts": 1772955666572, "temp_c": 9.38888888888889, "hum_pct": 94.0, "dew_c": 8.499999999999998, "wind_kmh": 3.5405568000000005, "gust_kmh": 4.345228800000001, "wind_dir": "196", "rain_day_mm": 0.0, "rain_rate_mmh": 0.0}