{"ts": 1778965350105, "temp_c": 14.222222222222221, "hum_pct": 65.0, "dew_c": 7.722222222222222, "wind_kmh": 0.0, "gust_kmh": 2.8968192000000004, "wind_dir": "227", "rain_day_mm": 0.0, "rain_rate_mmh": 0.0}