{"ts": 1772897684113, "temp_c": 9.277777777777779, "hum_pct": 93.0, "dew_c": 8.222222222222221, "wind_kmh": 4.988966400000001, "gust_kmh": 13.357555200000002, "wind_dir": "210", "rain_day_mm": 17.018, "rain_rate_mmh": 0.508}