{"ts": 1783108862377, "temp_c": 25.222222222222225, "hum_pct": 58.0, "dew_c": 16.333333333333332, "wind_kmh": 6.759244800000001, "gust_kmh": 9.0123264, "wind_dir": "192", "rain_day_mm": 0.0, "rain_rate_mmh": 0.0}