{"ts": 1772286582229, "temp_c": 14.61111111111111, "hum_pct": 66.0, "dew_c": 8.333333333333334, "wind_kmh": 7.2420480000000005, "gust_kmh": 10.1388672, "wind_dir": "192", "rain_day_mm": 0.0, "rain_rate_mmh": 0.0}