{"ts": 1780853872746, "temp_c": 24.499999999999996, "hum_pct": 57.0, "dew_c": 15.444444444444445, "wind_kmh": 11.104473600000002, "gust_kmh": 16.2543744, "wind_dir": "159", "rain_day_mm": 0.0, "rain_rate_mmh": 0.0}