{"ts": 1784462678627, "temp_c": 33.888888888888886, "hum_pct": 43.0, "dew_c": 19.555555555555557, "wind_kmh": 15.127833600000002, "gust_kmh": 20.599603200000004, "wind_dir": "158", "rain_day_mm": 0.0, "rain_rate_mmh": 0.0}