{"ts": 1775519323588, "temp_c": 7.777777777777778, "hum_pct": 71.0, "dew_c": 2.8888888888888906, "wind_kmh": 1.7702784000000003, "gust_kmh": 3.5405568000000005, "wind_dir": "298", "rain_day_mm": 0.0, "rain_rate_mmh": 0.0}