{"ts": 1771966942523, "temp_c": 7.722222222222222, "hum_pct": 86.0, "dew_c": 5.499999999999999, "wind_kmh": 0.0, "gust_kmh": 3.218688, "wind_dir": "221", "rain_day_mm": 0.254, "rain_rate_mmh": 0.0}