{"ts": 1775425482987, "temp_c": 11.500000000000002, "hum_pct": 78.0, "dew_c": 7.777777777777778, "wind_kmh": 2.5749504000000005, "gust_kmh": 3.218688, "wind_dir": "284", "rain_day_mm": 0.0, "rain_rate_mmh": 0.0}