{"ts": 1775833346176, "temp_c": 25.888888888888886, "hum_pct": 36.0, "dew_c": 9.722222222222221, "wind_kmh": 11.909145600000002, "gust_kmh": 16.898112, "wind_dir": "165", "rain_day_mm": 0.0, "rain_rate_mmh": 0.0}