{"ts": 1782832582891, "temp_c": 34.0, "hum_pct": 37.0, "dew_c": 17.27777777777778, "wind_kmh": 11.104473600000002, "gust_kmh": 25.2667008, "wind_dir": "184", "rain_day_mm": 0.0, "rain_rate_mmh": 0.0}