{"ts": 1773704409660, "temp_c": 7.5, "hum_pct": 88.0, "dew_c": 5.666666666666668, "wind_kmh": 0.0, "gust_kmh": 3.218688, "wind_dir": "245", "rain_day_mm": 0.0, "rain_rate_mmh": 0.0}