{"ts": 1783492566100, "temp_c": 29.5, "hum_pct": 56.0, "dew_c": 19.833333333333332, "wind_kmh": 2.8968192000000004, "gust_kmh": 3.5405568000000005, "wind_dir": "164", "rain_day_mm": 0.0, "rain_rate_mmh": 0.0}