{"ts": 1783027231313, "temp_c": 22.5, "hum_pct": 66.0, "dew_c": 15.833333333333334, "wind_kmh": 2.5749504000000005, "gust_kmh": 3.218688, "wind_dir": "304", "rain_day_mm": 0.0, "rain_rate_mmh": 0.0}