{"ts": 1771616994562, "temp_c": 12.611111111111112, "hum_pct": 53.0, "dew_c": 3.277777777777777, "wind_kmh": 4.02336, "gust_kmh": 9.0123264, "wind_dir": "236", "rain_day_mm": 0.0, "rain_rate_mmh": 0.0}