{"ts": 1771425502728, "temp_c": 18.000000000000004, "hum_pct": 59.0, "dew_c": 9.888888888888888, "wind_kmh": 10.460736, "gust_kmh": 21.565209600000003, "wind_dir": "179", "rain_day_mm": 0.0, "rain_rate_mmh": 0.0}