{"ts": 1772419906681, "temp_c": 8.38888888888889, "hum_pct": 93.0, "dew_c": 7.333333333333335, "wind_kmh": 2.5749504000000005, "gust_kmh": 2.8968192000000004, "wind_dir": "246", "rain_day_mm": 0.0, "rain_rate_mmh": 0.0}