{"ts": 1780169937196, "temp_c": 22.722222222222225, "hum_pct": 73.0, "dew_c": 17.61111111111111, "wind_kmh": 3.218688, "gust_kmh": 6.759244800000001, "wind_dir": "185", "rain_day_mm": 0.0, "rain_rate_mmh": 0.0}