{"ts": 1775160308384, "temp_c": 14.722222222222221, "hum_pct": 33.0, "dew_c": -1.3888888888888888, "wind_kmh": 4.02336, "gust_kmh": 12.5528832, "wind_dir": "180", "rain_day_mm": 0.0, "rain_rate_mmh": 0.0}