{"ts": 1778080419673, "temp_c": 23.72222222222222, "hum_pct": 39.0, "dew_c": 8.944444444444445, "wind_kmh": 4.6670976, "gust_kmh": 6.437376, "wind_dir": "162", "rain_day_mm": 0.0, "rain_rate_mmh": 0.0}