{"ts": 1772614507586, "temp_c": 14.88888888888889, "hum_pct": 68.0, "dew_c": 9.055555555555554, "wind_kmh": 1.7702784000000003, "gust_kmh": 10.1388672, "wind_dir": "335", "rain_day_mm": 0.0, "rain_rate_mmh": 0.0}