{"ts": 1771674408546, "temp_c": 18.22222222222222, "hum_pct": 41.0, "dew_c": 4.722222222222222, "wind_kmh": 0.0, "gust_kmh": 6.759244800000001, "wind_dir": "263", "rain_day_mm": 0.0, "rain_rate_mmh": 0.0}