{"ts": 1771667720295, "temp_c": 16.27777777777778, "hum_pct": 45.0, "dew_c": 4.333333333333332, "wind_kmh": 3.218688, "gust_kmh": 4.988966400000001, "wind_dir": "3", "rain_day_mm": 0.0, "rain_rate_mmh": 0.0}