{"ts": 1776534657813, "temp_c": 22.38888888888889, "hum_pct": 39.0, "dew_c": 7.777777777777778, "wind_kmh": 7.563916800000001, "gust_kmh": 9.3341952, "wind_dir": "201", "rain_day_mm": 0.0, "rain_rate_mmh": 0.0}