{"ts": 1777184293168, "temp_c": 15.777777777777779, "hum_pct": 71.0, "dew_c": 10.555555555555555, "wind_kmh": 2.0921472000000003, "gust_kmh": 4.02336, "wind_dir": "203", "rain_day_mm": 0.0, "rain_rate_mmh": 0.0}