{"ts": 1779428871261, "temp_c": 17.5, "hum_pct": 69.0, "dew_c": 11.777777777777779, "wind_kmh": 1.7702784000000003, "gust_kmh": 2.5749504000000005, "wind_dir": "167", "rain_day_mm": 0.0, "rain_rate_mmh": 0.0}