{"ts": 1773689851866, "temp_c": 10.5, "hum_pct": 80.0, "dew_c": 7.222222222222222, "wind_kmh": 0.0, "gust_kmh": 4.02336, "wind_dir": "304", "rain_day_mm": 0.0, "rain_rate_mmh": 0.0}