{"ts": 1771717837125, "temp_c": 9.11111111111111, "hum_pct": 67.0, "dew_c": 3.277777777777777, "wind_kmh": 7.563916800000001, "gust_kmh": 11.104473600000002, "wind_dir": "310", "rain_day_mm": 0.0, "rain_rate_mmh": 0.0}