{"ts": 1773077306986, "temp_c": 11.222222222222223, "hum_pct": 87.0, "dew_c": 9.11111111111111, "wind_kmh": 1.7702784000000003, "gust_kmh": 2.8968192000000004, "wind_dir": "196", "rain_day_mm": 0.508, "rain_rate_mmh": 0.0}