{"ts": 1780570169756, "temp_c": 21.999999999999996, "hum_pct": 88.0, "dew_c": 19.944444444444446, "wind_kmh": 4.988966400000001, "gust_kmh": 17.702784, "wind_dir": "176", "rain_day_mm": 0.0, "rain_rate_mmh": 0.0}