{"ts": 1778189606799, "temp_c": 12.888888888888891, "hum_pct": 87.0, "dew_c": 10.777777777777779, "wind_kmh": 0.0, "gust_kmh": 2.5749504000000005, "wind_dir": "243", "rain_day_mm": 0.254, "rain_rate_mmh": 0.0}