{"ts": 1776170529694, "temp_c": 20.777777777777782, "hum_pct": 22.0, "dew_c": -1.6666666666666667, "wind_kmh": 9.656064, "gust_kmh": 17.702784, "wind_dir": "268", "rain_day_mm": 0.0, "rain_rate_mmh": 0.0}