{"ts": 1780735506454, "temp_c": 23.5, "hum_pct": 66.0, "dew_c": 16.77777777777778, "wind_kmh": 5.793638400000001, "gust_kmh": 9.0123264, "wind_dir": "162", "rain_day_mm": 0.0, "rain_rate_mmh": 0.0}