{"ts": 1778879764508, "temp_c": 10.999999999999998, "hum_pct": 73.0, "dew_c": 6.333333333333332, "wind_kmh": 7.563916800000001, "gust_kmh": 9.0123264, "wind_dir": "100", "rain_day_mm": 1.016, "rain_rate_mmh": 0.0}