{"ts": 1777784554857, "temp_c": 13.61111111111111, "hum_pct": 90.0, "dew_c": 12.0, "wind_kmh": 1.7702784000000003, "gust_kmh": 2.5749504000000005, "wind_dir": "278", "rain_day_mm": 0.0, "rain_rate_mmh": 0.0}