{"ts": 1781037259932, "temp_c": 19.72222222222222, "hum_pct": 84.0, "dew_c": 16.944444444444443, "wind_kmh": 4.988966400000001, "gust_kmh": 10.1388672, "wind_dir": "168", "rain_day_mm": 0.0, "rain_rate_mmh": 0.0}