{"ts": 1770710962375, "temp_c": 13.88888888888889, "hum_pct": 77.0, "dew_c": 9.944444444444445, "wind_kmh": 12.2310144, "gust_kmh": 13.0356864, "wind_dir": "223", "rain_day_mm": 0.0, "rain_rate_mmh": 0.0}