{"ts": 1772215105117, "temp_c": 11.11111111111111, "hum_pct": 83.0, "dew_c": 8.333333333333334, "wind_kmh": 10.460736, "gust_kmh": 16.2543744, "wind_dir": "174", "rain_day_mm": 0.0, "rain_rate_mmh": 0.0}