{"ts": 1774895742815, "temp_c": 16.77777777777778, "hum_pct": 47.0, "dew_c": 5.444444444444443, "wind_kmh": 14.0012928, "gust_kmh": 30.8994048, "wind_dir": "283", "rain_day_mm": 0.0, "rain_rate_mmh": 0.0}