{"ts": 1783969272023, "temp_c": 26.38888888888889, "hum_pct": 79.0, "dew_c": 22.444444444444446, "wind_kmh": 9.0123264, "gust_kmh": 9.0123264, "wind_dir": "167", "rain_day_mm": 0.0, "rain_rate_mmh": 0.0}