{"ts": 1781575872097, "temp_c": 17.88888888888889, "hum_pct": 62.0, "dew_c": 10.5, "wind_kmh": 2.0921472000000003, "gust_kmh": 2.8968192000000004, "wind_dir": "165", "rain_day_mm": 0.0, "rain_rate_mmh": 0.0}