{"ts": 1771026307397, "temp_c": 9.611111111111109, "hum_pct": 67.0, "dew_c": 3.7777777777777763, "wind_kmh": 16.898112, "gust_kmh": 28.8072576, "wind_dir": "321", "rain_day_mm": 0.0, "rain_rate_mmh": 0.0}