{"ts": 1770940772786, "temp_c": 13.61111111111111, "hum_pct": 47.0, "dew_c": 2.5, "wind_kmh": 6.759244800000001, "gust_kmh": 18.346521600000003, "wind_dir": "268", "rain_day_mm": 0.0, "rain_rate_mmh": 0.0}