{"ts": 1775186662168, "temp_c": 10.722222222222221, "hum_pct": 55.0, "dew_c": 2.055555555555557, "wind_kmh": 12.5528832, "gust_kmh": 20.1168, "wind_dir": "339", "rain_day_mm": 0.0, "rain_rate_mmh": 0.0}