{"ts": 1774475498560, "temp_c": 12.222222222222221, "hum_pct": 46.0, "dew_c": 0.944444444444446, "wind_kmh": 7.2420480000000005, "gust_kmh": 26.715110400000004, "wind_dir": "257", "rain_day_mm": 0.0, "rain_rate_mmh": 0.0}