{"ts": 1784305371338, "temp_c": 32.111111111111114, "hum_pct": 56.0, "dew_c": 22.22222222222222, "wind_kmh": 9.0123264, "gust_kmh": 15.127833600000002, "wind_dir": "158", "rain_day_mm": 0.0, "rain_rate_mmh": 0.0}