{"ts": 1772599759440, "temp_c": 12.722222222222221, "hum_pct": 67.0, "dew_c": 6.722222222222223, "wind_kmh": 3.218688, "gust_kmh": 7.563916800000001, "wind_dir": "309", "rain_day_mm": 0.0, "rain_rate_mmh": 0.0}