{"ts": 1783670559148, "temp_c": 32.5, "hum_pct": 29.0, "dew_c": 12.166666666666666, "wind_kmh": 8.690457600000002, "gust_kmh": 13.0356864, "wind_dir": "130", "rain_day_mm": 0.0, "rain_rate_mmh": 0.0}