{"ts": 1777039335762, "temp_c": 21.722222222222218, "hum_pct": 54.0, "dew_c": 12.0, "wind_kmh": 8.2076544, "gust_kmh": 19.4730624, "wind_dir": "235", "rain_day_mm": 0.0, "rain_rate_mmh": 0.0}