{"ts": 1775494938165, "temp_c": 20.888888888888886, "hum_pct": 35.0, "dew_c": 4.8888888888888875, "wind_kmh": 9.3341952, "gust_kmh": 16.898112, "wind_dir": "221", "rain_day_mm": 0.0, "rain_rate_mmh": 0.0}