{"ts": 1772136376800, "temp_c": 9.38888888888889, "hum_pct": 88.0, "dew_c": 7.5, "wind_kmh": 0.0, "gust_kmh": 2.8968192000000004, "wind_dir": "226", "rain_day_mm": 0.0, "rain_rate_mmh": 0.0}