{"ts": 1772056266513, "temp_c": 9.888888888888888, "hum_pct": 88.0, "dew_c": 8.0, "wind_kmh": 2.0921472000000003, "gust_kmh": 2.5749504000000005, "wind_dir": "247", "rain_day_mm": 0.0, "rain_rate_mmh": 0.0}