{"ts": 1782538502309, "temp_c": 22.5, "hum_pct": 77.0, "dew_c": 18.277777777777782, "wind_kmh": 0.0, "gust_kmh": 2.5749504000000005, "wind_dir": "207", "rain_day_mm": 0.0, "rain_rate_mmh": 0.0}