{"ts": 1775245781052, "temp_c": 13.88888888888889, "hum_pct": 59.0, "dew_c": 5.999999999999998, "wind_kmh": 4.6670976, "gust_kmh": 5.793638400000001, "wind_dir": "203", "rain_day_mm": 0.0, "rain_rate_mmh": 0.0}