{"ts": 1770479606844, "temp_c": 13.38888888888889, "hum_pct": 45.0, "dew_c": 1.722222222222223, "wind_kmh": 2.8968192000000004, "gust_kmh": 6.759244800000001, "wind_dir": "265", "rain_day_mm": 0.0, "rain_rate_mmh": 0.0}