{"ts": 1776617821559, "temp_c": 21.38888888888889, "hum_pct": 61.0, "dew_c": 13.555555555555555, "wind_kmh": 6.1155072, "gust_kmh": 11.587276800000001, "wind_dir": "172", "rain_day_mm": 0.0, "rain_rate_mmh": 0.0}