{"ts": 1783606263350, "temp_c": 36.888888888888886, "hum_pct": 22.0, "dew_c": 11.722222222222221, "wind_kmh": 13.679424000000001, "gust_kmh": 14.0012928, "wind_dir": "171", "rain_day_mm": 0.0, "rain_rate_mmh": 0.0}