{"ts": 1774283479421, "temp_c": 13.0, "hum_pct": 70.0, "dew_c": 7.666666666666665, "wind_kmh": 13.679424000000001, "gust_kmh": 22.6917504, "wind_dir": "181", "rain_day_mm": 0.0, "rain_rate_mmh": 0.0}