{"ts": 1774648154429, "temp_c": 10.222222222222221, "hum_pct": 70.0, "dew_c": 5.0, "wind_kmh": 4.988966400000001, "gust_kmh": 6.1155072, "wind_dir": "199", "rain_day_mm": 0.0, "rain_rate_mmh": 0.0}