{"ts": 1784901961369, "temp_c": 33.27777777777778, "hum_pct": 34.0, "dew_c": 15.333333333333334, "wind_kmh": 12.2310144, "gust_kmh": 15.4497024, "wind_dir": "162", "rain_day_mm": 0.0, "rain_rate_mmh": 0.0}