{"ts": 1776666330708, "temp_c": 15.88888888888889, "hum_pct": 72.0, "dew_c": 10.88888888888889, "wind_kmh": 2.8968192000000004, "gust_kmh": 3.218688, "wind_dir": "204", "rain_day_mm": 0.0, "rain_rate_mmh": 0.0}