{"ts": 1784368942905, "temp_c": 32.611111111111114, "hum_pct": 47.0, "dew_c": 19.833333333333332, "wind_kmh": 11.104473600000002, "gust_kmh": 13.357555200000002, "wind_dir": "132", "rain_day_mm": 0.0, "rain_rate_mmh": 0.0}