{"ts": 1773428323428, "temp_c": 12.277777777777779, "hum_pct": 85.0, "dew_c": 9.833333333333336, "wind_kmh": 2.8968192000000004, "gust_kmh": 3.218688, "wind_dir": "254", "rain_day_mm": 0.0, "rain_rate_mmh": 0.0}