{"ts": 1781479408914, "temp_c": 19.27777777777778, "hum_pct": 61.0, "dew_c": 11.61111111111111, "wind_kmh": 0.0, "gust_kmh": 2.5749504000000005, "wind_dir": "283", "rain_day_mm": 0.0, "rain_rate_mmh": 0.0}