{"ts": 1783204657263, "temp_c": 22.77777777777778, "hum_pct": 77.0, "dew_c": 18.555555555555557, "wind_kmh": 1.7702784000000003, "gust_kmh": 4.988966400000001, "wind_dir": "304", "rain_day_mm": 0.0, "rain_rate_mmh": 0.0}