{"ts": 1782678073387, "temp_c": 27.277777777777775, "hum_pct": 49.0, "dew_c": 15.666666666666666, "wind_kmh": 0.0, "gust_kmh": 1.7702784000000003, "wind_dir": "228", "rain_day_mm": 0.0, "rain_rate_mmh": 0.0}