{"ts": 1773833320498, "temp_c": 17.72222222222222, "hum_pct": 57.0, "dew_c": 9.055555555555554, "wind_kmh": 11.104473600000002, "gust_kmh": 17.702784, "wind_dir": "182", "rain_day_mm": 0.0, "rain_rate_mmh": 0.0}