{"ts": 1777230631568, "temp_c": 17.38888888888889, "hum_pct": 70.0, "dew_c": 11.88888888888889, "wind_kmh": 5.4717696, "gust_kmh": 9.656064, "wind_dir": "187", "rain_day_mm": 0.0, "rain_rate_mmh": 0.0}