{"ts": 1780872065020, "temp_c": 17.27777777777778, "hum_pct": 80.0, "dew_c": 13.833333333333334, "wind_kmh": 0.0, "gust_kmh": 1.7702784000000003, "wind_dir": "308", "rain_day_mm": 0.0, "rain_rate_mmh": 0.0}