{"ts": 1777388857165, "temp_c": 24.0, "hum_pct": 37.0, "dew_c": 8.444444444444446, "wind_kmh": 9.0123264, "gust_kmh": 24.14016, "wind_dir": "178", "rain_day_mm": 0.0, "rain_rate_mmh": 0.0}