{"ts": 1774990515868, "temp_c": 14.722222222222221, "hum_pct": 33.0, "dew_c": -1.3888888888888888, "wind_kmh": 7.563916800000001, "gust_kmh": 16.576243200000004, "wind_dir": "31", "rain_day_mm": 0.0, "rain_rate_mmh": 0.0}