{"ts": 1772667652822, "temp_c": 13.777777777777777, "hum_pct": 70.0, "dew_c": 8.444444444444446, "wind_kmh": 0.0, "gust_kmh": 7.885785600000001, "wind_dir": "125", "rain_day_mm": 0.0, "rain_rate_mmh": 0.0}