{"ts": 1777512045392, "temp_c": 12.611111111111112, "hum_pct": 87.0, "dew_c": 10.5, "wind_kmh": 1.7702784000000003, "gust_kmh": 2.0921472000000003, "wind_dir": "205", "rain_day_mm": 0.0, "rain_rate_mmh": 0.0}