{"ts": 1779045825243, "temp_c": 16.22222222222222, "hum_pct": 80.0, "dew_c": 12.777777777777779, "wind_kmh": 7.563916800000001, "gust_kmh": 14.0012928, "wind_dir": "186", "rain_day_mm": 0.0, "rain_rate_mmh": 0.0}