{"ts": 1774641790584, "temp_c": 10.999999999999998, "hum_pct": 65.0, "dew_c": 4.666666666666666, "wind_kmh": 6.1155072, "gust_kmh": 6.759244800000001, "wind_dir": "214", "rain_day_mm": 0.0, "rain_rate_mmh": 0.0}