{"ts": 1782294522091, "temp_c": 35.888888888888886, "hum_pct": 29.0, "dew_c": 15.11111111111111, "wind_kmh": 4.6670976, "gust_kmh": 8.690457600000002, "wind_dir": "155", "rain_day_mm": 0.0, "rain_rate_mmh": 0.0}