{"ts": 1770019020130, "temp_c": 7.88888888888889, "hum_pct": 81.0, "dew_c": 4.833333333333335, "wind_kmh": 2.5749504000000005, "gust_kmh": 3.218688, "wind_dir": "192", "rain_day_mm": null, "rain_rate_mmh": null}