{"ts": 1772962859162, "temp_c": 10.222222222222221, "hum_pct": 95.0, "dew_c": 9.444444444444445, "wind_kmh": 4.345228800000001, "gust_kmh": 4.345228800000001, "wind_dir": "256", "rain_day_mm": 5.842, "rain_rate_mmh": 1.778}