{"ts": 1770048445249, "temp_c": 11.11111111111111, "hum_pct": 89.0, "dew_c": 9.333333333333332, "wind_kmh": 3.5405568000000005, "gust_kmh": 5.4717696, "wind_dir": "188", "rain_day_mm": 1.016, "rain_rate_mmh": 0.0}