{"ts": 1770053042009, "temp_c": 10.88888888888889, "hum_pct": 90.0, "dew_c": 9.333333333333332, "wind_kmh": 4.345228800000001, "gust_kmh": 4.988966400000001, "wind_dir": "209", "rain_day_mm": 1.016, "rain_rate_mmh": 0.508}