{"ts": 1774360861573, "temp_c": 19.27777777777778, "hum_pct": 49.0, "dew_c": 8.333333333333334, "wind_kmh": 19.4730624, "gust_kmh": 29.933798400000004, "wind_dir": "178", "rain_day_mm": 0.0, "rain_rate_mmh": 0.0}