{"ts": 1777823893735, "temp_c": 17.72222222222222, "hum_pct": 74.0, "dew_c": 13.0, "wind_kmh": 10.782604800000001, "gust_kmh": 21.2433408, "wind_dir": "141", "rain_day_mm": 0.0, "rain_rate_mmh": 0.0}