{"ts": 1775472022740, "temp_c": 21.38888888888889, "hum_pct": 41.0, "dew_c": 7.6111111111111125, "wind_kmh": 13.357555200000002, "gust_kmh": 23.013619200000004, "wind_dir": "178", "rain_day_mm": 0.0, "rain_rate_mmh": 0.0}