{"ts": 1775973669309, "temp_c": 12.722222222222221, "hum_pct": 62.0, "dew_c": 5.611111111111112, "wind_kmh": 3.5405568000000005, "gust_kmh": 18.6683904, "wind_dir": "268", "rain_day_mm": 0.0, "rain_rate_mmh": 0.0}