{"ts": 1773600973916, "temp_c": 13.722222222222223, "hum_pct": 31.0, "dew_c": -3.111111111111112, "wind_kmh": 6.437376, "gust_kmh": 16.2543744, "wind_dir": "35", "rain_day_mm": 0.0, "rain_rate_mmh": 0.0}