{"ts": 1771976934196, "temp_c": 6.888888888888888, "hum_pct": 89.0, "dew_c": 5.222222222222221, "wind_kmh": 2.5749504000000005, "gust_kmh": 4.988966400000001, "wind_dir": "304", "rain_day_mm": 0.0, "rain_rate_mmh": 0.0}