{"ts": 1780968521564, "temp_c": 18.277777777777782, "hum_pct": 81.0, "dew_c": 15.0, "wind_kmh": 1.7702784000000003, "gust_kmh": 1.7702784000000003, "wind_dir": "220", "rain_day_mm": 0.0, "rain_rate_mmh": 0.0}