{"ts": 1770461858109, "temp_c": 13.722222222222223, "hum_pct": 44.0, "dew_c": 1.6666666666666667, "wind_kmh": 7.563916800000001, "gust_kmh": 20.599603200000004, "wind_dir": "324", "rain_day_mm": 0.0, "rain_rate_mmh": 0.0}