{"ts": 1775289233688, "temp_c": 20.222222222222225, "hum_pct": 40.0, "dew_c": 6.166666666666668, "wind_kmh": 4.345228800000001, "gust_kmh": 9.656064, "wind_dir": "277", "rain_day_mm": 0.0, "rain_rate_mmh": 0.0}