{"ts": 1774806350077, "temp_c": 14.277777777777779, "hum_pct": 24.0, "dew_c": -6.0, "wind_kmh": 4.988966400000001, "gust_kmh": 15.4497024, "wind_dir": "31", "rain_day_mm": 0.0, "rain_rate_mmh": 0.0}