{"ts": 1773920898501, "temp_c": 14.61111111111111, "hum_pct": 56.0, "dew_c": 5.944444444444446, "wind_kmh": 5.793638400000001, "gust_kmh": 12.2310144, "wind_dir": "162", "rain_day_mm": 0.0, "rain_rate_mmh": 0.0}