{"ts": 1775894122426, "temp_c": 19.72222222222222, "hum_pct": 46.0, "dew_c": 7.777777777777778, "wind_kmh": 4.345228800000001, "gust_kmh": 5.793638400000001, "wind_dir": "203", "rain_day_mm": 0.0, "rain_rate_mmh": 0.0}