{"ts": 1775857903725, "temp_c": 15.277777777777779, "hum_pct": 47.0, "dew_c": 4.055555555555554, "wind_kmh": 4.345228800000001, "gust_kmh": 4.345228800000001, "wind_dir": "286", "rain_day_mm": 0.0, "rain_rate_mmh": 0.0}