{"ts": 1776358024509, "temp_c": 21.22222222222222, "hum_pct": 43.0, "dew_c": 8.11111111111111, "wind_kmh": 18.346521600000003, "gust_kmh": 19.4730624, "wind_dir": "178", "rain_day_mm": 0.0, "rain_rate_mmh": 0.0}