{"ts": 1773072681595, "temp_c": 11.61111111111111, "hum_pct": 82.0, "dew_c": 8.61111111111111, "wind_kmh": 3.5405568000000005, "gust_kmh": 4.02336, "wind_dir": "197", "rain_day_mm": 0.254, "rain_rate_mmh": 0.508}