{"ts": 1780278983898, "temp_c": 19.499999999999996, "hum_pct": 86.0, "dew_c": 17.11111111111111, "wind_kmh": 0.0, "gust_kmh": 3.218688, "wind_dir": "190", "rain_day_mm": 0.0, "rain_rate_mmh": 0.0}