{"ts": 1782682993249, "temp_c": 26.27777777777778, "hum_pct": 51.0, "dew_c": 15.38888888888889, "wind_kmh": 15.4497024, "gust_kmh": 22.369881600000003, "wind_dir": "350", "rain_day_mm": 0.0, "rain_rate_mmh": 0.0}