{"ts": 1778344352136, "temp_c": 14.722222222222221, "hum_pct": 93.0, "dew_c": 13.555555555555555, "wind_kmh": 0.0, "gust_kmh": 3.5405568000000005, "wind_dir": "190", "rain_day_mm": 9.652, "rain_rate_mmh": 1.27}