{"ts": 1772063079864, "temp_c": 7.722222222222222, "hum_pct": 91.0, "dew_c": 6.333333333333332, "wind_kmh": 0.0, "gust_kmh": 2.8968192000000004, "wind_dir": "294", "rain_day_mm": 0.0, "rain_rate_mmh": 0.0}