{"ts": 1775943985090, "temp_c": 16.77777777777778, "hum_pct": 45.0, "dew_c": 4.833333333333335, "wind_kmh": 4.02336, "gust_kmh": 8.2076544, "wind_dir": "223", "rain_day_mm": 0.0, "rain_rate_mmh": 0.0}