{"ts": 1770328029049, "temp_c": 14.777777777777779, "hum_pct": 53.0, "dew_c": 5.333333333333334, "wind_kmh": 16.898112, "gust_kmh": 22.0480128, "wind_dir": "237", "rain_day_mm": 4.571999999999999, "rain_rate_mmh": 0.0}