{"ts": 1774799084812, "temp_c": 18.22222222222222, "hum_pct": 18.0, "dew_c": -6.5, "wind_kmh": 6.759244800000001, "gust_kmh": 17.2199808, "wind_dir": "5", "rain_day_mm": 0.0, "rain_rate_mmh": 0.0}