{"ts": 1777598690390, "temp_c": 14.88888888888889, "hum_pct": 90.0, "dew_c": 13.277777777777779, "wind_kmh": 2.8968192000000004, "gust_kmh": 4.6670976, "wind_dir": "205", "rain_day_mm": 0.0, "rain_rate_mmh": 0.0}