{"ts": 1772375846670, "temp_c": 16.11111111111111, "hum_pct": 56.0, "dew_c": 7.333333333333335, "wind_kmh": 8.2076544, "gust_kmh": 21.2433408, "wind_dir": "206", "rain_day_mm": 0.254, "rain_rate_mmh": 0.0}