{"ts": 1769965120537, "temp_c": 12.277777777777779, "hum_pct": 58.0, "dew_c": 4.2777777777777795, "wind_kmh": 1.7702784000000003, "gust_kmh": 3.218688, "wind_dir": "276", "rain_day_mm": null, "rain_rate_mmh": null}