{"ts": 1783266590260, "temp_c": 33.77777777777778, "hum_pct": 25.0, "dew_c": 11.055555555555555, "wind_kmh": 21.2433408, "gust_kmh": 23.013619200000004, "wind_dir": "177", "rain_day_mm": 0.0, "rain_rate_mmh": 0.0}