{"ts": 1773701341694, "temp_c": 8.0, "hum_pct": 86.0, "dew_c": 5.777777777777777, "wind_kmh": 3.218688, "gust_kmh": 5.793638400000001, "wind_dir": "268", "rain_day_mm": 0.0, "rain_rate_mmh": 0.0}