{"ts": 1771163906551, "temp_c": 15.61111111111111, "hum_pct": 49.0, "dew_c": 4.944444444444444, "wind_kmh": 7.563916800000001, "gust_kmh": 31.382208000000002, "wind_dir": "324", "rain_day_mm": 0.0, "rain_rate_mmh": 0.0}