{"ts": 1778454179304, "temp_c": 14.38888888888889, "hum_pct": 82.0, "dew_c": 11.38888888888889, "wind_kmh": 2.5749504000000005, "gust_kmh": 3.5405568000000005, "wind_dir": "242", "rain_day_mm": 0.0, "rain_rate_mmh": 0.0}