{"ts": 1772236327134, "temp_c": 10.111111111111112, "hum_pct": 81.0, "dew_c": 7.000000000000001, "wind_kmh": 2.0921472000000003, "gust_kmh": 2.8968192000000004, "wind_dir": "247", "rain_day_mm": 0.0, "rain_rate_mmh": 0.0}