{"ts": 1774219227274, "temp_c": 11.500000000000002, "hum_pct": 87.0, "dew_c": 9.38888888888889, "wind_kmh": 5.793638400000001, "gust_kmh": 9.3341952, "wind_dir": "131", "rain_day_mm": 0.0, "rain_rate_mmh": 0.0}