{"ts": 1783718182191, "temp_c": 23.61111111111111, "hum_pct": 51.0, "dew_c": 12.888888888888891, "wind_kmh": 2.8968192000000004, "gust_kmh": 3.218688, "wind_dir": "304", "rain_day_mm": 0.0, "rain_rate_mmh": 0.0}