{"ts": 1783138966029, "temp_c": 20.38888888888889, "hum_pct": 77.0, "dew_c": 16.22222222222222, "wind_kmh": 4.345228800000001, "gust_kmh": 9.3341952, "wind_dir": "314", "rain_day_mm": 0.0, "rain_rate_mmh": 0.0}