{"ts": 1775044744528, "temp_c": 20.611111111111107, "hum_pct": 27.0, "dew_c": 0.944444444444446, "wind_kmh": 10.782604800000001, "gust_kmh": 23.013619200000004, "wind_dir": "10", "rain_day_mm": 0.0, "rain_rate_mmh": 0.0}