{"ts": 1774810801854, "temp_c": 11.61111111111111, "hum_pct": 28.0, "dew_c": -6.277777777777778, "wind_kmh": 5.793638400000001, "gust_kmh": 20.599603200000004, "wind_dir": "331", "rain_day_mm": 0.0, "rain_rate_mmh": 0.0}