{"ts": 1773042941202, "temp_c": 10.5, "hum_pct": 87.0, "dew_c": 8.444444444444446, "wind_kmh": 2.8968192000000004, "gust_kmh": 3.5405568000000005, "wind_dir": "200", "rain_day_mm": 0.0, "rain_rate_mmh": 0.0}