{"ts": 1782770185904, "temp_c": 23.88888888888889, "hum_pct": 64.0, "dew_c": 16.666666666666668, "wind_kmh": 2.0921472000000003, "gust_kmh": 2.5749504000000005, "wind_dir": "296", "rain_day_mm": 0.0, "rain_rate_mmh": 0.0}