{"ts": 1777371847586, "temp_c": 24.222222222222218, "hum_pct": 26.0, "dew_c": 3.4999999999999982, "wind_kmh": 11.587276800000001, "gust_kmh": 19.151193600000003, "wind_dir": "171", "rain_day_mm": 0.0, "rain_rate_mmh": 0.0}