{"ts": 1776499410647, "temp_c": 23.22222222222222, "hum_pct": 47.0, "dew_c": 11.277777777777777, "wind_kmh": 6.759244800000001, "gust_kmh": 10.1388672, "wind_dir": "242", "rain_day_mm": 0.0, "rain_rate_mmh": 0.0}