{"ts": 1774337918899, "temp_c": 9.277777777777779, "hum_pct": 81.0, "dew_c": 6.222222222222224, "wind_kmh": 1.7702784000000003, "gust_kmh": 4.345228800000001, "wind_dir": "267", "rain_day_mm": 0.0, "rain_rate_mmh": 0.0}