{"ts": 1771909935497, "temp_c": 3.4999999999999982, "hum_pct": 87.0, "dew_c": 1.555555555555554, "wind_kmh": 2.0921472000000003, "gust_kmh": 3.5405568000000005, "wind_dir": "282", "rain_day_mm": 0.254, "rain_rate_mmh": 0.0}