{"ts": 1781633925057, "temp_c": 27.722222222222225, "hum_pct": 53.0, "dew_c": 17.27777777777778, "wind_kmh": 15.771571200000002, "gust_kmh": 17.702784, "wind_dir": "155", "rain_day_mm": 0.0, "rain_rate_mmh": 0.0}