{"ts": 1772517744479, "temp_c": 9.222222222222221, "hum_pct": 93.0, "dew_c": 8.11111111111111, "wind_kmh": 2.0921472000000003, "gust_kmh": 5.793638400000001, "wind_dir": "313", "rain_day_mm": 1.016, "rain_rate_mmh": 0.0}