{"ts": 1773246675753, "temp_c": 15.222222222222221, "hum_pct": 65.0, "dew_c": 8.666666666666666, "wind_kmh": 4.02336, "gust_kmh": 7.2420480000000005, "wind_dir": "214", "rain_day_mm": 0.0, "rain_rate_mmh": 0.0}