{"ts": 1782256772874, "temp_c": 21.611111111111114, "hum_pct": 60.0, "dew_c": 13.499999999999998, "wind_kmh": 0.0, "gust_kmh": 2.5749504000000005, "wind_dir": "254", "rain_day_mm": 0.0, "rain_rate_mmh": 0.0}