{"ts": 1773986604065, "temp_c": 1.722222222222223, "hum_pct": 86.0, "dew_c": -0.3888888888888885, "wind_kmh": 3.218688, "gust_kmh": 4.6670976, "wind_dir": "321", "rain_day_mm": 0.0, "rain_rate_mmh": 0.0}