{"ts": 1776584678880, "temp_c": 18.61111111111111, "hum_pct": 54.0, "dew_c": 9.11111111111111, "wind_kmh": 2.0921472000000003, "gust_kmh": 3.218688, "wind_dir": "205", "rain_day_mm": 0.0, "rain_rate_mmh": 0.0}