{"ts": 1782860011206, "temp_c": 23.77777777777778, "hum_pct": 79.0, "dew_c": 19.944444444444446, "wind_kmh": 1.7702784000000003, "gust_kmh": 4.345228800000001, "wind_dir": "318", "rain_day_mm": 0.0, "rain_rate_mmh": 0.0}