{"ts": 1775864968788, "temp_c": 15.222222222222221, "hum_pct": 43.0, "dew_c": 2.7222222222222214, "wind_kmh": 1.7702784000000003, "gust_kmh": 2.5749504000000005, "wind_dir": "201", "rain_day_mm": 0.0, "rain_rate_mmh": 0.0}