{"ts": 1784509843773, "temp_c": 23.22222222222222, "hum_pct": 80.0, "dew_c": 19.555555555555557, "wind_kmh": 0.0, "gust_kmh": 3.218688, "wind_dir": "104", "rain_day_mm": 0.0, "rain_rate_mmh": 0.0}