{"ts": 1778670794569, "temp_c": 21.0, "hum_pct": 43.0, "dew_c": 7.944444444444443, "wind_kmh": 17.2199808, "gust_kmh": 22.369881600000003, "wind_dir": "335", "rain_day_mm": 0.0, "rain_rate_mmh": 0.0}