{"ts": 1781681061773, "temp_c": 29.72222222222222, "hum_pct": 38.0, "dew_c": 13.88888888888889, "wind_kmh": 2.5749504000000005, "gust_kmh": 4.988966400000001, "wind_dir": "292", "rain_day_mm": 0.0, "rain_rate_mmh": 0.0}