{"ts": 1777760441955, "temp_c": 16.22222222222222, "hum_pct": 83.0, "dew_c": 13.333333333333334, "wind_kmh": 5.793638400000001, "gust_kmh": 8.690457600000002, "wind_dir": "155", "rain_day_mm": 0.0, "rain_rate_mmh": 0.0}