{"ts": 1773993888624, "temp_c": 16.77777777777778, "hum_pct": 50.0, "dew_c": 6.333333333333332, "wind_kmh": 1.7702784000000003, "gust_kmh": 3.218688, "wind_dir": "167", "rain_day_mm": 0.0, "rain_rate_mmh": 0.0}