{"ts": 1777835679147, "temp_c": 15.11111111111111, "hum_pct": 76.0, "dew_c": 10.88888888888889, "wind_kmh": 4.02336, "gust_kmh": 4.02336, "wind_dir": "239", "rain_day_mm": 0.0, "rain_rate_mmh": 0.0}