{"ts": 1773068786892, "temp_c": 13.722222222222223, "hum_pct": 68.0, "dew_c": 7.88888888888889, "wind_kmh": 9.0123264, "gust_kmh": 10.460736, "wind_dir": "229", "rain_day_mm": 0.0, "rain_rate_mmh": 0.0}