{"ts": 1778289564881, "temp_c": 14.222222222222221, "hum_pct": 86.0, "dew_c": 11.88888888888889, "wind_kmh": 1.7702784000000003, "gust_kmh": 3.218688, "wind_dir": "212", "rain_day_mm": 0.0, "rain_rate_mmh": 0.0}