{"ts": 1770472593891, "temp_c": 15.38888888888889, "hum_pct": 42.0, "dew_c": 2.5555555555555562, "wind_kmh": 2.5749504000000005, "gust_kmh": 11.909145600000002, "wind_dir": "296", "rain_day_mm": 0.0, "rain_rate_mmh": 0.0}