{"ts": 1775112736457, "temp_c": 14.88888888888889, "hum_pct": 42.0, "dew_c": 2.1111111111111094, "wind_kmh": 8.690457600000002, "gust_kmh": 8.690457600000002, "wind_dir": "275", "rain_day_mm": 0.0, "rain_rate_mmh": 0.0}