{"ts": 1773025981384, "temp_c": 6.111111111111111, "hum_pct": 98.0, "dew_c": 5.833333333333333, "wind_kmh": 3.218688, "gust_kmh": 3.5405568000000005, "wind_dir": "240", "rain_day_mm": 0.0, "rain_rate_mmh": 0.0}