{"ts": 1777857499120, "temp_c": 12.888888888888891, "hum_pct": 88.0, "dew_c": 10.944444444444446, "wind_kmh": 2.5749504000000005, "gust_kmh": 2.5749504000000005, "wind_dir": "243", "rain_day_mm": 0.0, "rain_rate_mmh": 0.0}