{"ts": 1772891881986, "temp_c": 9.777777777777779, "hum_pct": 96.0, "dew_c": 9.166666666666666, "wind_kmh": 12.2310144, "gust_kmh": 18.0246528, "wind_dir": "183", "rain_day_mm": 12.191999999999998, "rain_rate_mmh": 3.0479999999999996}