{"ts": 1776599269414, "temp_c": 25.27777777777778, "hum_pct": 45.0, "dew_c": 12.5, "wind_kmh": 10.782604800000001, "gust_kmh": 13.357555200000002, "wind_dir": "197", "rain_day_mm": 0.0, "rain_rate_mmh": 0.0}