{"ts": 1783328866845, "temp_c": 34.22222222222222, "hum_pct": 35.0, "dew_c": 16.555555555555557, "wind_kmh": 6.437376, "gust_kmh": 8.2076544, "wind_dir": "158", "rain_day_mm": 0.0, "rain_rate_mmh": 0.0}