{"ts": 1775824255705, "temp_c": 27.88888888888889, "hum_pct": 31.0, "dew_c": 9.222222222222221, "wind_kmh": 6.1155072, "gust_kmh": 15.127833600000002, "wind_dir": "212", "rain_day_mm": 0.0, "rain_rate_mmh": 0.0}