{"ts": 1774302508739, "temp_c": 10.999999999999998, "hum_pct": 79.0, "dew_c": 7.5, "wind_kmh": 4.02336, "gust_kmh": 6.759244800000001, "wind_dir": "211", "rain_day_mm": 0.0, "rain_rate_mmh": 0.0}