{"ts": 1780095268089, "temp_c": 19.222222222222218, "hum_pct": 73.0, "dew_c": 14.222222222222221, "wind_kmh": 0.0, "gust_kmh": 2.0921472000000003, "wind_dir": "186", "rain_day_mm": 0.0, "rain_rate_mmh": 0.0}