{"ts": 1774857466905, "temp_c": 14.777777777777779, "hum_pct": 30.0, "dew_c": -2.6111111111111107, "wind_kmh": 2.8968192000000004, "gust_kmh": 9.0123264, "wind_dir": "222", "rain_day_mm": 0.0, "rain_rate_mmh": 0.0}