{"ts": 1773857282268, "temp_c": 12.5, "hum_pct": 74.0, "dew_c": 8.0, "wind_kmh": 5.4717696, "gust_kmh": 7.885785600000001, "wind_dir": "196", "rain_day_mm": 0.0, "rain_rate_mmh": 0.0}