{"ts": 1772991347800, "temp_c": 12.0, "hum_pct": 84.0, "dew_c": 9.38888888888889, "wind_kmh": 5.793638400000001, "gust_kmh": 7.563916800000001, "wind_dir": "192", "rain_day_mm": 7.112, "rain_rate_mmh": 0.0}