{"ts": 1777890149407, "temp_c": 21.5, "hum_pct": 61.0, "dew_c": 13.666666666666666, "wind_kmh": 14.0012928, "gust_kmh": 16.898112, "wind_dir": "219", "rain_day_mm": 0.0, "rain_rate_mmh": 0.0}