{"ts": 1772840262277, "temp_c": 11.61111111111111, "hum_pct": 90.0, "dew_c": 10.0, "wind_kmh": 10.460736, "gust_kmh": 14.323161600000002, "wind_dir": "119", "rain_day_mm": 0.254, "rain_rate_mmh": 1.27}