{"ts": 1770505262586, "temp_c": 8.499999999999998, "hum_pct": 88.0, "dew_c": 6.611111111111111, "wind_kmh": 2.0921472000000003, "gust_kmh": 3.218688, "wind_dir": "190", "rain_day_mm": 0.0, "rain_rate_mmh": 0.508}