{"ts": 1776725980474, "temp_c": 12.777777777777779, "hum_pct": 89.0, "dew_c": 11.055555555555555, "wind_kmh": 0.0, "gust_kmh": 2.0921472000000003, "wind_dir": "253", "rain_day_mm": 0.0, "rain_rate_mmh": 0.0}