{"ts": 1784336541636, "temp_c": 23.111111111111107, "hum_pct": 87.0, "dew_c": 20.833333333333332, "wind_kmh": 1.7702784000000003, "gust_kmh": 3.218688, "wind_dir": "294", "rain_day_mm": 0.0, "rain_rate_mmh": 0.0}