{"ts": 1775467273774, "temp_c": 21.11111111111111, "hum_pct": 43.0, "dew_c": 8.055555555555555, "wind_kmh": 7.2420480000000005, "gust_kmh": 12.5528832, "wind_dir": "210", "rain_day_mm": 0.0, "rain_rate_mmh": 0.0}