{"ts": 1771174939192, "temp_c": 13.88888888888889, "hum_pct": 51.0, "dew_c": 3.944444444444445, "wind_kmh": 25.588569600000003, "gust_kmh": 25.910438400000004, "wind_dir": "330", "rain_day_mm": 0.0, "rain_rate_mmh": 0.0}