{"ts": 1781547227242, "temp_c": 28.72222222222222, "hum_pct": 33.0, "dew_c": 10.833333333333334, "wind_kmh": 4.988966400000001, "gust_kmh": 10.1388672, "wind_dir": "163", "rain_day_mm": 0.0, "rain_rate_mmh": 0.0}