{"ts": 1771682121191, "temp_c": 20.222222222222225, "hum_pct": 38.0, "dew_c": 5.444444444444443, "wind_kmh": 4.988966400000001, "gust_kmh": 6.1155072, "wind_dir": "173", "rain_day_mm": 0.0, "rain_rate_mmh": 0.0}