{"ts": 1772916961998, "temp_c": 8.88888888888889, "hum_pct": 97.0, "dew_c": 8.444444444444446, "wind_kmh": 2.5749504000000005, "gust_kmh": 3.218688, "wind_dir": "297", "rain_day_mm": 20.066, "rain_rate_mmh": 0.0}