{"ts": 1772866610448, "temp_c": 10.722222222222221, "hum_pct": 92.0, "dew_c": 9.444444444444445, "wind_kmh": 2.0921472000000003, "gust_kmh": 7.563916800000001, "wind_dir": "153", "rain_day_mm": 5.334, "rain_rate_mmh": 0.0}