{"ts": 1777838915995, "temp_c": 15.0, "hum_pct": 78.0, "dew_c": 11.222222222222223, "wind_kmh": 5.4717696, "gust_kmh": 5.4717696, "wind_dir": "227", "rain_day_mm": 0.0, "rain_rate_mmh": 0.0}