{"ts": 1784663167688, "temp_c": 27.61111111111111, "hum_pct": 51.0, "dew_c": 16.555555555555557, "wind_kmh": 0.0, "gust_kmh": 1.7702784000000003, "wind_dir": "162", "rain_day_mm": 0.0, "rain_rate_mmh": 0.0}