{"ts": 1783752959720, "temp_c": 27.22222222222222, "hum_pct": 66.0, "dew_c": 20.27777777777778, "wind_kmh": 3.218688, "gust_kmh": 6.1155072, "wind_dir": "188", "rain_day_mm": 0.0, "rain_rate_mmh": 0.0}