{"ts": 1776111061765, "temp_c": 14.38888888888889, "hum_pct": 43.0, "dew_c": 2.000000000000001, "wind_kmh": 9.3341952, "gust_kmh": 20.599603200000004, "wind_dir": "284", "rain_day_mm": 4.064, "rain_rate_mmh": 0.0}