{"ts": 1773593219989, "temp_c": 17.5, "hum_pct": 22.0, "dew_c": -4.444444444444445, "wind_kmh": 13.0356864, "gust_kmh": 30.255667200000005, "wind_dir": "354", "rain_day_mm": 0.0, "rain_rate_mmh": 0.0}