{"ts": 1782556450057, "temp_c": 32.77777777777778, "hum_pct": 36.0, "dew_c": 15.777777777777779, "wind_kmh": 11.104473600000002, "gust_kmh": 17.702784, "wind_dir": "177", "rain_day_mm": 0.0, "rain_rate_mmh": 0.0}