{"ts": 1772813052634, "temp_c": 14.777777777777779, "hum_pct": 73.0, "dew_c": 10.0, "wind_kmh": 5.4717696, "gust_kmh": 15.127833600000002, "wind_dir": "128", "rain_day_mm": 10.921999999999999, "rain_rate_mmh": 0.0}