{"ts": 1771189025260, "temp_c": 11.88888888888889, "hum_pct": 54.0, "dew_c": 2.8888888888888906, "wind_kmh": 4.02336, "gust_kmh": 13.357555200000002, "wind_dir": "170", "rain_day_mm": 0.0, "rain_rate_mmh": 0.0}