{"ts": 1770028184708, "temp_c": 10.277777777777779, "hum_pct": 78.0, "dew_c": 6.611111111111111, "wind_kmh": 2.5749504000000005, "gust_kmh": 2.5749504000000005, "wind_dir": "180", "rain_day_mm": null, "rain_rate_mmh": null}