{"ts": 1782662021480, "temp_c": 31.61111111111111, "hum_pct": 40.0, "dew_c": 16.38888888888889, "wind_kmh": 16.2543744, "gust_kmh": 20.599603200000004, "wind_dir": "171", "rain_day_mm": 0.0, "rain_rate_mmh": 0.0}