{"ts": 1781436936129, "temp_c": 32.888888888888886, "hum_pct": 25.0, "dew_c": 10.277777777777779, "wind_kmh": 10.1388672, "gust_kmh": 16.576243200000004, "wind_dir": "218", "rain_day_mm": 0.0, "rain_rate_mmh": 0.0}