{"ts": 1776973064866, "temp_c": 15.11111111111111, "hum_pct": 70.0, "dew_c": 9.666666666666666, "wind_kmh": 2.0921472000000003, "gust_kmh": 3.5405568000000005, "wind_dir": "256", "rain_day_mm": 0.0, "rain_rate_mmh": 0.0}