{"ts": 1777741367957, "temp_c": 17.5, "hum_pct": 71.0, "dew_c": 12.166666666666666, "wind_kmh": 18.6683904, "gust_kmh": 19.794931200000004, "wind_dir": "143", "rain_day_mm": 2.794, "rain_rate_mmh": 0.0}