{"ts": 1773385772551, "temp_c": 9.11111111111111, "hum_pct": 86.0, "dew_c": 6.888888888888888, "wind_kmh": 0.0, "gust_kmh": 2.0921472000000003, "wind_dir": "159", "rain_day_mm": 0.0, "rain_rate_mmh": 0.0}