{"ts": 1783532936469, "temp_c": 34.888888888888886, "hum_pct": 40.0, "dew_c": 19.333333333333332, "wind_kmh": 6.1155072, "gust_kmh": 9.3341952, "wind_dir": "181", "rain_day_mm": 0.0, "rain_rate_mmh": 0.0}