{"ts": 1773239383944, "temp_c": 19.0, "hum_pct": 52.0, "dew_c": 8.944444444444445, "wind_kmh": 4.345228800000001, "gust_kmh": 15.771571200000002, "wind_dir": "249", "rain_day_mm": 0.0, "rain_rate_mmh": 0.0}