{"ts": 1784855025297, "temp_c": 24.72222222222222, "hum_pct": 87.0, "dew_c": 22.38888888888889, "wind_kmh": 0.0, "gust_kmh": 2.0921472000000003, "wind_dir": "190", "rain_day_mm": 0.0, "rain_rate_mmh": 0.0}