{"ts": 1771229131147, "temp_c": 14.5, "hum_pct": 57.0, "dew_c": 6.111111111111111, "wind_kmh": 6.437376, "gust_kmh": 14.8059648, "wind_dir": "273", "rain_day_mm": 0.0, "rain_rate_mmh": 0.0}