{"ts": 1781565762451, "temp_c": 19.27777777777778, "hum_pct": 60.0, "dew_c": 11.333333333333334, "wind_kmh": 1.7702784000000003, "gust_kmh": 4.02336, "wind_dir": "275", "rain_day_mm": 0.0, "rain_rate_mmh": 0.0}