{"ts": 1773873988131, "temp_c": 12.0, "hum_pct": 78.0, "dew_c": 8.277777777777779, "wind_kmh": 13.679424000000001, "gust_kmh": 15.4497024, "wind_dir": "130", "rain_day_mm": 0.0, "rain_rate_mmh": 0.0}