{"ts": 1774006929742, "temp_c": 17.61111111111111, "hum_pct": 31.0, "dew_c": 0.2777777777777778, "wind_kmh": 4.345228800000001, "gust_kmh": 11.587276800000001, "wind_dir": "169", "rain_day_mm": 0.254, "rain_rate_mmh": 0.0}