{"ts": 1773842630326, "temp_c": 18.61111111111111, "hum_pct": 52.0, "dew_c": 8.555555555555555, "wind_kmh": 6.437376, "gust_kmh": 15.127833600000002, "wind_dir": "165", "rain_day_mm": 0.0, "rain_rate_mmh": 0.0}