{"ts": 1772118482794, "temp_c": 18.5, "hum_pct": 58.0, "dew_c": 10.111111111111112, "wind_kmh": 14.0012928, "gust_kmh": 20.1168, "wind_dir": "195", "rain_day_mm": 0.0, "rain_rate_mmh": 0.0}