{"ts": 1777044039122, "temp_c": 21.888888888888893, "hum_pct": 48.0, "dew_c": 10.388888888888891, "wind_kmh": 7.885785600000001, "gust_kmh": 17.2199808, "wind_dir": "168", "rain_day_mm": 0.0, "rain_rate_mmh": 0.0}