{"ts": 1775482941011, "temp_c": 22.88888888888889, "hum_pct": 35.0, "dew_c": 6.666666666666667, "wind_kmh": 15.771571200000002, "gust_kmh": 21.2433408, "wind_dir": "228", "rain_day_mm": 0.0, "rain_rate_mmh": 0.0}