{"ts": 1778887991686, "temp_c": 6.7777777777777795, "hum_pct": 82.0, "dew_c": 3.944444444444445, "wind_kmh": 2.0921472000000003, "gust_kmh": 3.5405568000000005, "wind_dir": "263", "rain_day_mm": 0.0, "rain_rate_mmh": 0.0}