{"ts": 1775232383441, "temp_c": 22.77777777777778, "hum_pct": 27.0, "dew_c": 2.833333333333334, "wind_kmh": 12.5528832, "gust_kmh": 17.702784, "wind_dir": "313", "rain_day_mm": 0.0, "rain_rate_mmh": 0.0}