{"ts": 1783186933178, "temp_c": 30.0, "hum_pct": 43.0, "dew_c": 16.055555555555557, "wind_kmh": 11.587276800000001, "gust_kmh": 16.898112, "wind_dir": "162", "rain_day_mm": 0.0, "rain_rate_mmh": 0.0}