{"ts": 1777403417644, "temp_c": 17.27777777777778, "hum_pct": 59.0, "dew_c": 9.222222222222221, "wind_kmh": 1.7702784000000003, "gust_kmh": 2.8968192000000004, "wind_dir": "227", "rain_day_mm": 0.0, "rain_rate_mmh": 0.0}