{"ts": 1772640436743, "temp_c": 16.77777777777778, "hum_pct": 62.0, "dew_c": 9.5, "wind_kmh": 8.690457600000002, "gust_kmh": 18.346521600000003, "wind_dir": "122", "rain_day_mm": 0.0, "rain_rate_mmh": 0.0}