{"ts": 1770926490524, "temp_c": 15.0, "hum_pct": 38.0, "dew_c": 0.8333333333333334, "wind_kmh": 19.151193600000003, "gust_kmh": 37.819584000000006, "wind_dir": "300", "rain_day_mm": 0.0, "rain_rate_mmh": 0.0}