{"ts": 1775284707961, "temp_c": 14.88888888888889, "hum_pct": 54.0, "dew_c": 5.666666666666668, "wind_kmh": 4.02336, "gust_kmh": 4.988966400000001, "wind_dir": "222", "rain_day_mm": 0.0, "rain_rate_mmh": 0.0}