{"ts": 1781720998644, "temp_c": 29.5, "hum_pct": 41.0, "dew_c": 14.88888888888889, "wind_kmh": 4.6670976, "gust_kmh": 8.2076544, "wind_dir": "229", "rain_day_mm": 0.0, "rain_rate_mmh": 0.0}