{"ts": 1777321031967, "temp_c": 14.61111111111111, "hum_pct": 70.0, "dew_c": 9.222222222222221, "wind_kmh": 2.0921472000000003, "gust_kmh": 2.5749504000000005, "wind_dir": "256", "rain_day_mm": 0.0, "rain_rate_mmh": 0.0}