{"ts": 1770851130481, "temp_c": 18.5, "hum_pct": 54.0, "dew_c": 9.000000000000002, "wind_kmh": 9.0123264, "gust_kmh": 29.450995200000005, "wind_dir": "260", "rain_day_mm": 0.0, "rain_rate_mmh": 0.0}