{"ts": 1779558118869, "temp_c": 26.5, "hum_pct": 47.0, "dew_c": 14.277777777777779, "wind_kmh": 8.690457600000002, "gust_kmh": 13.357555200000002, "wind_dir": "190", "rain_day_mm": 0.0, "rain_rate_mmh": 0.0}