{"ts": 1771132413262, "temp_c": 8.0, "hum_pct": 54.0, "dew_c": -0.7222222222222227, "wind_kmh": 8.2076544, "gust_kmh": 34.600896000000006, "wind_dir": "291", "rain_day_mm": 0.0, "rain_rate_mmh": 0.0}