{"ts": 1783165389775, "temp_c": 33.72222222222222, "hum_pct": 33.0, "dew_c": 15.222222222222221, "wind_kmh": 7.885785600000001, "gust_kmh": 16.576243200000004, "wind_dir": "161", "rain_day_mm": 0.0, "rain_rate_mmh": 0.0}