{"ts": 1784002385106, "temp_c": 24.777777777777775, "hum_pct": 81.0, "dew_c": 21.333333333333336, "wind_kmh": 1.7702784000000003, "gust_kmh": 2.0921472000000003, "wind_dir": "195", "rain_day_mm": 0.0, "rain_rate_mmh": 0.0}