{"ts": 1776552749184, "temp_c": 11.88888888888889, "hum_pct": 83.0, "dew_c": 9.11111111111111, "wind_kmh": 1.7702784000000003, "gust_kmh": 3.218688, "wind_dir": "248", "rain_day_mm": 0.0, "rain_rate_mmh": 0.0}