{"ts": 1783931178496, "temp_c": 30.5, "hum_pct": 43.0, "dew_c": 16.5, "wind_kmh": 9.0123264, "gust_kmh": 18.346521600000003, "wind_dir": "210", "rain_day_mm": 0.0, "rain_rate_mmh": 0.0}