{"ts": 1774762030925, "temp_c": 7.277777777777778, "hum_pct": 43.0, "dew_c": -4.444444444444445, "wind_kmh": 20.921472, "gust_kmh": 49.24592640000001, "wind_dir": "349", "rain_day_mm": 0.0, "rain_rate_mmh": 0.0}