{"ts": 1780594399307, "temp_c": 21.27777777777778, "hum_pct": 91.0, "dew_c": 19.777777777777775, "wind_kmh": 2.0921472000000003, "gust_kmh": 5.4717696, "wind_dir": "208", "rain_day_mm": 3.302, "rain_rate_mmh": 0.0}