{"ts": 1776522145209, "temp_c": 24.777777777777775, "hum_pct": 37.0, "dew_c": 9.11111111111111, "wind_kmh": 7.563916800000001, "gust_kmh": 16.898112, "wind_dir": "197", "rain_day_mm": 0.0, "rain_rate_mmh": 0.0}