{"ts": 1772888847611, "temp_c": 10.5, "hum_pct": 90.0, "dew_c": 8.944444444444445, "wind_kmh": 14.323161600000002, "gust_kmh": 15.771571200000002, "wind_dir": "224", "rain_day_mm": 5.588, "rain_rate_mmh": 0.0}