{"ts": 1777715037004, "temp_c": 19.0, "hum_pct": 60.0, "dew_c": 11.055555555555555, "wind_kmh": 11.104473600000002, "gust_kmh": 22.0480128, "wind_dir": "147", "rain_day_mm": 2.794, "rain_rate_mmh": 0.0}