{"ts": 1770226244053, "temp_c": 11.277777777777777, "hum_pct": 64.0, "dew_c": 4.722222222222222, "wind_kmh": 3.218688, "gust_kmh": 13.679424000000001, "wind_dir": "359", "rain_day_mm": 1.016, "rain_rate_mmh": 0.0}