{"ts": 1775904781809, "temp_c": 24.72222222222222, "hum_pct": 29.0, "dew_c": 5.499999999999999, "wind_kmh": 5.4717696, "gust_kmh": 8.2076544, "wind_dir": "162", "rain_day_mm": 0.0, "rain_rate_mmh": 0.0}