{"ts": 1774927600461, "temp_c": 13.38888888888889, "hum_pct": 51.0, "dew_c": 3.4999999999999982, "wind_kmh": 2.8968192000000004, "gust_kmh": 7.2420480000000005, "wind_dir": "308", "rain_day_mm": 0.0, "rain_rate_mmh": 0.0}