{"ts": 1778537815408, "temp_c": 14.277777777777779, "hum_pct": 76.0, "dew_c": 10.111111111111112, "wind_kmh": 0.0, "gust_kmh": 2.8968192000000004, "wind_dir": "299", "rain_day_mm": 0.0, "rain_rate_mmh": 0.0}