{"ts": 1774683182160, "temp_c": 11.38888888888889, "hum_pct": 50.0, "dew_c": 1.3333333333333326, "wind_kmh": 9.656064, "gust_kmh": 16.898112, "wind_dir": "300", "rain_day_mm": 0.0, "rain_rate_mmh": 0.0}