{"ts": 1771790191859, "temp_c": 9.777777777777779, "hum_pct": 82.0, "dew_c": 6.888888888888888, "wind_kmh": 1.7702784000000003, "gust_kmh": 2.8968192000000004, "wind_dir": "231", "rain_day_mm": 0.0, "rain_rate_mmh": 0.0}