{"ts": 1775926343907, "temp_c": 22.88888888888889, "hum_pct": 37.0, "dew_c": 7.444444444444445, "wind_kmh": 6.437376, "gust_kmh": 9.656064, "wind_dir": "164", "rain_day_mm": 0.0, "rain_rate_mmh": 0.0}