{"ts": 1771825413293, "temp_c": 8.777777777777777, "hum_pct": 72.0, "dew_c": 4.055555555555554, "wind_kmh": 2.5749504000000005, "gust_kmh": 4.6670976, "wind_dir": "245", "rain_day_mm": 0.0, "rain_rate_mmh": 0.0}