{"ts": 1780452693627, "temp_c": 15.0, "hum_pct": 73.0, "dew_c": 10.222222222222221, "wind_kmh": 0.0, "gust_kmh": 2.5749504000000005, "wind_dir": "276", "rain_day_mm": 0.0, "rain_rate_mmh": 0.0}