{"ts": 1774176292534, "temp_c": 16.38888888888889, "hum_pct": 53.0, "dew_c": 6.7777777777777795, "wind_kmh": 12.2310144, "gust_kmh": 14.8059648, "wind_dir": "187", "rain_day_mm": 0.0, "rain_rate_mmh": 0.0}