{"ts": 1784415896629, "temp_c": 24.777777777777775, "hum_pct": 77.0, "dew_c": 20.500000000000004, "wind_kmh": 3.218688, "gust_kmh": 3.5405568000000005, "wind_dir": "187", "rain_day_mm": 0.0, "rain_rate_mmh": 0.0}