{"ts": 1783658200507, "temp_c": 18.72222222222222, "hum_pct": 55.0, "dew_c": 9.5, "wind_kmh": 0.0, "gust_kmh": 2.8968192000000004, "wind_dir": "279", "rain_day_mm": 0.0, "rain_rate_mmh": 0.0}