{"ts": 1779480190150, "temp_c": 20.27777777777778, "hum_pct": 67.0, "dew_c": 14.000000000000002, "wind_kmh": 2.8968192000000004, "gust_kmh": 6.437376, "wind_dir": "187", "rain_day_mm": 0.0, "rain_rate_mmh": 0.0}