{"ts": 1779640720884, "temp_c": 29.27777777777778, "hum_pct": 33.0, "dew_c": 11.38888888888889, "wind_kmh": 8.2076544, "gust_kmh": 11.909145600000002, "wind_dir": "171", "rain_day_mm": 0.0, "rain_rate_mmh": 0.0}