{"ts": 1775122739488, "temp_c": 17.38888888888889, "hum_pct": 34.0, "dew_c": 1.3888888888888888, "wind_kmh": 11.587276800000001, "gust_kmh": 14.323161600000002, "wind_dir": "178", "rain_day_mm": 0.0, "rain_rate_mmh": 0.0}