{"ts": 1779147643401, "temp_c": 16.11111111111111, "hum_pct": 90.0, "dew_c": 14.444444444444445, "wind_kmh": 2.0921472000000003, "gust_kmh": 2.0921472000000003, "wind_dir": "272", "rain_day_mm": 0.0, "rain_rate_mmh": 0.0}