{"ts": 1781330446777, "temp_c": 22.722222222222225, "hum_pct": 54.0, "dew_c": 12.944444444444443, "wind_kmh": 0.0, "gust_kmh": 1.7702784000000003, "wind_dir": "163", "rain_day_mm": 0.0, "rain_rate_mmh": 0.0}