{"ts": 1778779454013, "temp_c": 21.5, "hum_pct": 31.0, "dew_c": 3.6666666666666674, "wind_kmh": 4.02336, "gust_kmh": 23.335488, "wind_dir": "318", "rain_day_mm": 0.0, "rain_rate_mmh": 0.0}