{"ts": 1772884169557, "temp_c": 14.222222222222221, "hum_pct": 75.0, "dew_c": 9.833333333333336, "wind_kmh": 18.0246528, "gust_kmh": 21.565209600000003, "wind_dir": "123", "rain_day_mm": 5.588, "rain_rate_mmh": 0.0}