{"ts": 1774164326255, "temp_c": 9.5, "hum_pct": 62.0, "dew_c": 2.6111111111111125, "wind_kmh": 2.0921472000000003, "gust_kmh": 3.5405568000000005, "wind_dir": "223", "rain_day_mm": 0.0, "rain_rate_mmh": 0.0}