{"ts": 1772647585137, "temp_c": 15.222222222222221, "hum_pct": 64.0, "dew_c": 8.444444444444446, "wind_kmh": 6.1155072, "gust_kmh": 11.104473600000002, "wind_dir": "69", "rain_day_mm": 0.0, "rain_rate_mmh": 0.0}