{"ts": 1773639110499, "temp_c": 8.38888888888889, "hum_pct": 47.0, "dew_c": -2.2777777777777786, "wind_kmh": 7.563916800000001, "gust_kmh": 8.2076544, "wind_dir": "254", "rain_day_mm": 0.0, "rain_rate_mmh": 0.0}