{"ts": 1775677070041, "temp_c": 14.11111111111111, "hum_pct": 77.0, "dew_c": 10.111111111111112, "wind_kmh": 1.7702784000000003, "gust_kmh": 3.218688, "wind_dir": "244", "rain_day_mm": 0.0, "rain_rate_mmh": 0.0}