{"ts": 1772765470577, "temp_c": 12.888888888888891, "hum_pct": 88.0, "dew_c": 10.944444444444446, "wind_kmh": 5.793638400000001, "gust_kmh": 8.2076544, "wind_dir": "12", "rain_day_mm": 0.254, "rain_rate_mmh": 0.0}