{"ts": 1771102527273, "temp_c": 11.38888888888889, "hum_pct": 44.0, "dew_c": -0.3888888888888885, "wind_kmh": 3.218688, "gust_kmh": 25.910438400000004, "wind_dir": "251", "rain_day_mm": 0.0, "rain_rate_mmh": 0.0}