{"ts": 1771621122032, "temp_c": 10.222222222222221, "hum_pct": 63.0, "dew_c": 3.4999999999999982, "wind_kmh": 3.218688, "gust_kmh": 8.690457600000002, "wind_dir": "291", "rain_day_mm": 0.0, "rain_rate_mmh": 0.0}