{"ts": 1776614736775, "temp_c": 25.27777777777778, "hum_pct": 47.0, "dew_c": 13.166666666666668, "wind_kmh": 10.1388672, "gust_kmh": 17.702784, "wind_dir": "188", "rain_day_mm": 0.0, "rain_rate_mmh": 0.0}