{"ts": 1780867321656, "temp_c": 18.000000000000004, "hum_pct": 78.0, "dew_c": 14.11111111111111, "wind_kmh": 0.0, "gust_kmh": 4.02336, "wind_dir": "212", "rain_day_mm": 0.0, "rain_rate_mmh": 0.0}