{"ts": 1775249468345, "temp_c": 11.222222222222223, "hum_pct": 70.0, "dew_c": 5.944444444444446, "wind_kmh": 0.0, "gust_kmh": 2.8968192000000004, "wind_dir": "220", "rain_day_mm": 0.0, "rain_rate_mmh": 0.0}