{"ts": 1777211410741, "temp_c": 24.88888888888889, "hum_pct": 42.0, "dew_c": 11.11111111111111, "wind_kmh": 11.909145600000002, "gust_kmh": 16.898112, "wind_dir": "178", "rain_day_mm": 0.0, "rain_rate_mmh": 0.0}