{"ts": 1776775459988, "temp_c": 25.27777777777778, "hum_pct": 37.0, "dew_c": 9.555555555555557, "wind_kmh": 18.346521600000003, "gust_kmh": 27.358848000000002, "wind_dir": "174", "rain_day_mm": 0.0, "rain_rate_mmh": 0.0}