{"ts": 1783483023851, "temp_c": 20.611111111111107, "hum_pct": 80.0, "dew_c": 17.055555555555557, "wind_kmh": 2.8968192000000004, "gust_kmh": 3.5405568000000005, "wind_dir": "158", "rain_day_mm": 0.0, "rain_rate_mmh": 0.0}