{"ts": 1783848523336, "temp_c": 32.0, "hum_pct": 33.0, "dew_c": 13.722222222222223, "wind_kmh": 13.357555200000002, "gust_kmh": 14.8059648, "wind_dir": "136", "rain_day_mm": 0.0, "rain_rate_mmh": 0.0}