{"ts": 1783545624582, "temp_c": 26.888888888888893, "hum_pct": 64.0, "dew_c": 19.499999999999996, "wind_kmh": 5.793638400000001, "gust_kmh": 9.0123264, "wind_dir": "191", "rain_day_mm": 0.0, "rain_rate_mmh": 0.0}