{"ts": 1783021579184, "temp_c": 25.27777777777778, "hum_pct": 58.0, "dew_c": 16.444444444444443, "wind_kmh": 2.8968192000000004, "gust_kmh": 9.656064, "wind_dir": "172", "rain_day_mm": 0.0, "rain_rate_mmh": 0.0}