{"ts": 1777932746684, "temp_c": 11.277777777777777, "hum_pct": 93.0, "dew_c": 10.222222222222221, "wind_kmh": 2.0921472000000003, "gust_kmh": 4.02336, "wind_dir": "201", "rain_day_mm": 0.0, "rain_rate_mmh": 0.0}