{"ts": 1775651944390, "temp_c": 26.0, "hum_pct": 41.0, "dew_c": 11.722222222222221, "wind_kmh": 7.563916800000001, "gust_kmh": 15.127833600000002, "wind_dir": "188", "rain_day_mm": 0.0, "rain_rate_mmh": 0.0}