{"ts": 1778053351362, "temp_c": 15.88888888888889, "hum_pct": 55.0, "dew_c": 6.888888888888888, "wind_kmh": 9.656064, "gust_kmh": 24.14016, "wind_dir": "340", "rain_day_mm": 0.0, "rain_rate_mmh": 0.0}