{"ts": 1771535096575, "temp_c": 10.777777777777779, "hum_pct": 49.0, "dew_c": 0.4999999999999992, "wind_kmh": 19.151193600000003, "gust_kmh": 56.809843199999996, "wind_dir": "308", "rain_day_mm": 0.0, "rain_rate_mmh": 0.0}