{"ts": 1777613207093, "temp_c": 13.0, "hum_pct": 89.0, "dew_c": 11.222222222222223, "wind_kmh": 0.0, "gust_kmh": 2.8968192000000004, "wind_dir": "228", "rain_day_mm": 0.0, "rain_rate_mmh": 0.0}