{"ts": 1780405078601, "temp_c": 28.77777777777778, "hum_pct": 57.0, "dew_c": 19.444444444444443, "wind_kmh": 6.1155072, "gust_kmh": 13.679424000000001, "wind_dir": "160", "rain_day_mm": 0.0, "rain_rate_mmh": 0.0}