{"ts": 1776119198892, "temp_c": 11.38888888888889, "hum_pct": 50.0, "dew_c": 1.3333333333333326, "wind_kmh": 5.4717696, "gust_kmh": 12.2310144, "wind_dir": "264", "rain_day_mm": 0.0, "rain_rate_mmh": 0.0}