{"ts": 1769923084436, "temp_c": 45.7, "hum_pct": 66.0, "dew_c": 35.0, "wind_kmh": 3.218688, "gust_kmh": 7.563916800000001, "wind_dir": "193", "rain_day_mm": null, "rain_rate_mmh": null}