{"ts": 1784223365400, "temp_c": 32.72222222222222, "hum_pct": 50.0, "dew_c": 20.944444444444443, "wind_kmh": 7.885785600000001, "gust_kmh": 9.3341952, "wind_dir": "162", "rain_day_mm": 0.0, "rain_rate_mmh": 0.0}