{"ts": 1775366948777, "temp_c": 6.611111111111111, "hum_pct": 82.0, "dew_c": 3.7777777777777763, "wind_kmh": 2.8968192000000004, "gust_kmh": 4.6670976, "wind_dir": "297", "rain_day_mm": 0.0, "rain_rate_mmh": 0.0}