{"ts": 1779190191676, "temp_c": 24.222222222222218, "hum_pct": 61.0, "dew_c": 16.22222222222222, "wind_kmh": 15.4497024, "gust_kmh": 18.346521600000003, "wind_dir": "169", "rain_day_mm": 0.0, "rain_rate_mmh": 0.0}