{"ts": 1775544963222, "temp_c": 14.5, "hum_pct": 57.0, "dew_c": 6.111111111111111, "wind_kmh": 0.0, "gust_kmh": 2.8968192000000004, "wind_dir": "243", "rain_day_mm": 0.0, "rain_rate_mmh": 0.0}