{"ts": 1774451864360, "temp_c": 23.277777777777782, "hum_pct": 28.0, "dew_c": 3.7777777777777763, "wind_kmh": 4.6670976, "gust_kmh": 10.460736, "wind_dir": "319", "rain_day_mm": 0.0, "rain_rate_mmh": 0.0}