{"ts": 1772949309056, "temp_c": 6.611111111111111, "hum_pct": 97.0, "dew_c": 6.166666666666668, "wind_kmh": 1.7702784000000003, "gust_kmh": 2.5749504000000005, "wind_dir": "204", "rain_day_mm": 0.0, "rain_rate_mmh": 0.0}