{"ts": 1771365010459, "temp_c": 11.277777777777777, "hum_pct": 71.0, "dew_c": 6.222222222222224, "wind_kmh": 2.0921472000000003, "gust_kmh": 4.988966400000001, "wind_dir": "330", "rain_day_mm": 0.0, "rain_rate_mmh": 0.0}