{"ts": 1774679795400, "temp_c": 9.000000000000002, "hum_pct": 57.0, "dew_c": 0.944444444444446, "wind_kmh": 9.656064, "gust_kmh": 9.656064, "wind_dir": "307", "rain_day_mm": 0.0, "rain_rate_mmh": 0.0}