{"ts": 1770055500855, "temp_c": 10.61111111111111, "hum_pct": 91.0, "dew_c": 9.166666666666666, "wind_kmh": 2.0921472000000003, "gust_kmh": 3.218688, "wind_dir": "197", "rain_day_mm": 1.778, "rain_rate_mmh": 0.0}