{"ts": 1769893238583, "temp_c": 51.3, "hum_pct": 54.0, "dew_c": 35.2, "wind_kmh": 51.499008, "gust_kmh": 53.91302400000001, "wind_dir": "293", "rain_day_mm": null, "rain_rate_mmh": null}