{"ts": 1770448228103, "temp_c": 9.611111111111109, "hum_pct": 54.0, "dew_c": 0.777777777777777, "wind_kmh": 13.679424000000001, "gust_kmh": 29.129126400000004, "wind_dir": "277", "rain_day_mm": 0.0, "rain_rate_mmh": 0.0}