{"ts": 1784579889938, "temp_c": 25.888888888888886, "hum_pct": 77.0, "dew_c": 21.555555555555557, "wind_kmh": 2.5749504000000005, "gust_kmh": 3.218688, "wind_dir": "192", "rain_day_mm": 1.5239999999999998, "rain_rate_mmh": 0.0}