{"ts": 1781774597482, "temp_c": 30.77777777777778, "hum_pct": 35.0, "dew_c": 13.61111111111111, "wind_kmh": 6.759244800000001, "gust_kmh": 13.679424000000001, "wind_dir": "189", "rain_day_mm": 0.0, "rain_rate_mmh": 0.0}