{"ts": 1772837127233, "temp_c": 10.999999999999998, "hum_pct": 91.0, "dew_c": 9.611111111111109, "wind_kmh": 2.8968192000000004, "gust_kmh": 6.759244800000001, "wind_dir": "91", "rain_day_mm": 16.256, "rain_rate_mmh": 1.27}