{"ts": 1776210943834, "temp_c": 8.277777777777779, "hum_pct": 80.0, "dew_c": 5.055555555555556, "wind_kmh": 1.7702784000000003, "gust_kmh": 2.5749504000000005, "wind_dir": "31", "rain_day_mm": 0.0, "rain_rate_mmh": 0.0}