{"ts": 1782362907724, "temp_c": 18.000000000000004, "hum_pct": 78.0, "dew_c": 14.11111111111111, "wind_kmh": 0.0, "gust_kmh": 2.8968192000000004, "wind_dir": "268", "rain_day_mm": 0.0, "rain_rate_mmh": 0.0}