{"ts": 1782998402357, "temp_c": 33.888888888888886, "hum_pct": 22.0, "dew_c": 9.222222222222221, "wind_kmh": 12.2310144, "gust_kmh": 12.5528832, "wind_dir": "0", "rain_day_mm": 0.0, "rain_rate_mmh": 0.0}