{"ts": 1772919126185, "temp_c": 9.11111111111111, "hum_pct": 96.0, "dew_c": 8.499999999999998, "wind_kmh": 3.218688, "gust_kmh": 5.4717696, "wind_dir": "278", "rain_day_mm": 20.066, "rain_rate_mmh": 0.0}