{"ts": 1770883430906, "temp_c": 14.722222222222221, "hum_pct": 41.0, "dew_c": 1.6111111111111103, "wind_kmh": 9.0123264, "gust_kmh": 40.394534400000005, "wind_dir": "290", "rain_day_mm": 0.0, "rain_rate_mmh": 0.0}