{"ts": 1783814852741, "temp_c": 22.11111111111111, "hum_pct": 86.0, "dew_c": 19.66666666666667, "wind_kmh": 0.0, "gust_kmh": 2.5749504000000005, "wind_dir": "319", "rain_day_mm": 0.0, "rain_rate_mmh": 0.0}