{"ts": 1770797216962, "temp_c": 16.22222222222222, "hum_pct": 50.0, "dew_c": 5.777777777777777, "wind_kmh": 18.0246528, "gust_kmh": 39.911731200000006, "wind_dir": "4", "rain_day_mm": 0.0, "rain_rate_mmh": 0.0}