{"ts": 1781800845632, "temp_c": 28.388888888888886, "hum_pct": 52.0, "dew_c": 17.61111111111111, "wind_kmh": 9.3341952, "gust_kmh": 11.909145600000002, "wind_dir": "169", "rain_day_mm": 0.0, "rain_rate_mmh": 0.0}