{"ts": 1777127243582, "temp_c": 23.88888888888889, "hum_pct": 43.0, "dew_c": 10.555555555555555, "wind_kmh": 6.759244800000001, "gust_kmh": 18.346521600000003, "wind_dir": "184", "rain_day_mm": 0.0, "rain_rate_mmh": 0.0}