{"ts": 1774644798196, "temp_c": 10.777777777777779, "hum_pct": 67.0, "dew_c": 4.944444444444444, "wind_kmh": 4.988966400000001, "gust_kmh": 6.437376, "wind_dir": "226", "rain_day_mm": 0.0, "rain_rate_mmh": 0.0}