{"ts": 1776596193446, "temp_c": 23.77777777777778, "hum_pct": 45.0, "dew_c": 11.166666666666666, "wind_kmh": 8.2076544, "gust_kmh": 14.8059648, "wind_dir": "151", "rain_day_mm": 0.0, "rain_rate_mmh": 0.0}