{"ts": 1780519232834, "temp_c": 20.11111111111111, "hum_pct": 81.0, "dew_c": 16.72222222222222, "wind_kmh": 7.2420480000000005, "gust_kmh": 7.885785600000001, "wind_dir": "182", "rain_day_mm": 0.0, "rain_rate_mmh": 0.0}