{"ts": 1777719797216, "temp_c": 21.5, "hum_pct": 46.0, "dew_c": 9.38888888888889, "wind_kmh": 12.2310144, "gust_kmh": 19.151193600000003, "wind_dir": "181", "rain_day_mm": 2.794, "rain_rate_mmh": 0.0}