{"ts": 1784655666799, "temp_c": 31.22222222222222, "hum_pct": 44.0, "dew_c": 17.5, "wind_kmh": 6.437376, "gust_kmh": 8.2076544, "wind_dir": "180", "rain_day_mm": 0.0, "rain_rate_mmh": 0.0}