{"ts": 1775586971226, "temp_c": 16.0, "hum_pct": 51.0, "dew_c": 5.888888888888889, "wind_kmh": 1.7702784000000003, "gust_kmh": 3.5405568000000005, "wind_dir": "246", "rain_day_mm": 0.0, "rain_rate_mmh": 0.0}