{"ts": 1781219356767, "temp_c": 16.77777777777778, "hum_pct": 84.0, "dew_c": 14.11111111111111, "wind_kmh": 2.0921472000000003, "gust_kmh": 2.5749504000000005, "wind_dir": "299", "rain_day_mm": 0.0, "rain_rate_mmh": 0.0}