{"ts": 1776722294226, "temp_c": 13.777777777777777, "hum_pct": 87.0, "dew_c": 11.666666666666666, "wind_kmh": 0.0, "gust_kmh": 3.5405568000000005, "wind_dir": "242", "rain_day_mm": 0.0, "rain_rate_mmh": 0.0}