{"ts": 1772373525280, "temp_c": 16.27777777777778, "hum_pct": 54.0, "dew_c": 7.000000000000001, "wind_kmh": 18.6683904, "gust_kmh": 26.715110400000004, "wind_dir": "213", "rain_day_mm": 0.254, "rain_rate_mmh": 0.0}