{"ts": 1770702822576, "temp_c": 11.38888888888889, "hum_pct": 84.0, "dew_c": 8.777777777777777, "wind_kmh": 4.02336, "gust_kmh": 9.3341952, "wind_dir": "243", "rain_day_mm": 0.0, "rain_rate_mmh": 0.0}