{"ts": 1775854465791, "temp_c": 15.61111111111111, "hum_pct": 48.0, "dew_c": 4.61111111111111, "wind_kmh": 0.0, "gust_kmh": 4.02336, "wind_dir": "292", "rain_day_mm": 0.0, "rain_rate_mmh": 0.0}