{"ts": 1781968116839, "temp_c": 33.77777777777778, "hum_pct": 24.0, "dew_c": 10.444444444444443, "wind_kmh": 11.587276800000001, "gust_kmh": 18.0246528, "wind_dir": "171", "rain_day_mm": 0.0, "rain_rate_mmh": 0.0}