{"ts": 1780668091705, "temp_c": 21.722222222222218, "hum_pct": 61.0, "dew_c": 13.833333333333334, "wind_kmh": 18.346521600000003, "gust_kmh": 25.588569600000003, "wind_dir": "170", "rain_day_mm": 0.7619999999999999, "rain_rate_mmh": 0.0}