{"ts": 1784373375154, "temp_c": 33.27777777777778, "hum_pct": 44.0, "dew_c": 19.388888888888893, "wind_kmh": 8.690457600000002, "gust_kmh": 14.323161600000002, "wind_dir": "197", "rain_day_mm": 0.0, "rain_rate_mmh": 0.0}