{"ts": 1775398076738, "temp_c": 22.5, "hum_pct": 50.0, "dew_c": 11.555555555555554, "wind_kmh": 10.460736, "gust_kmh": 11.587276800000001, "wind_dir": "161", "rain_day_mm": 0.0, "rain_rate_mmh": 0.0}