{"ts": 1776793068130, "temp_c": 20.500000000000004, "hum_pct": 52.0, "dew_c": 10.333333333333334, "wind_kmh": 7.2420480000000005, "gust_kmh": 15.127833600000002, "wind_dir": "179", "rain_day_mm": 0.0, "rain_rate_mmh": 0.0}