{"ts": 1774274327226, "temp_c": 17.77777777777778, "hum_pct": 54.0, "dew_c": 8.38888888888889, "wind_kmh": 23.818291200000004, "gust_kmh": 24.14016, "wind_dir": "178", "rain_day_mm": 0.0, "rain_rate_mmh": 0.0}