{"ts": 1784830852239, "temp_c": 28.388888888888886, "hum_pct": 78.0, "dew_c": 24.222222222222218, "wind_kmh": 6.759244800000001, "gust_kmh": 16.2543744, "wind_dir": "153", "rain_day_mm": 0.0, "rain_rate_mmh": 0.0}