{"ts": 1774061142070, "temp_c": 2.6111111111111125, "hum_pct": 86.0, "dew_c": 0.4999999999999992, "wind_kmh": 3.218688, "gust_kmh": 3.5405568000000005, "wind_dir": "251", "rain_day_mm": 0.0, "rain_rate_mmh": 0.0}