{"ts": 1784682285269, "temp_c": 23.22222222222222, "hum_pct": 54.0, "dew_c": 13.38888888888889, "wind_kmh": 0.0, "gust_kmh": 2.8968192000000004, "wind_dir": "135", "rain_day_mm": 0.0, "rain_rate_mmh": 0.0}