{"ts": 1769957700501, "temp_c": 15.38888888888889, "hum_pct": 47.0, "dew_c": 4.166666666666667, "wind_kmh": 8.690457600000002, "gust_kmh": 9.0123264, "wind_dir": "249", "rain_day_mm": null, "rain_rate_mmh": null}