{"ts": 1776896833136, "temp_c": 14.11111111111111, "hum_pct": 84.0, "dew_c": 11.444444444444445, "wind_kmh": 2.0921472000000003, "gust_kmh": 3.5405568000000005, "wind_dir": "194", "rain_day_mm": 0.0, "rain_rate_mmh": 0.0}