{"ts": 1774351679401, "temp_c": 19.111111111111114, "hum_pct": 44.0, "dew_c": 6.555555555555554, "wind_kmh": 15.127833600000002, "gust_kmh": 17.2199808, "wind_dir": "171", "rain_day_mm": 0.0, "rain_rate_mmh": 0.0}