{"ts": 1780656793622, "temp_c": 21.22222222222222, "hum_pct": 59.0, "dew_c": 12.888888888888891, "wind_kmh": 14.0012928, "gust_kmh": 23.818291200000004, "wind_dir": "181", "rain_day_mm": 0.7619999999999999, "rain_rate_mmh": 0.0}