{"ts": 1772531897886, "temp_c": 16.22222222222222, "hum_pct": 64.0, "dew_c": 9.38888888888889, "wind_kmh": 4.345228800000001, "gust_kmh": 13.679424000000001, "wind_dir": "171", "rain_day_mm": 1.016, "rain_rate_mmh": 0.0}