{"ts": 1774465859590, "temp_c": 16.11111111111111, "hum_pct": 46.0, "dew_c": 4.500000000000001, "wind_kmh": 15.4497024, "gust_kmh": 15.771571200000002, "wind_dir": "245", "rain_day_mm": 0.0, "rain_rate_mmh": 0.0}