{"ts": 1774385801350, "temp_c": 9.5, "hum_pct": 80.0, "dew_c": 6.222222222222224, "wind_kmh": 1.7702784000000003, "gust_kmh": 4.345228800000001, "wind_dir": "273", "rain_day_mm": 0.0, "rain_rate_mmh": 0.0}