{"ts": 1780263436040, "temp_c": 21.11111111111111, "hum_pct": 76.0, "dew_c": 16.72222222222222, "wind_kmh": 0.0, "gust_kmh": 4.988966400000001, "wind_dir": "212", "rain_day_mm": 0.0, "rain_rate_mmh": 0.0}