{"ts": 1773524256246, "temp_c": 8.722222222222223, "hum_pct": 52.0, "dew_c": -0.6111111111111119, "wind_kmh": 1.7702784000000003, "gust_kmh": 12.2310144, "wind_dir": "305", "rain_day_mm": 0.0, "rain_rate_mmh": 0.0}