{"ts": 1772297617454, "temp_c": 12.277777777777779, "hum_pct": 76.0, "dew_c": 8.222222222222221, "wind_kmh": 3.5405568000000005, "gust_kmh": 6.759244800000001, "wind_dir": "342", "rain_day_mm": 0.0, "rain_rate_mmh": 0.0}