{"ts": 1780005773492, "temp_c": 20.500000000000004, "hum_pct": 64.0, "dew_c": 13.444444444444446, "wind_kmh": 0.0, "gust_kmh": 1.7702784000000003, "wind_dir": "210", "rain_day_mm": 0.0, "rain_rate_mmh": 0.0}