{"ts": 1772720788252, "temp_c": 13.0, "hum_pct": 91.0, "dew_c": 11.555555555555554, "wind_kmh": 8.690457600000002, "gust_kmh": 10.460736, "wind_dir": "127", "rain_day_mm": 16.256, "rain_rate_mmh": 2.2859999999999996}