{"ts": 1778185392882, "temp_c": 14.38888888888889, "hum_pct": 79.0, "dew_c": 10.833333333333334, "wind_kmh": 4.02336, "gust_kmh": 4.988966400000001, "wind_dir": "206", "rain_day_mm": 0.254, "rain_rate_mmh": 0.0}