{"ts": 1781299095988, "temp_c": 19.499999999999996, "hum_pct": 74.0, "dew_c": 14.722222222222221, "wind_kmh": 0.0, "gust_kmh": 4.02336, "wind_dir": "259", "rain_day_mm": 0.0, "rain_rate_mmh": 0.0}