{"ts": 1776988701338, "temp_c": 14.000000000000002, "hum_pct": 73.0, "dew_c": 9.222222222222221, "wind_kmh": 4.02336, "gust_kmh": 6.437376, "wind_dir": "331", "rain_day_mm": 0.0, "rain_rate_mmh": 0.0}