{"ts": 1774605946614, "temp_c": 16.27777777777778, "hum_pct": 31.0, "dew_c": -0.8333333333333334, "wind_kmh": 4.02336, "gust_kmh": 12.2310144, "wind_dir": "169", "rain_day_mm": 0.0, "rain_rate_mmh": 0.0}