{"ts": 1778397259099, "temp_c": 17.77777777777778, "hum_pct": 78.0, "dew_c": 13.944444444444445, "wind_kmh": 3.5405568000000005, "gust_kmh": 4.6670976, "wind_dir": "228", "rain_day_mm": 0.0, "rain_rate_mmh": 0.0}