{"ts": 1773481589256, "temp_c": 12.111111111111109, "hum_pct": 64.0, "dew_c": 5.499999999999999, "wind_kmh": 11.104473600000002, "gust_kmh": 14.323161600000002, "wind_dir": "142", "rain_day_mm": 0.0, "rain_rate_mmh": 0.0}