{"ts": 1772610584713, "temp_c": 14.222222222222221, "hum_pct": 69.0, "dew_c": 8.61111111111111, "wind_kmh": 2.8968192000000004, "gust_kmh": 3.218688, "wind_dir": "226", "rain_day_mm": 0.0, "rain_rate_mmh": 0.0}