{"ts": 1781728593808, "temp_c": 23.72222222222222, "hum_pct": 69.0, "dew_c": 17.666666666666668, "wind_kmh": 2.5749504000000005, "gust_kmh": 6.437376, "wind_dir": "215", "rain_day_mm": 0.0, "rain_rate_mmh": 0.0}