{"ts": 1775947751527, "temp_c": 16.88888888888889, "hum_pct": 45.0, "dew_c": 4.8888888888888875, "wind_kmh": 1.7702784000000003, "gust_kmh": 2.0921472000000003, "wind_dir": "296", "rain_day_mm": 0.0, "rain_rate_mmh": 0.0}