{"ts": 1778763716213, "temp_c": 22.277777777777775, "hum_pct": 32.0, "dew_c": 4.833333333333335, "wind_kmh": 15.771571200000002, "gust_kmh": 30.255667200000005, "wind_dir": "306", "rain_day_mm": 0.0, "rain_rate_mmh": 0.0}