{"ts": 1774296416210, "temp_c": 11.222222222222223, "hum_pct": 77.0, "dew_c": 7.333333333333335, "wind_kmh": 9.0123264, "gust_kmh": 9.656064, "wind_dir": "186", "rain_day_mm": 0.0, "rain_rate_mmh": 0.0}