{"ts": 1774545375861, "temp_c": 16.88888888888889, "hum_pct": 31.0, "dew_c": -0.33333333333333415, "wind_kmh": 16.576243200000004, "gust_kmh": 23.013619200000004, "wind_dir": "261", "rain_day_mm": 0.0, "rain_rate_mmh": 0.0}