{"ts": 1777482527245, "temp_c": 22.277777777777775, "hum_pct": 36.0, "dew_c": 6.500000000000002, "wind_kmh": 13.0356864, "gust_kmh": 18.346521600000003, "wind_dir": "165", "rain_day_mm": 0.254, "rain_rate_mmh": 0.0}