{"ts": 1773417957853, "temp_c": 18.277777777777782, "hum_pct": 65.0, "dew_c": 11.61111111111111, "wind_kmh": 15.127833600000002, "gust_kmh": 16.2543744, "wind_dir": "177", "rain_day_mm": 0.0, "rain_rate_mmh": 0.0}