{"ts": 1772873180093, "temp_c": 12.777777777777779, "hum_pct": 85.0, "dew_c": 10.333333333333334, "wind_kmh": 9.0123264, "gust_kmh": 10.1388672, "wind_dir": "108", "rain_day_mm": 5.588, "rain_rate_mmh": 0.0}