{"ts": 1777965952890, "temp_c": 16.0, "hum_pct": 74.0, "dew_c": 11.38888888888889, "wind_kmh": 0.0, "gust_kmh": 8.2076544, "wind_dir": "267", "rain_day_mm": 0.0, "rain_rate_mmh": 0.0}