{"ts": 1783509981293, "temp_c": 39.0, "hum_pct": 15.0, "dew_c": 7.666666666666665, "wind_kmh": 9.0123264, "gust_kmh": 18.6683904, "wind_dir": "160", "rain_day_mm": 0.0, "rain_rate_mmh": 0.0}