{"ts": 1769900432272, "temp_c": 50.7, "hum_pct": 54.0, "dew_c": 34.7, "wind_kmh": 6.759244800000001, "gust_kmh": 29.450995200000005, "wind_dir": "256", "rain_day_mm": null, "rain_rate_mmh": null}