{"ts": 1772922993075, "temp_c": 8.88888888888889, "hum_pct": 97.0, "dew_c": 8.444444444444446, "wind_kmh": 1.7702784000000003, "gust_kmh": 4.02336, "wind_dir": "244", "rain_day_mm": 20.066, "rain_rate_mmh": 0.0}