{"ts": 1783732014412, "temp_c": 22.22222222222222, "hum_pct": 56.0, "dew_c": 13.0, "wind_kmh": 2.5749504000000005, "gust_kmh": 3.5405568000000005, "wind_dir": "222", "rain_day_mm": 0.0, "rain_rate_mmh": 0.0}