{"ts": 1775843921926, "temp_c": 21.0, "hum_pct": 32.0, "dew_c": 3.6666666666666674, "wind_kmh": 13.0356864, "gust_kmh": 13.0356864, "wind_dir": "160", "rain_day_mm": 0.0, "rain_rate_mmh": 0.0}