{"ts": 1771261612420, "temp_c": 17.77777777777778, "hum_pct": 56.0, "dew_c": 8.88888888888889, "wind_kmh": 16.898112, "gust_kmh": 37.014912, "wind_dir": "298", "rain_day_mm": 0.0, "rain_rate_mmh": 0.0}