{"ts": 1774824515228, "temp_c": 10.111111111111112, "hum_pct": 29.0, "dew_c": -7.111111111111111, "wind_kmh": 5.4717696, "gust_kmh": 11.587276800000001, "wind_dir": "271", "rain_day_mm": 0.0, "rain_rate_mmh": 0.0}