{"ts": 1777315891195, "temp_c": 18.277777777777782, "hum_pct": 58.0, "dew_c": 9.888888888888888, "wind_kmh": 10.782604800000001, "gust_kmh": 13.679424000000001, "wind_dir": "148", "rain_day_mm": 0.0, "rain_rate_mmh": 0.0}