{"ts": 1771970680409, "temp_c": 6.7777777777777795, "hum_pct": 87.0, "dew_c": 4.777777777777779, "wind_kmh": 0.0, "gust_kmh": 3.218688, "wind_dir": "288", "rain_day_mm": 0.254, "rain_rate_mmh": 0.0}