{"ts": 1779635868875, "temp_c": 30.22222222222222, "hum_pct": 32.0, "dew_c": 11.722222222222221, "wind_kmh": 7.885785600000001, "gust_kmh": 12.5528832, "wind_dir": "192", "rain_day_mm": 0.0, "rain_rate_mmh": 0.0}