{"ts": 1784050277032, "temp_c": 30.27777777777778, "hum_pct": 67.0, "dew_c": 23.5, "wind_kmh": 5.793638400000001, "gust_kmh": 10.782604800000001, "wind_dir": "197", "rain_day_mm": 0.0, "rain_rate_mmh": 0.0}