{"ts": 1771760853962, "temp_c": 21.999999999999996, "hum_pct": 36.0, "dew_c": 6.277777777777776, "wind_kmh": 3.218688, "gust_kmh": 7.2420480000000005, "wind_dir": "311", "rain_day_mm": 0.0, "rain_rate_mmh": 0.0}