{"ts": 1776888765114, "temp_c": 15.88888888888889, "hum_pct": 72.0, "dew_c": 10.88888888888889, "wind_kmh": 6.437376, "gust_kmh": 8.2076544, "wind_dir": "222", "rain_day_mm": 0.0, "rain_rate_mmh": 0.0}