{"ts": 1774719783051, "temp_c": 17.22222222222222, "hum_pct": 37.0, "dew_c": 2.3888888888888875, "wind_kmh": 0.0, "gust_kmh": 5.4717696, "wind_dir": "236", "rain_day_mm": 0.0, "rain_rate_mmh": 0.0}