{"ts": 1773556569942, "temp_c": 6.222222222222224, "hum_pct": 57.0, "dew_c": -1.6666666666666667, "wind_kmh": 6.759244800000001, "gust_kmh": 19.794931200000004, "wind_dir": "314", "rain_day_mm": 0.0, "rain_rate_mmh": 0.0}