{"ts": 1775311620603, "temp_c": 22.61111111111111, "hum_pct": 37.0, "dew_c": 7.166666666666667, "wind_kmh": 10.782604800000001, "gust_kmh": 19.794931200000004, "wind_dir": "205", "rain_day_mm": 0.0, "rain_rate_mmh": 0.0}