{"ts": 1777793103924, "temp_c": 17.72222222222222, "hum_pct": 72.0, "dew_c": 12.611111111111112, "wind_kmh": 0.0, "gust_kmh": 4.988966400000001, "wind_dir": "231", "rain_day_mm": 0.0, "rain_rate_mmh": 0.0}