{"ts": 1779200032703, "temp_c": 25.222222222222225, "hum_pct": 53.0, "dew_c": 14.944444444444445, "wind_kmh": 17.702784, "gust_kmh": 21.2433408, "wind_dir": "180", "rain_day_mm": 0.0, "rain_rate_mmh": 0.0}