{"ts": 1774188135172, "temp_c": 18.111111111111107, "hum_pct": 55.0, "dew_c": 8.944444444444445, "wind_kmh": 9.656064, "gust_kmh": 18.346521600000003, "wind_dir": "186", "rain_day_mm": 0.0, "rain_rate_mmh": 0.0}