{"ts": 1781811297805, "temp_c": 24.0, "hum_pct": 62.0, "dew_c": 16.27777777777778, "wind_kmh": 4.988966400000001, "gust_kmh": 9.0123264, "wind_dir": "196", "rain_day_mm": 0.0, "rain_rate_mmh": 0.0}