{"ts": 1783787427932, "temp_c": 29.0, "hum_pct": 64.0, "dew_c": 21.5, "wind_kmh": 3.5405568000000005, "gust_kmh": 14.8059648, "wind_dir": "165", "rain_day_mm": 0.0, "rain_rate_mmh": 0.0}