{"ts": 1773684477985, "temp_c": 13.722222222222223, "hum_pct": 67.0, "dew_c": 7.666666666666665, "wind_kmh": 4.02336, "gust_kmh": 5.793638400000001, "wind_dir": "222", "rain_day_mm": 0.0, "rain_rate_mmh": 0.0}