{"ts": 1783791404349, "temp_c": 29.38888888888889, "hum_pct": 64.0, "dew_c": 21.888888888888893, "wind_kmh": 7.563916800000001, "gust_kmh": 11.104473600000002, "wind_dir": "151", "rain_day_mm": 0.0, "rain_rate_mmh": 0.0}