{"ts": 1771920191937, "temp_c": 11.88888888888889, "hum_pct": 66.0, "dew_c": 5.777777777777777, "wind_kmh": 1.7702784000000003, "gust_kmh": 2.8968192000000004, "wind_dir": "215", "rain_day_mm": 0.254, "rain_rate_mmh": 0.0}