{"ts": 1774201022545, "temp_c": 13.722222222222223, "hum_pct": 68.0, "dew_c": 7.88888888888889, "wind_kmh": 5.4717696, "gust_kmh": 15.4497024, "wind_dir": "182", "rain_day_mm": 0.0, "rain_rate_mmh": 0.0}