{"ts": 1772408088609, "temp_c": 7.777777777777778, "hum_pct": 93.0, "dew_c": 6.722222222222223, "wind_kmh": 1.7702784000000003, "gust_kmh": 2.8968192000000004, "wind_dir": "180", "rain_day_mm": 0.0, "rain_rate_mmh": 0.0}