{"ts": 1778326159430, "temp_c": 17.38888888888889, "hum_pct": 76.0, "dew_c": 13.11111111111111, "wind_kmh": 6.759244800000001, "gust_kmh": 13.679424000000001, "wind_dir": "143", "rain_day_mm": 0.0, "rain_rate_mmh": 0.0}