{"ts": 1772435620447, "temp_c": 8.61111111111111, "hum_pct": 93.0, "dew_c": 7.555555555555555, "wind_kmh": 0.0, "gust_kmh": 2.8968192000000004, "wind_dir": "240", "rain_day_mm": 0.0, "rain_rate_mmh": 0.0}