{"ts": 1770292776532, "temp_c": 11.777777777777779, "hum_pct": 85.0, "dew_c": 9.38888888888889, "wind_kmh": 6.1155072, "gust_kmh": 9.0123264, "wind_dir": "205", "rain_day_mm": 2.2859999999999996, "rain_rate_mmh": 0.0}