{"ts": 1779493551758, "temp_c": 15.277777777777779, "hum_pct": 81.0, "dew_c": 12.055555555555557, "wind_kmh": 0.0, "gust_kmh": 3.5405568000000005, "wind_dir": "272", "rain_day_mm": 0.0, "rain_rate_mmh": 0.0}