{"ts": 1782043198709, "temp_c": 34.888888888888886, "hum_pct": 30.0, "dew_c": 14.777777777777779, "wind_kmh": 11.587276800000001, "gust_kmh": 14.8059648, "wind_dir": "186", "rain_day_mm": 0.0, "rain_rate_mmh": 0.0}