{"ts": 1772258282245, "temp_c": 10.111111111111112, "hum_pct": 81.0, "dew_c": 7.000000000000001, "wind_kmh": 3.5405568000000005, "gust_kmh": 4.988966400000001, "wind_dir": "287", "rain_day_mm": 0.0, "rain_rate_mmh": 0.0}