{"ts": 1773614688844, "temp_c": 11.61111111111111, "hum_pct": 30.0, "dew_c": -5.388888888888889, "wind_kmh": 4.345228800000001, "gust_kmh": 20.599603200000004, "wind_dir": "336", "rain_day_mm": 0.0, "rain_rate_mmh": 0.0}