{"ts": 1782946185614, "temp_c": 22.277777777777775, "hum_pct": 71.0, "dew_c": 16.77777777777778, "wind_kmh": 0.0, "gust_kmh": 2.8968192000000004, "wind_dir": "295", "rain_day_mm": 0.0, "rain_rate_mmh": 0.0}