{"ts": 1783990741184, "temp_c": 24.499999999999996, "hum_pct": 85.0, "dew_c": 21.833333333333332, "wind_kmh": 0.0, "gust_kmh": 5.4717696, "wind_dir": "338", "rain_day_mm": 0.0, "rain_rate_mmh": 0.0}