{"ts": 1774623919860, "temp_c": 19.222222222222218, "hum_pct": 28.0, "dew_c": 0.2777777777777778, "wind_kmh": 4.6670976, "gust_kmh": 15.127833600000002, "wind_dir": "171", "rain_day_mm": 0.0, "rain_rate_mmh": 0.0}