{"ts": 1781356239086, "temp_c": 32.111111111111114, "hum_pct": 29.0, "dew_c": 11.833333333333332, "wind_kmh": 6.1155072, "gust_kmh": 20.599603200000004, "wind_dir": "233", "rain_day_mm": 0.0, "rain_rate_mmh": 0.0}