{"ts": 1775907659569, "temp_c": 27.277777777777775, "hum_pct": 21.0, "dew_c": 3.0555555555555554, "wind_kmh": 10.1388672, "gust_kmh": 15.127833600000002, "wind_dir": "184", "rain_day_mm": 0.0, "rain_rate_mmh": 0.0}