{"ts": 1774278720559, "temp_c": 16.5, "hum_pct": 55.0, "dew_c": 7.444444444444445, "wind_kmh": 14.0012928, "gust_kmh": 21.2433408, "wind_dir": "198", "rain_day_mm": 0.0, "rain_rate_mmh": 0.0}