{"ts": 1780422481893, "temp_c": 25.38888888888889, "hum_pct": 62.0, "dew_c": 17.61111111111111, "wind_kmh": 14.8059648, "gust_kmh": 20.599603200000004, "wind_dir": "151", "rain_day_mm": 0.0, "rain_rate_mmh": 0.0}