{"ts": 1782158145489, "temp_c": 28.72222222222222, "hum_pct": 41.0, "dew_c": 14.166666666666666, "wind_kmh": 3.218688, "gust_kmh": 7.563916800000001, "wind_dir": "155", "rain_day_mm": 0.0, "rain_rate_mmh": 0.0}