{"ts": 1773982547528, "temp_c": 1.8888888888888882, "hum_pct": 88.0, "dew_c": 0.11111111111111269, "wind_kmh": 3.5405568000000005, "gust_kmh": 3.5405568000000005, "wind_dir": "288", "rain_day_mm": 0.0, "rain_rate_mmh": 0.0}