{"ts": 1770440102541, "temp_c": 10.111111111111112, "hum_pct": 57.0, "dew_c": 2.000000000000001, "wind_kmh": 25.910438400000004, "gust_kmh": 27.036979200000005, "wind_dir": "318", "rain_day_mm": 0.0, "rain_rate_mmh": 0.0}