{"ts": 1774813362526, "temp_c": 11.11111111111111, "hum_pct": 28.0, "dew_c": -6.722222222222223, "wind_kmh": 9.0123264, "gust_kmh": 39.58986240000001, "wind_dir": "309", "rain_day_mm": 0.0, "rain_rate_mmh": 0.0}