{"ts": 1783118314197, "temp_c": 21.888888888888893, "hum_pct": 76.0, "dew_c": 17.5, "wind_kmh": 0.0, "gust_kmh": 2.5749504000000005, "wind_dir": "290", "rain_day_mm": 0.0, "rain_rate_mmh": 0.0}