{"ts": 1773208819939, "temp_c": 4.777777777777779, "hum_pct": 93.0, "dew_c": 3.7777777777777763, "wind_kmh": 4.6670976, "gust_kmh": 5.4717696, "wind_dir": "301", "rain_day_mm": 0.0, "rain_rate_mmh": 0.0}