{"ts": 1784907719805, "temp_c": 29.77777777777778, "hum_pct": 56.0, "dew_c": 20.11111111111111, "wind_kmh": 7.563916800000001, "gust_kmh": 13.679424000000001, "wind_dir": "180", "rain_day_mm": 0.0, "rain_rate_mmh": 0.0}