{"ts": 1774589116765, "temp_c": 5.611111111111112, "hum_pct": 61.0, "dew_c": -1.3333333333333326, "wind_kmh": 9.3341952, "gust_kmh": 18.0246528, "wind_dir": "318", "rain_day_mm": 0.0, "rain_rate_mmh": 0.0}