{"ts": 1770788854743, "temp_c": 16.22222222222222, "hum_pct": 48.0, "dew_c": 5.166666666666665, "wind_kmh": 26.232307200000005, "gust_kmh": 43.613222400000005, "wind_dir": "331", "rain_day_mm": 0.0, "rain_rate_mmh": 0.0}