{"ts": 1779035669452, "temp_c": 18.72222222222222, "hum_pct": 57.0, "dew_c": 10.0, "wind_kmh": 17.702784, "gust_kmh": 24.4620288, "wind_dir": "192", "rain_day_mm": 0.0, "rain_rate_mmh": 0.0}