{"ts": 1772724665998, "temp_c": 13.88888888888889, "hum_pct": 89.0, "dew_c": 12.111111111111109, "wind_kmh": 5.4717696, "gust_kmh": 22.369881600000003, "wind_dir": "133", "rain_day_mm": 16.509999999999998, "rain_rate_mmh": 0.0}