{"ts": 1770591734868, "temp_c": 11.88888888888889, "hum_pct": 47.0, "dew_c": 0.944444444444446, "wind_kmh": 14.0012928, "gust_kmh": 19.4730624, "wind_dir": "320", "rain_day_mm": 0.0, "rain_rate_mmh": 0.0}