{"ts": 1784443209040, "temp_c": 27.77777777777778, "hum_pct": 66.0, "dew_c": 20.888888888888886, "wind_kmh": 1.7702784000000003, "gust_kmh": 3.5405568000000005, "wind_dir": "172", "rain_day_mm": 0.0, "rain_rate_mmh": 0.0}