{"ts": 1772442008914, "temp_c": 10.999999999999998, "hum_pct": 87.0, "dew_c": 8.944444444444445, "wind_kmh": 5.793638400000001, "gust_kmh": 6.1155072, "wind_dir": "164", "rain_day_mm": 0.0, "rain_rate_mmh": 0.0}