{"ts": 1776461066029, "temp_c": 13.11111111111111, "hum_pct": 84.0, "dew_c": 10.444444444444443, "wind_kmh": 2.5749504000000005, "gust_kmh": 3.218688, "wind_dir": "286", "rain_day_mm": 0.0, "rain_rate_mmh": 0.0}