{"ts": 1773552043885, "temp_c": 6.388888888888889, "hum_pct": 53.0, "dew_c": -2.5, "wind_kmh": 19.794931200000004, "gust_kmh": 27.036979200000005, "wind_dir": "331", "rain_day_mm": 0.0, "rain_rate_mmh": 0.0}