{"ts": 1774180431623, "temp_c": 17.38888888888889, "hum_pct": 53.0, "dew_c": 7.722222222222222, "wind_kmh": 11.587276800000001, "gust_kmh": 13.357555200000002, "wind_dir": "185", "rain_day_mm": 0.0, "rain_rate_mmh": 0.0}