{"ts": 1774939963163, "temp_c": 16.0, "hum_pct": 43.0, "dew_c": 3.444444444444446, "wind_kmh": 3.5405568000000005, "gust_kmh": 12.2310144, "wind_dir": "288", "rain_day_mm": 0.0, "rain_rate_mmh": 0.0}