{"ts": 1775302705426, "temp_c": 23.000000000000004, "hum_pct": 38.0, "dew_c": 7.944444444444443, "wind_kmh": 4.6670976, "gust_kmh": 13.357555200000002, "wind_dir": "169", "rain_day_mm": 0.0, "rain_rate_mmh": 0.0}