{"ts": 1777069507735, "temp_c": 11.277777777777777, "hum_pct": 83.0, "dew_c": 8.499999999999998, "wind_kmh": 0.0, "gust_kmh": 2.5749504000000005, "wind_dir": "212", "rain_day_mm": 0.0, "rain_rate_mmh": 0.0}