{"ts": 1776435772886, "temp_c": 25.11111111111111, "hum_pct": 33.0, "dew_c": 7.722222222222222, "wind_kmh": 6.759244800000001, "gust_kmh": 20.1168, "wind_dir": "173", "rain_day_mm": 0.0, "rain_rate_mmh": 0.0}