{"ts": 1775198954071, "temp_c": 13.277777777777779, "hum_pct": 46.0, "dew_c": 1.9444444444444444, "wind_kmh": 6.437376, "gust_kmh": 12.5528832, "wind_dir": "107", "rain_day_mm": 0.0, "rain_rate_mmh": 0.0}