{"ts": 1783291135200, "temp_c": 23.72222222222222, "hum_pct": 53.0, "dew_c": 13.555555555555555, "wind_kmh": 2.0921472000000003, "gust_kmh": 2.0921472000000003, "wind_dir": "321", "rain_day_mm": 0.0, "rain_rate_mmh": 0.0}