{"ts": 1784292316900, "temp_c": 33.27777777777778, "hum_pct": 54.0, "dew_c": 22.722222222222225, "wind_kmh": 14.8059648, "gust_kmh": 15.4497024, "wind_dir": "180", "rain_day_mm": 0.0, "rain_rate_mmh": 0.0}