{"ts": 1776810253353, "temp_c": 14.11111111111111, "hum_pct": 79.0, "dew_c": 10.5, "wind_kmh": 2.5749504000000005, "gust_kmh": 3.218688, "wind_dir": "221", "rain_day_mm": 0.0, "rain_rate_mmh": 0.0}