{"ts": 1775626174100, "temp_c": 7.000000000000001, "hum_pct": 68.0, "dew_c": 1.5000000000000016, "wind_kmh": 2.8968192000000004, "gust_kmh": 3.218688, "wind_dir": "228", "rain_day_mm": 0.0, "rain_rate_mmh": 0.0}