{"ts": 1777414141807, "temp_c": 13.277777777777779, "hum_pct": 74.0, "dew_c": 8.777777777777777, "wind_kmh": 0.0, "gust_kmh": 2.0921472000000003, "wind_dir": "297", "rain_day_mm": 0.0, "rain_rate_mmh": 0.0}