{"ts": 1783905082190, "temp_c": 22.277777777777775, "hum_pct": 68.0, "dew_c": 16.11111111111111, "wind_kmh": 0.0, "gust_kmh": 2.5749504000000005, "wind_dir": "224", "rain_day_mm": 0.0, "rain_rate_mmh": 0.0}