{"ts": 1778956680549, "temp_c": 18.000000000000004, "hum_pct": 57.0, "dew_c": 9.38888888888889, "wind_kmh": 18.6683904, "gust_kmh": 24.4620288, "wind_dir": "134", "rain_day_mm": 0.0, "rain_rate_mmh": 0.0}