{"ts": 1774128985540, "temp_c": 7.11111111111111, "hum_pct": 83.0, "dew_c": 4.388888888888888, "wind_kmh": 1.7702784000000003, "gust_kmh": 3.218688, "wind_dir": "321", "rain_day_mm": 0.0, "rain_rate_mmh": 0.0}