{"ts": 1782201989577, "temp_c": 32.22222222222222, "hum_pct": 37.0, "dew_c": 15.666666666666666, "wind_kmh": 4.02336, "gust_kmh": 7.2420480000000005, "wind_dir": "173", "rain_day_mm": 0.0, "rain_rate_mmh": 0.0}