{"ts": 1773648815047, "temp_c": 14.38888888888889, "hum_pct": 38.0, "dew_c": 0.2777777777777778, "wind_kmh": 4.988966400000001, "gust_kmh": 6.1155072, "wind_dir": "244", "rain_day_mm": 0.0, "rain_rate_mmh": 0.0}