{"ts": 1783296880624, "temp_c": 22.22222222222222, "hum_pct": 58.0, "dew_c": 13.555555555555555, "wind_kmh": 1.7702784000000003, "gust_kmh": 2.5749504000000005, "wind_dir": "303", "rain_day_mm": 0.0, "rain_rate_mmh": 0.0}