{"ts": 1775502967310, "temp_c": 13.0, "hum_pct": 56.0, "dew_c": 4.444444444444445, "wind_kmh": 2.5749504000000005, "gust_kmh": 3.218688, "wind_dir": "296", "rain_day_mm": 0.0, "rain_rate_mmh": 0.0}