{"ts": 1778836952707, "temp_c": 13.11111111111111, "hum_pct": 53.0, "dew_c": 3.7222222222222237, "wind_kmh": 3.5405568000000005, "gust_kmh": 9.656064, "wind_dir": "179", "rain_day_mm": 0.0, "rain_rate_mmh": 0.0}