{"ts": 1773835704239, "temp_c": 18.22222222222222, "hum_pct": 56.0, "dew_c": 9.277777777777779, "wind_kmh": 8.690457600000002, "gust_kmh": 10.460736, "wind_dir": "150", "rain_day_mm": 0.0, "rain_rate_mmh": 0.0}