{"ts": 1777820537316, "temp_c": 18.77777777777778, "hum_pct": 62.0, "dew_c": 11.38888888888889, "wind_kmh": 11.104473600000002, "gust_kmh": 15.771571200000002, "wind_dir": "136", "rain_day_mm": 0.0, "rain_rate_mmh": 0.0}