{"ts": 1776687066204, "temp_c": 25.0, "hum_pct": 51.0, "dew_c": 14.166666666666666, "wind_kmh": 14.323161600000002, "gust_kmh": 18.6683904, "wind_dir": "190", "rain_day_mm": 0.0, "rain_rate_mmh": 0.0}