{"ts": 1769903102931, "temp_c": 50.7, "hum_pct": 51.0, "dew_c": 33.3, "wind_kmh": 12.2310144, "gust_kmh": 23.335488, "wind_dir": "323", "rain_day_mm": null, "rain_rate_mmh": null}