{"ts": 1780202838862, "temp_c": 15.777777777777779, "hum_pct": 83.0, "dew_c": 12.944444444444443, "wind_kmh": 0.0, "gust_kmh": 2.0921472000000003, "wind_dir": "245", "rain_day_mm": 0.0, "rain_rate_mmh": 0.0}