{"ts": 1784482636801, "temp_c": 29.11111111111111, "hum_pct": 59.0, "dew_c": 20.27777777777778, "wind_kmh": 7.2420480000000005, "gust_kmh": 11.909145600000002, "wind_dir": "174", "rain_day_mm": 0.0, "rain_rate_mmh": 0.0}