{"ts": 1773862358029, "temp_c": 10.388888888888891, "hum_pct": 84.0, "dew_c": 7.833333333333333, "wind_kmh": 1.7702784000000003, "gust_kmh": 2.5749504000000005, "wind_dir": "190", "rain_day_mm": 0.0, "rain_rate_mmh": 0.0}