{"ts": 1781559296167, "temp_c": 21.22222222222222, "hum_pct": 60.0, "dew_c": 13.11111111111111, "wind_kmh": 2.0921472000000003, "gust_kmh": 2.8968192000000004, "wind_dir": "162", "rain_day_mm": 0.0, "rain_rate_mmh": 0.0}