{"ts": 1780847737720, "temp_c": 26.38888888888889, "hum_pct": 54.0, "dew_c": 16.333333333333332, "wind_kmh": 14.0012928, "gust_kmh": 17.2199808, "wind_dir": "176", "rain_day_mm": 0.0, "rain_rate_mmh": 0.0}