{"ts": 1783149934573, "temp_c": 27.88888888888889, "hum_pct": 47.0, "dew_c": 15.555555555555555, "wind_kmh": 4.6670976, "gust_kmh": 10.782604800000001, "wind_dir": "258", "rain_day_mm": 0.0, "rain_rate_mmh": 0.0}