{"ts": 1773329801700, "temp_c": 19.0, "hum_pct": 57.0, "dew_c": 10.277777777777779, "wind_kmh": 14.8059648, "gust_kmh": 18.346521600000003, "wind_dir": "212", "rain_day_mm": 0.0, "rain_rate_mmh": 0.0}