{"ts": 1776856821961, "temp_c": 25.611111111111107, "hum_pct": 43.0, "dew_c": 12.111111111111109, "wind_kmh": 6.1155072, "gust_kmh": 9.3341952, "wind_dir": "176", "rain_day_mm": 0.0, "rain_rate_mmh": 0.0}