{"ts": 1780184402085, "temp_c": 19.499999999999996, "hum_pct": 84.0, "dew_c": 16.72222222222222, "wind_kmh": 0.0, "gust_kmh": 2.5749504000000005, "wind_dir": "180", "rain_day_mm": 0.0, "rain_rate_mmh": 0.0}