{"ts": 1771750976207, "temp_c": 18.5, "hum_pct": 46.0, "dew_c": 6.666666666666667, "wind_kmh": 4.988966400000001, "gust_kmh": 7.885785600000001, "wind_dir": "174", "rain_day_mm": 0.0, "rain_rate_mmh": 0.0}