{"ts": 1774107410834, "temp_c": 17.27777777777778, "hum_pct": 34.0, "dew_c": 1.2777777777777761, "wind_kmh": 16.898112, "gust_kmh": 27.6807168, "wind_dir": "173", "rain_day_mm": 0.0, "rain_rate_mmh": 0.0}