{"ts": 1773212946386, "temp_c": 7.777777777777778, "hum_pct": 87.0, "dew_c": 5.777777777777777, "wind_kmh": 0.0, "gust_kmh": 2.5749504000000005, "wind_dir": "168", "rain_day_mm": 0.0, "rain_rate_mmh": 0.0}