{"ts": 1774602383755, "temp_c": 15.222222222222221, "hum_pct": 35.0, "dew_c": -0.16666666666666707, "wind_kmh": 9.0123264, "gust_kmh": 13.679424000000001, "wind_dir": "184", "rain_day_mm": 0.0, "rain_rate_mmh": 0.0}