{"ts": 1772651185342, "temp_c": 14.722222222222221, "hum_pct": 66.0, "dew_c": 8.444444444444446, "wind_kmh": 4.02336, "gust_kmh": 13.0356864, "wind_dir": "173", "rain_day_mm": 0.0, "rain_rate_mmh": 0.0}