{"ts": 1774582052689, "temp_c": 6.111111111111111, "hum_pct": 57.0, "dew_c": -1.7777777777777775, "wind_kmh": 2.0921472000000003, "gust_kmh": 4.345228800000001, "wind_dir": "288", "rain_day_mm": 0.0, "rain_rate_mmh": 0.0}