{"ts": 1771410569458, "temp_c": 14.61111111111111, "hum_pct": 68.0, "dew_c": 8.777777777777777, "wind_kmh": 12.5528832, "gust_kmh": 16.898112, "wind_dir": "235", "rain_day_mm": 0.0, "rain_rate_mmh": 0.0}