{"ts": 1773940361478, "temp_c": 13.11111111111111, "hum_pct": 62.0, "dew_c": 5.999999999999998, "wind_kmh": 2.8968192000000004, "gust_kmh": 4.345228800000001, "wind_dir": "301", "rain_day_mm": 0.0, "rain_rate_mmh": 0.0}