{"ts": 1775080476448, "temp_c": 13.38888888888889, "hum_pct": 49.0, "dew_c": 2.8888888888888906, "wind_kmh": 19.4730624, "gust_kmh": 25.2667008, "wind_dir": "322", "rain_day_mm": 0.0, "rain_rate_mmh": 0.0}