{"ts": 1781884282415, "temp_c": 32.611111111111114, "hum_pct": 32.0, "dew_c": 13.777777777777777, "wind_kmh": 6.759244800000001, "gust_kmh": 18.6683904, "wind_dir": "177", "rain_day_mm": 0.254, "rain_rate_mmh": 0.0}