{"ts": 1781856996737, "temp_c": 31.22222222222222, "hum_pct": 30.0, "dew_c": 11.61111111111111, "wind_kmh": 7.563916800000001, "gust_kmh": 9.0123264, "wind_dir": "174", "rain_day_mm": 0.254, "rain_rate_mmh": 0.0}