{"ts": 1776700524243, "temp_c": 25.611111111111107, "hum_pct": 46.0, "dew_c": 13.11111111111111, "wind_kmh": 14.8059648, "gust_kmh": 18.0246528, "wind_dir": "172", "rain_day_mm": 0.0, "rain_rate_mmh": 0.0}