{"ts": 1771096413695, "temp_c": 12.888888888888891, "hum_pct": 38.0, "dew_c": -1.0555555555555547, "wind_kmh": 18.0246528, "gust_kmh": 52.62554880000001, "wind_dir": "294", "rain_day_mm": 0.0, "rain_rate_mmh": 0.0}