{"ts": 1784496578180, "temp_c": 26.38888888888889, "hum_pct": 77.0, "dew_c": 22.055555555555557, "wind_kmh": 3.5405568000000005, "gust_kmh": 4.6670976, "wind_dir": "103", "rain_day_mm": 0.0, "rain_rate_mmh": 0.0}