{"ts": 1770491623770, "temp_c": 9.38888888888889, "hum_pct": 69.0, "dew_c": 4.000000000000002, "wind_kmh": 2.8968192000000004, "gust_kmh": 3.218688, "wind_dir": "171", "rain_day_mm": 0.0, "rain_rate_mmh": 0.0}