{"ts": 1779264161123, "temp_c": 24.499999999999996, "hum_pct": 55.0, "dew_c": 14.88888888888889, "wind_kmh": 4.345228800000001, "gust_kmh": 6.759244800000001, "wind_dir": "211", "rain_day_mm": 0.0, "rain_rate_mmh": 0.0}