{"ts": 1773392289579, "temp_c": 17.0, "hum_pct": 65.0, "dew_c": 10.388888888888891, "wind_kmh": 0.0, "gust_kmh": 3.218688, "wind_dir": "231", "rain_day_mm": 0.0, "rain_rate_mmh": 0.0}