{"ts": 1774382723507, "temp_c": 10.61111111111111, "hum_pct": 76.0, "dew_c": 6.555555555555554, "wind_kmh": 2.0921472000000003, "gust_kmh": 3.218688, "wind_dir": "299", "rain_day_mm": 0.0, "rain_rate_mmh": 0.0}