{"ts": 1770009496055, "temp_c": 7.277777777777778, "hum_pct": 78.0, "dew_c": 3.7222222222222237, "wind_kmh": 2.0921472000000003, "gust_kmh": 3.5405568000000005, "wind_dir": "276", "rain_day_mm": null, "rain_rate_mmh": null}