{"ts": 1776788333156, "temp_c": 23.72222222222222, "hum_pct": 38.0, "dew_c": 8.555555555555555, "wind_kmh": 15.771571200000002, "gust_kmh": 19.151193600000003, "wind_dir": "182", "rain_day_mm": 0.0, "rain_rate_mmh": 0.0}