{"ts": 1783963304930, "temp_c": 29.77777777777778, "hum_pct": 64.0, "dew_c": 22.277777777777775, "wind_kmh": 11.587276800000001, "gust_kmh": 14.0012928, "wind_dir": "187", "rain_day_mm": 0.0, "rain_rate_mmh": 0.0}