{"ts": 1776343561348, "temp_c": 22.77777777777778, "hum_pct": 47.0, "dew_c": 10.88888888888889, "wind_kmh": 8.2076544, "gust_kmh": 19.4730624, "wind_dir": "182", "rain_day_mm": 0.0, "rain_rate_mmh": 0.0}