{"ts": 1782489454914, "temp_c": 33.5, "hum_pct": 32.0, "dew_c": 14.555555555555555, "wind_kmh": 10.460736, "gust_kmh": 18.0246528, "wind_dir": "179", "rain_day_mm": 0.0, "rain_rate_mmh": 0.0}