{"ts": 1775913609435, "temp_c": 27.5, "hum_pct": 24.0, "dew_c": 5.166666666666665, "wind_kmh": 13.0356864, "gust_kmh": 16.898112, "wind_dir": "194", "rain_day_mm": 0.0, "rain_rate_mmh": 0.0}