{"ts": 1772390975591, "temp_c": 10.388888888888891, "hum_pct": 83.0, "dew_c": 7.666666666666665, "wind_kmh": 4.6670976, "gust_kmh": 6.437376, "wind_dir": "189", "rain_day_mm": 0.254, "rain_rate_mmh": 0.0}