{"ts": 1779068052562, "temp_c": 15.0, "hum_pct": 87.0, "dew_c": 12.833333333333334, "wind_kmh": 4.345228800000001, "gust_kmh": 5.793638400000001, "wind_dir": "141", "rain_day_mm": 0.0, "rain_rate_mmh": 0.0}