{"ts": 1772467604306, "temp_c": 12.722222222222221, "hum_pct": 73.0, "dew_c": 8.0, "wind_kmh": 8.690457600000002, "gust_kmh": 14.8059648, "wind_dir": "189", "rain_day_mm": 0.0, "rain_rate_mmh": 0.0}