{"ts": 1772876401343, "temp_c": 13.777777777777777, "hum_pct": 81.0, "dew_c": 10.61111111111111, "wind_kmh": 3.5405568000000005, "gust_kmh": 11.104473600000002, "wind_dir": "128", "rain_day_mm": 5.588, "rain_rate_mmh": 0.0}