{"ts": 1774098645019, "temp_c": 18.111111111111107, "hum_pct": 31.0, "dew_c": 0.7222222222222207, "wind_kmh": 19.4730624, "gust_kmh": 22.6917504, "wind_dir": "183", "rain_day_mm": 0.0, "rain_rate_mmh": 0.0}