{"ts": 1780797122921, "temp_c": 19.61111111111111, "hum_pct": 89.0, "dew_c": 17.72222222222222, "wind_kmh": 2.8968192000000004, "gust_kmh": 9.3341952, "wind_dir": "131", "rain_day_mm": 0.0, "rain_rate_mmh": 0.0}