{"ts": 1779164477739, "temp_c": 15.0, "hum_pct": 92.0, "dew_c": 13.722222222222223, "wind_kmh": 0.0, "gust_kmh": 2.5749504000000005, "wind_dir": "182", "rain_day_mm": 0.0, "rain_rate_mmh": 0.0}