{"ts": 1782105921755, "temp_c": 20.888888888888886, "hum_pct": 53.0, "dew_c": 10.944444444444446, "wind_kmh": 0.0, "gust_kmh": 2.8968192000000004, "wind_dir": "328", "rain_day_mm": 0.0, "rain_rate_mmh": 0.0}