{"ts": 1784628329767, "temp_c": 34.27777777777778, "hum_pct": 39.0, "dew_c": 18.388888888888886, "wind_kmh": 5.4717696, "gust_kmh": 7.885785600000001, "wind_dir": "178", "rain_day_mm": 0.0, "rain_rate_mmh": 0.0}