{"ts": 1775549879907, "temp_c": 21.999999999999996, "hum_pct": 34.0, "dew_c": 5.444444444444443, "wind_kmh": 4.345228800000001, "gust_kmh": 4.6670976, "wind_dir": "180", "rain_day_mm": 0.0, "rain_rate_mmh": 0.0}