{"ts": 1775578593234, "temp_c": 21.77777777777778, "hum_pct": 40.0, "dew_c": 7.6111111111111125, "wind_kmh": 6.1155072, "gust_kmh": 8.690457600000002, "wind_dir": "193", "rain_day_mm": 0.0, "rain_rate_mmh": 0.0}