{"ts": 1777658891627, "temp_c": 18.22222222222222, "hum_pct": 72.0, "dew_c": 13.055555555555555, "wind_kmh": 10.1388672, "gust_kmh": 16.576243200000004, "wind_dir": "188", "rain_day_mm": 0.0, "rain_rate_mmh": 0.0}