{"ts": 1780154427075, "temp_c": 29.27777777777778, "hum_pct": 42.0, "dew_c": 15.055555555555555, "wind_kmh": 9.656064, "gust_kmh": 9.656064, "wind_dir": "149", "rain_day_mm": 0.0, "rain_rate_mmh": 0.0}