{"ts": 1783516403958, "temp_c": 39.888888888888886, "hum_pct": 13.0, "dew_c": 6.333333333333332, "wind_kmh": 14.0012928, "gust_kmh": 16.898112, "wind_dir": "176", "rain_day_mm": 0.0, "rain_rate_mmh": 0.0}