{"ts": 1783173251164, "temp_c": 31.22222222222222, "hum_pct": 44.0, "dew_c": 17.5, "wind_kmh": 9.0123264, "gust_kmh": 22.0480128, "wind_dir": "186", "rain_day_mm": 0.0, "rain_rate_mmh": 0.0}