{"ts": 1772732669973, "temp_c": 13.38888888888889, "hum_pct": 88.0, "dew_c": 11.444444444444445, "wind_kmh": 5.4717696, "gust_kmh": 15.127833600000002, "wind_dir": "138", "rain_day_mm": 16.764, "rain_rate_mmh": 0.0}