{"ts": 1780089870986, "temp_c": 21.27777777777778, "hum_pct": 67.0, "dew_c": 14.944444444444445, "wind_kmh": 1.7702784000000003, "gust_kmh": 3.218688, "wind_dir": "194", "rain_day_mm": 0.0, "rain_rate_mmh": 0.0}