{"ts": 1779366301916, "temp_c": 28.277777777777782, "hum_pct": 26.0, "dew_c": 7.000000000000001, "wind_kmh": 8.2076544, "gust_kmh": 22.0480128, "wind_dir": "140", "rain_day_mm": 0.0, "rain_rate_mmh": 0.0}