{"ts": 1770892255717, "temp_c": 16.27777777777778, "hum_pct": 34.0, "dew_c": 0.44444444444444287, "wind_kmh": 23.335488, "gust_kmh": 48.28032, "wind_dir": "307", "rain_day_mm": 0.0, "rain_rate_mmh": 0.0}