{"ts": 1784887105623, "temp_c": 33.22222222222222, "hum_pct": 37.0, "dew_c": 16.555555555555557, "wind_kmh": 9.656064, "gust_kmh": 14.323161600000002, "wind_dir": "134", "rain_day_mm": 0.0, "rain_rate_mmh": 0.0}