{"ts": 1770388230888, "temp_c": 19.111111111111114, "hum_pct": 36.0, "dew_c": 3.6666666666666674, "wind_kmh": 11.587276800000001, "gust_kmh": 17.2199808, "wind_dir": "271", "rain_day_mm": 0.0, "rain_rate_mmh": 0.0}