{"ts": 1773723657949, "temp_c": 5.222222222222221, "hum_pct": 91.0, "dew_c": 3.8333333333333326, "wind_kmh": 2.5749504000000005, "gust_kmh": 4.02336, "wind_dir": "207", "rain_day_mm": 0.0, "rain_rate_mmh": 0.0}