{"ts": 1774869365709, "temp_c": 17.22222222222222, "hum_pct": 32.0, "dew_c": 0.38888888888889045, "wind_kmh": 10.460736, "gust_kmh": 16.898112, "wind_dir": "340", "rain_day_mm": 0.0, "rain_rate_mmh": 0.0}