{"ts": 1769972626464, "temp_c": 9.777777777777779, "hum_pct": 64.0, "dew_c": 3.3333333333333335, "wind_kmh": 2.0921472000000003, "gust_kmh": 3.218688, "wind_dir": "333", "rain_day_mm": null, "rain_rate_mmh": null}