{"ts": 1778198535292, "temp_c": 12.111111111111109, "hum_pct": 89.0, "dew_c": 10.333333333333334, "wind_kmh": 2.0921472000000003, "gust_kmh": 2.8968192000000004, "wind_dir": "236", "rain_day_mm": 0.0, "rain_rate_mmh": 0.0}