{"ts": 1780242761016, "temp_c": 28.388888888888886, "hum_pct": 49.0, "dew_c": 16.666666666666668, "wind_kmh": 11.909145600000002, "gust_kmh": 16.2543744, "wind_dir": "176", "rain_day_mm": 0.0, "rain_rate_mmh": 0.0}