{"ts": 1778126366806, "temp_c": 8.61111111111111, "hum_pct": 95.0, "dew_c": 7.833333333333333, "wind_kmh": 2.8968192000000004, "gust_kmh": 3.5405568000000005, "wind_dir": "296", "rain_day_mm": 0.0, "rain_rate_mmh": 0.0}