{"ts": 1781205618051, "temp_c": 20.27777777777778, "hum_pct": 72.0, "dew_c": 15.11111111111111, "wind_kmh": 4.988966400000001, "gust_kmh": 11.587276800000001, "wind_dir": "167", "rain_day_mm": 0.0, "rain_rate_mmh": 0.0}