{"ts": 1782757905191, "temp_c": 30.11111111111111, "hum_pct": 46.0, "dew_c": 17.22222222222222, "wind_kmh": 7.885785600000001, "gust_kmh": 13.679424000000001, "wind_dir": "164", "rain_day_mm": 0.0, "rain_rate_mmh": 0.0}