{"ts": 1775407883336, "temp_c": 19.88888888888889, "hum_pct": 57.0, "dew_c": 11.11111111111111, "wind_kmh": 10.1388672, "gust_kmh": 18.0246528, "wind_dir": "210", "rain_day_mm": 0.0, "rain_rate_mmh": 0.0}