{"ts": 1773110881013, "temp_c": 6.722222222222223, "hum_pct": 97.0, "dew_c": 6.277777777777776, "wind_kmh": 1.7702784000000003, "gust_kmh": 3.5405568000000005, "wind_dir": "230", "rain_day_mm": 0.0, "rain_rate_mmh": 0.0}