{"ts": 1783799355373, "temp_c": 25.611111111111107, "hum_pct": 76.0, "dew_c": 21.055555555555557, "wind_kmh": 4.02336, "gust_kmh": 5.4717696, "wind_dir": "189", "rain_day_mm": 0.0, "rain_rate_mmh": 0.0}