{"ts": 1782405243605, "temp_c": 32.22222222222222, "hum_pct": 43.0, "dew_c": 18.055555555555557, "wind_kmh": 6.759244800000001, "gust_kmh": 13.679424000000001, "wind_dir": "197", "rain_day_mm": 0.0, "rain_rate_mmh": 0.0}