{"ts": 1775226380002, "temp_c": 22.5, "hum_pct": 28.0, "dew_c": 3.111111111111112, "wind_kmh": 14.323161600000002, "gust_kmh": 22.369881600000003, "wind_dir": "313", "rain_day_mm": 0.0, "rain_rate_mmh": 0.0}