{"ts": 1784149892222, "temp_c": 26.77777777777778, "hum_pct": 85.0, "dew_c": 24.055555555555557, "wind_kmh": 0.0, "gust_kmh": 2.0921472000000003, "wind_dir": "220", "rain_day_mm": 0.0, "rain_rate_mmh": 0.0}