{"ts": 1771053810009, "temp_c": 10.0, "hum_pct": 59.0, "dew_c": 2.3888888888888875, "wind_kmh": 8.2076544, "gust_kmh": 19.151193600000003, "wind_dir": "33", "rain_day_mm": 0.0, "rain_rate_mmh": 0.0}