{"ts": 1783113608039, "temp_c": 23.88888888888889, "hum_pct": 71.0, "dew_c": 18.333333333333332, "wind_kmh": 5.793638400000001, "gust_kmh": 5.793638400000001, "wind_dir": "151", "rain_day_mm": 0.0, "rain_rate_mmh": 0.0}