{"ts": 1776373252119, "temp_c": 12.888888888888891, "hum_pct": 69.0, "dew_c": 7.333333333333335, "wind_kmh": 3.218688, "gust_kmh": 3.5405568000000005, "wind_dir": "297", "rain_day_mm": 0.0, "rain_rate_mmh": 0.0}