{"ts": 1776506294028, "temp_c": 25.38888888888889, "hum_pct": 44.0, "dew_c": 12.277777777777779, "wind_kmh": 6.759244800000001, "gust_kmh": 9.3341952, "wind_dir": "212", "rain_day_mm": 0.0, "rain_rate_mmh": 0.0}