{"ts": 1777096513596, "temp_c": 10.388888888888891, "hum_pct": 81.0, "dew_c": 7.277777777777778, "wind_kmh": 2.8968192000000004, "gust_kmh": 2.8968192000000004, "wind_dir": "241", "rain_day_mm": 0.0, "rain_rate_mmh": 0.0}