{"ts": 1779464319619, "temp_c": 27.77777777777778, "hum_pct": 44.0, "dew_c": 14.444444444444445, "wind_kmh": 12.5528832, "gust_kmh": 18.6683904, "wind_dir": "175", "rain_day_mm": 0.0, "rain_rate_mmh": 0.0}