{"ts": 1771156113133, "temp_c": 15.277777777777779, "hum_pct": 47.0, "dew_c": 4.055555555555554, "wind_kmh": 15.4497024, "gust_kmh": 34.600896000000006, "wind_dir": "347", "rain_day_mm": 0.0, "rain_rate_mmh": 0.0}