{"ts": 1779885001335, "temp_c": 29.88888888888889, "hum_pct": 33.0, "dew_c": 11.88888888888889, "wind_kmh": 5.793638400000001, "gust_kmh": 15.771571200000002, "wind_dir": "233", "rain_day_mm": 0.0, "rain_rate_mmh": 0.0}