{"ts": 1774803002489, "temp_c": 15.777777777777779, "hum_pct": 21.0, "dew_c": -6.5, "wind_kmh": 9.0123264, "gust_kmh": 26.715110400000004, "wind_dir": "345", "rain_day_mm": 0.0, "rain_rate_mmh": 0.0}