{"ts": 1784197852726, "temp_c": 33.888888888888886, "hum_pct": 55.0, "dew_c": 23.61111111111111, "wind_kmh": 10.1388672, "gust_kmh": 14.0012928, "wind_dir": "179", "rain_day_mm": 0.0, "rain_rate_mmh": 0.0}