{"ts": 1770846833198, "temp_c": 19.61111111111111, "hum_pct": 58.0, "dew_c": 11.11111111111111, "wind_kmh": 25.2667008, "gust_kmh": 40.394534400000005, "wind_dir": "301", "rain_day_mm": 1.016, "rain_rate_mmh": 0.0}