{"ts": 1772858311836, "temp_c": 10.61111111111111, "hum_pct": 94.0, "dew_c": 9.666666666666666, "wind_kmh": 11.104473600000002, "gust_kmh": 16.2543744, "wind_dir": "194", "rain_day_mm": 5.334, "rain_rate_mmh": 0.508}