{"ts": 1774741363421, "temp_c": 12.277777777777779, "hum_pct": 39.0, "dew_c": -1.2777777777777781, "wind_kmh": 3.218688, "gust_kmh": 22.0480128, "wind_dir": "298", "rain_day_mm": 0.0, "rain_rate_mmh": 0.0}