{"ts": 1777843473778, "temp_c": 14.11111111111111, "hum_pct": 82.0, "dew_c": 11.055555555555555, "wind_kmh": 2.5749504000000005, "gust_kmh": 3.5405568000000005, "wind_dir": "262", "rain_day_mm": 0.0, "rain_rate_mmh": 0.0}