{"ts": 1778542520973, "temp_c": 13.499999999999998, "hum_pct": 78.0, "dew_c": 9.722222222222221, "wind_kmh": 0.0, "gust_kmh": 2.5749504000000005, "wind_dir": "166", "rain_day_mm": 0.0, "rain_rate_mmh": 0.0}