{"ts": 1772790811788, "temp_c": 12.722222222222221, "hum_pct": 86.0, "dew_c": 10.444444444444443, "wind_kmh": 3.5405568000000005, "gust_kmh": 13.679424000000001, "wind_dir": "127", "rain_day_mm": 2.2859999999999996, "rain_rate_mmh": 4.3180000000000005}