{"ts": 1781363993897, "temp_c": 31.27777777777778, "hum_pct": 33.0, "dew_c": 13.11111111111111, "wind_kmh": 10.1388672, "gust_kmh": 22.0480128, "wind_dir": "212", "rain_day_mm": 0.0, "rain_rate_mmh": 0.0}