{"ts": 1784019233559, "temp_c": 31.77777777777778, "hum_pct": 59.0, "dew_c": 22.77777777777778, "wind_kmh": 6.759244800000001, "gust_kmh": 11.104473600000002, "wind_dir": "149", "rain_day_mm": 0.0, "rain_rate_mmh": 0.0}