{"ts": 1774558108105, "temp_c": 11.777777777777779, "hum_pct": 34.0, "dew_c": -3.555555555555555, "wind_kmh": 13.357555200000002, "gust_kmh": 22.0480128, "wind_dir": "255", "rain_day_mm": 0.0, "rain_rate_mmh": 0.0}