{"ts": 1774215449940, "temp_c": 11.277777777777777, "hum_pct": 86.0, "dew_c": 9.055555555555554, "wind_kmh": 4.345228800000001, "gust_kmh": 5.793638400000001, "wind_dir": "159", "rain_day_mm": 0.0, "rain_rate_mmh": 0.0}