{"ts": 1769983102476, "temp_c": 7.5, "hum_pct": 70.0, "dew_c": 2.3888888888888875, "wind_kmh": 1.7702784000000003, "gust_kmh": 4.02336, "wind_dir": "196", "rain_day_mm": null, "rain_rate_mmh": null}