{"ts": 1773914324767, "temp_c": 16.88888888888889, "hum_pct": 49.0, "dew_c": 6.111111111111111, "wind_kmh": 2.0921472000000003, "gust_kmh": 18.346521600000003, "wind_dir": "137", "rain_day_mm": 0.0, "rain_rate_mmh": 0.0}