{"ts": 1784054645368, "temp_c": 27.22222222222222, "hum_pct": 79.0, "dew_c": 23.22222222222222, "wind_kmh": 5.4717696, "gust_kmh": 7.563916800000001, "wind_dir": "165", "rain_day_mm": 0.0, "rain_rate_mmh": 0.0}