{"ts": 1775776975868, "temp_c": 11.61111111111111, "hum_pct": 70.0, "dew_c": 6.333333333333332, "wind_kmh": 4.345228800000001, "gust_kmh": 6.1155072, "wind_dir": "326", "rain_day_mm": 0.0, "rain_rate_mmh": 0.0}