{"ts": 1775000823991, "temp_c": 10.999999999999998, "hum_pct": 53.0, "dew_c": 1.7777777777777795, "wind_kmh": 6.437376, "gust_kmh": 6.437376, "wind_dir": "200", "rain_day_mm": 0.0, "rain_rate_mmh": 0.0}