{"ts": 1775705101692, "temp_c": 9.722222222222221, "hum_pct": 71.0, "dew_c": 4.722222222222222, "wind_kmh": 0.0, "gust_kmh": 2.5749504000000005, "wind_dir": "243", "rain_day_mm": 0.0, "rain_rate_mmh": 0.0}