{"ts": 1776224161412, "temp_c": 5.222222222222221, "hum_pct": 84.0, "dew_c": 2.7222222222222214, "wind_kmh": 2.5749504000000005, "gust_kmh": 3.218688, "wind_dir": "235", "rain_day_mm": 0.0, "rain_rate_mmh": 0.0}