{"ts": 1779489419305, "temp_c": 16.22222222222222, "hum_pct": 82.0, "dew_c": 13.11111111111111, "wind_kmh": 0.0, "gust_kmh": 2.5749504000000005, "wind_dir": "223", "rain_day_mm": 0.0, "rain_rate_mmh": 0.0}