{"ts": 1772538317503, "temp_c": 16.38888888888889, "hum_pct": 62.0, "dew_c": 9.11111111111111, "wind_kmh": 11.587276800000001, "gust_kmh": 17.2199808, "wind_dir": "143", "rain_day_mm": 1.016, "rain_rate_mmh": 0.0}