{"ts": 1778736601104, "temp_c": 15.11111111111111, "hum_pct": 48.0, "dew_c": 4.166666666666667, "wind_kmh": 4.02336, "gust_kmh": 23.818291200000004, "wind_dir": "327", "rain_day_mm": 0.0, "rain_rate_mmh": 0.0}