{"ts": 1782882552791, "temp_c": 21.77777777777778, "hum_pct": 57.0, "dew_c": 12.888888888888891, "wind_kmh": 7.885785600000001, "gust_kmh": 23.818291200000004, "wind_dir": "323", "rain_day_mm": 0.0, "rain_rate_mmh": 0.0}