{"ts": 1776240133555, "temp_c": 19.111111111111114, "hum_pct": 49.0, "dew_c": 8.166666666666668, "wind_kmh": 3.5405568000000005, "gust_kmh": 10.1388672, "wind_dir": "198", "rain_day_mm": 0.0, "rain_rate_mmh": 0.0}