{"ts": 1783895284345, "temp_c": 23.111111111111107, "hum_pct": 71.0, "dew_c": 17.555555555555557, "wind_kmh": 0.0, "gust_kmh": 2.5749504000000005, "wind_dir": "311", "rain_day_mm": 0.0, "rain_rate_mmh": 0.0}