{"ts": 1777534636798, "temp_c": 24.72222222222222, "hum_pct": 40.0, "dew_c": 10.222222222222221, "wind_kmh": 3.218688, "gust_kmh": 7.2420480000000005, "wind_dir": "173", "rain_day_mm": 0.0, "rain_rate_mmh": 0.0}