{"ts": 1779230221669, "temp_c": 14.5, "hum_pct": 91.0, "dew_c": 13.055555555555555, "wind_kmh": 2.0921472000000003, "gust_kmh": 2.8968192000000004, "wind_dir": "277", "rain_day_mm": 0.0, "rain_rate_mmh": 0.0}