{"ts": 1770234700008, "temp_c": 9.5, "hum_pct": 71.0, "dew_c": 4.500000000000001, "wind_kmh": 3.218688, "gust_kmh": 5.793638400000001, "wind_dir": "223", "rain_day_mm": 1.016, "rain_rate_mmh": 0.0}