{"ts": 1772985241469, "temp_c": 13.722222222222223, "hum_pct": 72.0, "dew_c": 8.722222222222223, "wind_kmh": 3.5405568000000005, "gust_kmh": 4.345228800000001, "wind_dir": "89", "rain_day_mm": 7.112, "rain_rate_mmh": 0.0}