{"ts": 1777498928275, "temp_c": 16.11111111111111, "hum_pct": 74.0, "dew_c": 11.444444444444445, "wind_kmh": 6.437376, "gust_kmh": 7.885785600000001, "wind_dir": "230", "rain_day_mm": 0.254, "rain_rate_mmh": 0.0}