{"ts": 1781651234459, "temp_c": 19.222222222222218, "hum_pct": 78.0, "dew_c": 15.277777777777779, "wind_kmh": 0.0, "gust_kmh": 2.5749504000000005, "wind_dir": "209", "rain_day_mm": 0.0, "rain_rate_mmh": 0.0}