{"ts": 1770897869113, "temp_c": 17.22222222222222, "hum_pct": 33.0, "dew_c": 0.777777777777777, "wind_kmh": 14.8059648, "gust_kmh": 46.5100416, "wind_dir": "281", "rain_day_mm": 0.0, "rain_rate_mmh": 0.0}