{"ts": 1774408556047, "temp_c": 5.222222222222221, "hum_pct": 88.0, "dew_c": 3.3888888888888897, "wind_kmh": 2.0921472000000003, "gust_kmh": 3.5405568000000005, "wind_dir": "272", "rain_day_mm": 0.0, "rain_rate_mmh": 0.0}