{"ts": 1784363112029, "temp_c": 30.38888888888889, "hum_pct": 56.0, "dew_c": 20.666666666666668, "wind_kmh": 8.690457600000002, "gust_kmh": 10.782604800000001, "wind_dir": "187", "rain_day_mm": 0.0, "rain_rate_mmh": 0.0}