{"ts": 1773727840767, "temp_c": 4.722222222222222, "hum_pct": 92.0, "dew_c": 3.4999999999999982, "wind_kmh": 2.5749504000000005, "gust_kmh": 6.1155072, "wind_dir": "256", "rain_day_mm": 0.0, "rain_rate_mmh": 0.0}