{"ts": 1781975193431, "temp_c": 33.0, "hum_pct": 26.0, "dew_c": 10.944444444444446, "wind_kmh": 13.0356864, "gust_kmh": 15.4497024, "wind_dir": "156", "rain_day_mm": 0.0, "rain_rate_mmh": 0.0}