{"ts": 1777621872846, "temp_c": 21.38888888888889, "hum_pct": 57.0, "dew_c": 12.555555555555555, "wind_kmh": 0.0, "gust_kmh": 4.02336, "wind_dir": "216", "rain_day_mm": 0.0, "rain_rate_mmh": 0.0}