{"ts": 1776953346409, "temp_c": 23.22222222222222, "hum_pct": 38.0, "dew_c": 8.11111111111111, "wind_kmh": 16.576243200000004, "gust_kmh": 21.2433408, "wind_dir": "139", "rain_day_mm": 0.0, "rain_rate_mmh": 0.0}