{"ts": 1778949122256, "temp_c": 21.722222222222218, "hum_pct": 38.0, "dew_c": 6.7777777777777795, "wind_kmh": 4.02336, "gust_kmh": 7.563916800000001, "wind_dir": "143", "rain_day_mm": 0.0, "rain_rate_mmh": 0.0}