{"ts": 1772823659270, "temp_c": 11.38888888888889, "hum_pct": 88.0, "dew_c": 9.5, "wind_kmh": 4.6670976, "gust_kmh": 7.2420480000000005, "wind_dir": "144", "rain_day_mm": 13.716, "rain_rate_mmh": 0.0}