{"ts": 1775382803250, "temp_c": 21.77777777777778, "hum_pct": 39.0, "dew_c": 7.222222222222222, "wind_kmh": 4.988966400000001, "gust_kmh": 10.1388672, "wind_dir": "138", "rain_day_mm": 0.0, "rain_rate_mmh": 0.0}