{"ts": 1780319722381, "temp_c": 28.000000000000004, "hum_pct": 57.0, "dew_c": 18.72222222222222, "wind_kmh": 8.2076544, "gust_kmh": 12.5528832, "wind_dir": "170", "rain_day_mm": 0.0, "rain_rate_mmh": 0.0}