{"ts": 1778105197098, "temp_c": 12.277777777777779, "hum_pct": 85.0, "dew_c": 9.833333333333336, "wind_kmh": 2.8968192000000004, "gust_kmh": 5.4717696, "wind_dir": "288", "rain_day_mm": 0.0, "rain_rate_mmh": 0.0}