{"ts": 1783355329642, "temp_c": 34.72222222222222, "hum_pct": 29.0, "dew_c": 14.055555555555554, "wind_kmh": 5.4717696, "gust_kmh": 18.346521600000003, "wind_dir": "180", "rain_day_mm": 0.0, "rain_rate_mmh": 0.0}