{"ts": 1772393499591, "temp_c": 10.0, "hum_pct": 87.0, "dew_c": 7.944444444444443, "wind_kmh": 4.345228800000001, "gust_kmh": 6.437376, "wind_dir": "192", "rain_day_mm": 0.254, "rain_rate_mmh": 0.0}