{"ts": 1777215512564, "temp_c": 24.777777777777775, "hum_pct": 38.0, "dew_c": 9.555555555555557, "wind_kmh": 5.4717696, "gust_kmh": 17.2199808, "wind_dir": "171", "rain_day_mm": 0.0, "rain_rate_mmh": 0.0}