{"ts": 1780253291261, "temp_c": 24.61111111111111, "hum_pct": 66.0, "dew_c": 17.83333333333333, "wind_kmh": 2.5749504000000005, "gust_kmh": 7.563916800000001, "wind_dir": "165", "rain_day_mm": 0.0, "rain_rate_mmh": 0.0}