{"ts": 1772293541077, "temp_c": 12.888888888888891, "hum_pct": 73.0, "dew_c": 8.166666666666668, "wind_kmh": 3.218688, "gust_kmh": 11.104473600000002, "wind_dir": "195", "rain_day_mm": 0.0, "rain_rate_mmh": 0.0}