{"ts": 1782896634092, "temp_c": 27.5, "hum_pct": 42.0, "dew_c": 13.444444444444446, "wind_kmh": 15.771571200000002, "gust_kmh": 29.933798400000004, "wind_dir": "7", "rain_day_mm": 0.0, "rain_rate_mmh": 0.0}