{"ts": 1772717006028, "temp_c": 12.722222222222221, "hum_pct": 91.0, "dew_c": 11.277777777777777, "wind_kmh": 1.7702784000000003, "gust_kmh": 7.885785600000001, "wind_dir": "170", "rain_day_mm": 13.716, "rain_rate_mmh": 9.652}