{"ts": 1772142469533, "temp_c": 9.777777777777779, "hum_pct": 93.0, "dew_c": 8.722222222222223, "wind_kmh": 2.8968192000000004, "gust_kmh": 3.5405568000000005, "wind_dir": "257", "rain_day_mm": 0.0, "rain_rate_mmh": 0.0}