{"ts": 1772862546701, "temp_c": 10.277777777777779, "hum_pct": 92.0, "dew_c": 9.055555555555554, "wind_kmh": 6.759244800000001, "gust_kmh": 9.3341952, "wind_dir": "168", "rain_day_mm": 5.334, "rain_rate_mmh": 0.0}