{"ts": 1774523375462, "temp_c": 15.5, "hum_pct": 38.0, "dew_c": 1.2777777777777761, "wind_kmh": 10.782604800000001, "gust_kmh": 17.2199808, "wind_dir": "336", "rain_day_mm": 0.0, "rain_rate_mmh": 0.0}