{"ts": 1774540375481, "temp_c": 18.88888888888889, "hum_pct": 27.0, "dew_c": -0.4999999999999992, "wind_kmh": 12.5528832, "gust_kmh": 15.4497024, "wind_dir": "289", "rain_day_mm": 0.0, "rain_rate_mmh": 0.0}