{"ts": 1783803672323, "temp_c": 24.0, "hum_pct": 80.0, "dew_c": 20.33333333333333, "wind_kmh": 0.0, "gust_kmh": 1.7702784000000003, "wind_dir": "141", "rain_day_mm": 0.0, "rain_rate_mmh": 0.0}