{"ts": 1781467723561, "temp_c": 24.0, "hum_pct": 46.0, "dew_c": 11.666666666666666, "wind_kmh": 0.0, "gust_kmh": 4.02336, "wind_dir": "200", "rain_day_mm": 0.0, "rain_rate_mmh": 0.0}