{"ts": 1769926626952, "temp_c": 7.11111111111111, "hum_pct": 68.0, "dew_c": 1.6111111111111103, "wind_kmh": 7.563916800000001, "gust_kmh": 8.2076544, "wind_dir": "152", "rain_day_mm": null, "rain_rate_mmh": null}