{"ts": 1777913873423, "temp_c": 18.72222222222222, "hum_pct": 76.0, "dew_c": 14.38888888888889, "wind_kmh": 6.1155072, "gust_kmh": 7.2420480000000005, "wind_dir": "188", "rain_day_mm": 0.508, "rain_rate_mmh": 0.0}