{"ts": 1772879890161, "temp_c": 14.5, "hum_pct": 73.0, "dew_c": 9.722222222222221, "wind_kmh": 6.1155072, "gust_kmh": 15.771571200000002, "wind_dir": "164", "rain_day_mm": 5.588, "rain_rate_mmh": 0.0}