{"ts": 1778100892226, "temp_c": 12.888888888888891, "hum_pct": 83.0, "dew_c": 10.111111111111112, "wind_kmh": 2.0921472000000003, "gust_kmh": 4.345228800000001, "wind_dir": "311", "rain_day_mm": 0.0, "rain_rate_mmh": 0.0}