{"ts": 1776545434920, "temp_c": 13.277777777777779, "hum_pct": 74.0, "dew_c": 8.777777777777777, "wind_kmh": 2.5749504000000005, "gust_kmh": 3.218688, "wind_dir": "265", "rain_day_mm": 0.0, "rain_rate_mmh": 0.0}