{"ts": 1784729882730, "temp_c": 30.61111111111111, "hum_pct": 36.0, "dew_c": 13.833333333333334, "wind_kmh": 8.2076544, "gust_kmh": 15.4497024, "wind_dir": "173", "rain_day_mm": 0.0, "rain_rate_mmh": 0.0}