{"ts": 1771524604806, "temp_c": 11.88888888888889, "hum_pct": 46.0, "dew_c": 0.6666666666666683, "wind_kmh": 20.921472, "gust_kmh": 65.178432, "wind_dir": "334", "rain_day_mm": 0.0, "rain_rate_mmh": 0.0}