{"ts": 1772911846132, "temp_c": 8.722222222222223, "hum_pct": 96.0, "dew_c": 8.11111111111111, "wind_kmh": 0.0, "gust_kmh": 3.218688, "wind_dir": "239", "rain_day_mm": 20.066, "rain_rate_mmh": 0.0}