{"ts": 1781944034486, "temp_c": 32.27777777777778, "hum_pct": 28.0, "dew_c": 11.500000000000002, "wind_kmh": 2.0921472000000003, "gust_kmh": 9.656064, "wind_dir": "183", "rain_day_mm": 0.0, "rain_rate_mmh": 0.0}