{"ts": 1783784048655, "temp_c": 31.22222222222222, "hum_pct": 57.0, "dew_c": 21.666666666666668, "wind_kmh": 13.0356864, "gust_kmh": 19.794931200000004, "wind_dir": "137", "rain_day_mm": 0.0, "rain_rate_mmh": 0.0}