{"ts": 1782232603003, "temp_c": 34.77777777777778, "hum_pct": 33.0, "dew_c": 16.166666666666668, "wind_kmh": 8.690457600000002, "gust_kmh": 10.1388672, "wind_dir": "164", "rain_day_mm": 0.0, "rain_rate_mmh": 0.0}