{"ts": 1773084374568, "temp_c": 10.277777777777779, "hum_pct": 90.0, "dew_c": 8.722222222222223, "wind_kmh": 3.5405568000000005, "gust_kmh": 4.988966400000001, "wind_dir": "219", "rain_day_mm": 0.508, "rain_rate_mmh": 0.0}