{"ts": 1773561731466, "temp_c": 10.388888888888891, "hum_pct": 48.0, "dew_c": -0.11111111111111072, "wind_kmh": 7.563916800000001, "gust_kmh": 15.771571200000002, "wind_dir": "286", "rain_day_mm": 0.0, "rain_rate_mmh": 0.0}