{"ts": 1776246396285, "temp_c": 21.722222222222218, "hum_pct": 44.0, "dew_c": 8.944444444444445, "wind_kmh": 2.8968192000000004, "gust_kmh": 10.460736, "wind_dir": "148", "rain_day_mm": 0.0, "rain_rate_mmh": 0.0}