{"ts": 1770245885339, "temp_c": 7.777777777777778, "hum_pct": 76.0, "dew_c": 3.8333333333333326, "wind_kmh": 2.5749504000000005, "gust_kmh": 4.02336, "wind_dir": "274", "rain_day_mm": 1.016, "rain_rate_mmh": 0.0}