{"ts": 1784077005757, "temp_c": 25.11111111111111, "hum_pct": 88.0, "dew_c": 23.000000000000004, "wind_kmh": 4.6670976, "gust_kmh": 4.988966400000001, "wind_dir": "185", "rain_day_mm": 0.0, "rain_rate_mmh": 0.0}