{"ts": 1776470806509, "temp_c": 10.777777777777779, "hum_pct": 88.0, "dew_c": 8.88888888888889, "wind_kmh": 1.7702784000000003, "gust_kmh": 2.8968192000000004, "wind_dir": "271", "rain_day_mm": 0.0, "rain_rate_mmh": 0.0}