{"ts": 1774130116051, "temp_c": 6.888888888888888, "hum_pct": 83.0, "dew_c": 4.222222222222223, "wind_kmh": 2.0921472000000003, "gust_kmh": 3.218688, "wind_dir": "224", "rain_day_mm": 0.0, "rain_rate_mmh": 0.0}