{"ts": 1773054060896, "temp_c": 15.722222222222221, "hum_pct": 63.0, "dew_c": 8.666666666666666, "wind_kmh": 6.759244800000001, "gust_kmh": 9.656064, "wind_dir": "225", "rain_day_mm": 0.0, "rain_rate_mmh": 0.0}