{"ts": 1778015525683, "temp_c": 11.500000000000002, "hum_pct": 95.0, "dew_c": 10.722222222222221, "wind_kmh": 2.8968192000000004, "gust_kmh": 3.5405568000000005, "wind_dir": "267", "rain_day_mm": 13.97, "rain_rate_mmh": 0.0}