{"ts": 1775729973191, "temp_c": 25.27777777777778, "hum_pct": 29.0, "dew_c": 5.999999999999998, "wind_kmh": 6.437376, "gust_kmh": 10.1388672, "wind_dir": "158", "rain_day_mm": 0.0, "rain_rate_mmh": 0.0}