{"ts": 1775429333619, "temp_c": 10.111111111111112, "hum_pct": 78.0, "dew_c": 6.4444444444444455, "wind_kmh": 1.7702784000000003, "gust_kmh": 2.8968192000000004, "wind_dir": "266", "rain_day_mm": 0.0, "rain_rate_mmh": 0.0}