{"ts": 1773746824038, "temp_c": 19.72222222222222, "hum_pct": 48.0, "dew_c": 8.38888888888889, "wind_kmh": 10.460736, "gust_kmh": 18.0246528, "wind_dir": "202", "rain_day_mm": 0.0, "rain_rate_mmh": 0.0}