{"ts": 1773589224799, "temp_c": 18.388888888888886, "hum_pct": 23.0, "dew_c": -3.111111111111112, "wind_kmh": 18.0246528, "gust_kmh": 27.358848000000002, "wind_dir": "299", "rain_day_mm": 0.0, "rain_rate_mmh": 0.0}