{"ts": 1781824996206, "temp_c": 21.11111111111111, "hum_pct": 63.0, "dew_c": 13.777777777777777, "wind_kmh": 0.0, "gust_kmh": 2.0921472000000003, "wind_dir": "216", "rain_day_mm": 0.0, "rain_rate_mmh": 0.0}