{"ts": 1782783213570, "temp_c": 22.88888888888889, "hum_pct": 67.0, "dew_c": 16.444444444444443, "wind_kmh": 1.7702784000000003, "gust_kmh": 3.5405568000000005, "wind_dir": "27", "rain_day_mm": 0.0, "rain_rate_mmh": 0.0}