{"ts": 1772179091049, "temp_c": 5.999999999999998, "hum_pct": 96.0, "dew_c": 5.38888888888889, "wind_kmh": 2.0921472000000003, "gust_kmh": 6.1155072, "wind_dir": "247", "rain_day_mm": 0.0, "rain_rate_mmh": 0.0}