{"ts": 1772370519110, "temp_c": 16.27777777777778, "hum_pct": 55.0, "dew_c": 7.277777777777778, "wind_kmh": 5.4717696, "gust_kmh": 20.1168, "wind_dir": "170", "rain_day_mm": 0.254, "rain_rate_mmh": 0.0}