{"ts": 1776122801155, "temp_c": 9.277777777777779, "hum_pct": 62.0, "dew_c": 2.3888888888888875, "wind_kmh": 2.0921472000000003, "gust_kmh": 3.5405568000000005, "wind_dir": "221", "rain_day_mm": 0.0, "rain_rate_mmh": 0.0}