{"ts": 1781108686951, "temp_c": 24.499999999999996, "hum_pct": 53.0, "dew_c": 14.277777777777779, "wind_kmh": 10.460736, "gust_kmh": 15.4497024, "wind_dir": "195", "rain_day_mm": 1.5239999999999998, "rain_rate_mmh": 0.0}