{"ts": 1772226007845, "temp_c": 9.777777777777779, "hum_pct": 84.0, "dew_c": 7.222222222222222, "wind_kmh": 4.6670976, "gust_kmh": 7.885785600000001, "wind_dir": "173", "rain_day_mm": 0.0, "rain_rate_mmh": 0.0}