{"ts": 1779379192893, "temp_c": 26.999999999999996, "hum_pct": 34.0, "dew_c": 9.833333333333336, "wind_kmh": 20.1168, "gust_kmh": 23.335488, "wind_dir": "165", "rain_day_mm": 0.0, "rain_rate_mmh": 0.0}