{"ts": 1771003690279, "temp_c": 9.611111111111109, "hum_pct": 88.0, "dew_c": 7.722222222222222, "wind_kmh": 5.4717696, "gust_kmh": 7.563916800000001, "wind_dir": "145", "rain_day_mm": 22.098, "rain_rate_mmh": 0.0}