{"ts": 1777752440526, "temp_c": 16.11111111111111, "hum_pct": 84.0, "dew_c": 13.38888888888889, "wind_kmh": 5.4717696, "gust_kmh": 11.909145600000002, "wind_dir": "156", "rain_day_mm": 2.794, "rain_rate_mmh": 0.0}