{"ts": 1784113974783, "temp_c": 35.22222222222222, "hum_pct": 57.0, "dew_c": 25.38888888888889, "wind_kmh": 18.346521600000003, "gust_kmh": 21.565209600000003, "wind_dir": "177", "rain_day_mm": 0.0, "rain_rate_mmh": 0.0}