{"ts": 1772386505604, "temp_c": 12.388888888888888, "hum_pct": 72.0, "dew_c": 7.5, "wind_kmh": 7.563916800000001, "gust_kmh": 14.8059648, "wind_dir": "192", "rain_day_mm": 0.254, "rain_rate_mmh": 0.0}