{"ts": 1777920581866, "temp_c": 14.222222222222221, "hum_pct": 84.0, "dew_c": 11.555555555555554, "wind_kmh": 6.1155072, "gust_kmh": 23.335488, "wind_dir": "323", "rain_day_mm": 4.064, "rain_rate_mmh": 7.112}