{"ts": 1778108711467, "temp_c": 11.722222222222221, "hum_pct": 87.0, "dew_c": 9.611111111111109, "wind_kmh": 0.0, "gust_kmh": 4.345228800000001, "wind_dir": "161", "rain_day_mm": 0.0, "rain_rate_mmh": 0.0}