{"ts": 1770681841540, "temp_c": 9.777777777777779, "hum_pct": 89.0, "dew_c": 8.055555555555555, "wind_kmh": 0.0, "gust_kmh": 4.345228800000001, "wind_dir": "192", "rain_day_mm": 0.0, "rain_rate_mmh": 0.0}