{"ts": 1772438701590, "temp_c": 9.222222222222221, "hum_pct": 93.0, "dew_c": 8.11111111111111, "wind_kmh": 6.1155072, "gust_kmh": 6.759244800000001, "wind_dir": "206", "rain_day_mm": 0.0, "rain_rate_mmh": 0.0}