{"ts": 1770993042974, "temp_c": 10.88888888888889, "hum_pct": 90.0, "dew_c": 9.333333333333332, "wind_kmh": 3.218688, "gust_kmh": 7.563916800000001, "wind_dir": "208", "rain_day_mm": 20.574, "rain_rate_mmh": 0.0}