{"ts": 1783458546426, "temp_c": 25.222222222222225, "hum_pct": 66.0, "dew_c": 18.388888888888886, "wind_kmh": 4.02336, "gust_kmh": 4.02336, "wind_dir": "213", "rain_day_mm": 0.0, "rain_rate_mmh": 0.0}