{"ts": 1783981927663, "temp_c": 25.11111111111111, "hum_pct": 89.0, "dew_c": 23.166666666666668, "wind_kmh": 5.4717696, "gust_kmh": 7.2420480000000005, "wind_dir": "147", "rain_day_mm": 0.0, "rain_rate_mmh": 0.0}