{"ts": 1777150557972, "temp_c": 13.88888888888889, "hum_pct": 78.0, "dew_c": 10.111111111111112, "wind_kmh": 1.7702784000000003, "gust_kmh": 3.218688, "wind_dir": "284", "rain_day_mm": 0.0, "rain_rate_mmh": 0.0}