{"ts": 1773229538584, "temp_c": 18.111111111111107, "hum_pct": 56.0, "dew_c": 9.166666666666666, "wind_kmh": 2.8968192000000004, "gust_kmh": 9.0123264, "wind_dir": "323", "rain_day_mm": 0.0, "rain_rate_mmh": 0.0}