{"ts": 1782346789874, "temp_c": 20.27777777777778, "hum_pct": 82.0, "dew_c": 17.11111111111111, "wind_kmh": 0.0, "gust_kmh": 2.5749504000000005, "wind_dir": "245", "rain_day_mm": 0.0, "rain_rate_mmh": 0.0}