{"ts": 1774119149160, "temp_c": 10.722222222222221, "hum_pct": 68.0, "dew_c": 5.055555555555556, "wind_kmh": 4.02336, "gust_kmh": 7.2420480000000005, "wind_dir": "207", "rain_day_mm": 0.0, "rain_rate_mmh": 0.0}