{"ts": 1772704733439, "temp_c": 14.88888888888889, "hum_pct": 68.0, "dew_c": 9.055555555555554, "wind_kmh": 9.3341952, "gust_kmh": 9.656064, "wind_dir": "79", "rain_day_mm": 0.0, "rain_rate_mmh": 0.0}