{"ts": 1773545339934, "temp_c": 7.6111111111111125, "hum_pct": 45.0, "dew_c": -3.555555555555555, "wind_kmh": 15.4497024, "gust_kmh": 32.8306176, "wind_dir": "349", "rain_day_mm": 0.0, "rain_rate_mmh": 0.0}