{"ts": 1779453157135, "temp_c": 28.88888888888889, "hum_pct": 43.0, "dew_c": 15.055555555555555, "wind_kmh": 8.690457600000002, "gust_kmh": 14.0012928, "wind_dir": "202", "rain_day_mm": 0.0, "rain_rate_mmh": 0.0}