{"ts": 1778894489850, "temp_c": 9.611111111111109, "hum_pct": 60.0, "dew_c": 2.2222222222222223, "wind_kmh": 7.885785600000001, "gust_kmh": 14.8059648, "wind_dir": "313", "rain_day_mm": 0.0, "rain_rate_mmh": 0.0}