{"ts": 1774290525894, "temp_c": 11.277777777777777, "hum_pct": 77.0, "dew_c": 7.444444444444445, "wind_kmh": 13.679424000000001, "gust_kmh": 14.323161600000002, "wind_dir": "177", "rain_day_mm": 0.0, "rain_rate_mmh": 0.0}