{"ts": 1776612103850, "temp_c": 25.0, "hum_pct": 46.0, "dew_c": 12.611111111111112, "wind_kmh": 11.587276800000001, "gust_kmh": 18.346521600000003, "wind_dir": "174", "rain_day_mm": 0.0, "rain_rate_mmh": 0.0}