{"ts": 1783007640745, "temp_c": 36.888888888888886, "hum_pct": 19.0, "dew_c": 9.5, "wind_kmh": 4.02336, "gust_kmh": 12.2310144, "wind_dir": "350", "rain_day_mm": 0.0, "rain_rate_mmh": 0.0}