{"ts": 1771456568275, "temp_c": 14.38888888888889, "hum_pct": 54.0, "dew_c": 5.222222222222221, "wind_kmh": 9.3341952, "gust_kmh": 18.346521600000003, "wind_dir": "229", "rain_day_mm": 0.0, "rain_rate_mmh": 0.0}