{"ts": 1771315325663, "temp_c": 13.777777777777777, "hum_pct": 53.0, "dew_c": 4.388888888888888, "wind_kmh": 4.6670976, "gust_kmh": 6.437376, "wind_dir": "329", "rain_day_mm": 0.0, "rain_rate_mmh": 0.0}