{"ts": 1775235382849, "temp_c": 22.77777777777778, "hum_pct": 27.0, "dew_c": 2.833333333333334, "wind_kmh": 3.218688, "gust_kmh": 15.4497024, "wind_dir": "257", "rain_day_mm": 0.0, "rain_rate_mmh": 0.0}