{"ts": 1772657235049, "temp_c": 14.11111111111111, "hum_pct": 69.0, "dew_c": 8.499999999999998, "wind_kmh": 7.885785600000001, "gust_kmh": 9.3341952, "wind_dir": "125", "rain_day_mm": 0.0, "rain_rate_mmh": 0.0}