{"ts": 1783899157224, "temp_c": 22.88888888888889, "hum_pct": 70.0, "dew_c": 17.166666666666668, "wind_kmh": 3.218688, "gust_kmh": 3.5405568000000005, "wind_dir": "311", "rain_day_mm": 0.0, "rain_rate_mmh": 0.0}