{"ts": 1771240205580, "temp_c": 18.77777777777778, "hum_pct": 46.0, "dew_c": 6.944444444444445, "wind_kmh": 6.1155072, "gust_kmh": 21.565209600000003, "wind_dir": "352", "rain_day_mm": 0.0, "rain_rate_mmh": 0.0}