{"ts": 1769930382843, "temp_c": 7.11111111111111, "hum_pct": 69.0, "dew_c": 1.7777777777777795, "wind_kmh": 10.782604800000001, "gust_kmh": 19.151193600000003, "wind_dir": "317", "rain_day_mm": null, "rain_rate_mmh": null}