{"ts": 1775807869047, "temp_c": 24.111111111111114, "hum_pct": 38.0, "dew_c": 8.88888888888889, "wind_kmh": 3.5405568000000005, "gust_kmh": 3.5405568000000005, "wind_dir": "142", "rain_day_mm": 0.0, "rain_rate_mmh": 0.0}