{"ts": 1774904340843, "temp_c": 15.11111111111111, "hum_pct": 51.0, "dew_c": 5.055555555555556, "wind_kmh": 24.4620288, "gust_kmh": 32.347814400000004, "wind_dir": "322", "rain_day_mm": 0.0, "rain_rate_mmh": 0.0}