{"ts": 1771451512954, "temp_c": 8.499999999999998, "hum_pct": 89.0, "dew_c": 6.7777777777777795, "wind_kmh": 4.6670976, "gust_kmh": 4.988966400000001, "wind_dir": "299", "rain_day_mm": 0.0, "rain_rate_mmh": 0.0}