{"ts": 1769892666272, "temp_c": 51.3, "hum_pct": 55.0, "dew_c": 35.7, "wind_kmh": 30.8994048, "gust_kmh": 42.4866816, "wind_dir": "1", "rain_day_mm": null, "rain_rate_mmh": null}