{"ts": 1773910733979, "temp_c": 15.777777777777779, "hum_pct": 52.0, "dew_c": 5.944444444444446, "wind_kmh": 2.8968192000000004, "gust_kmh": 15.127833600000002, "wind_dir": "194", "rain_day_mm": 0.0, "rain_rate_mmh": 0.0}