{"ts": 1784316179912, "temp_c": 27.38888888888889, "hum_pct": 74.0, "dew_c": 22.333333333333332, "wind_kmh": 6.437376, "gust_kmh": 9.0123264, "wind_dir": "180", "rain_day_mm": 0.0, "rain_rate_mmh": 0.0}