{"ts": 1782480862203, "temp_c": 33.388888888888886, "hum_pct": 35.0, "dew_c": 15.88888888888889, "wind_kmh": 9.3341952, "gust_kmh": 15.771571200000002, "wind_dir": "198", "rain_day_mm": 0.0, "rain_rate_mmh": 0.0}