{"ts": 1775215436352, "temp_c": 19.88888888888889, "hum_pct": 34.0, "dew_c": 3.611111111111111, "wind_kmh": 4.345228800000001, "gust_kmh": 13.679424000000001, "wind_dir": "286", "rain_day_mm": 0.0, "rain_rate_mmh": 0.0}