{"ts": 1784812169585, "temp_c": 34.111111111111114, "hum_pct": 55.0, "dew_c": 23.77777777777778, "wind_kmh": 6.437376, "gust_kmh": 10.460736, "wind_dir": "202", "rain_day_mm": 0.0, "rain_rate_mmh": 0.0}