{"ts": 1777461517622, "temp_c": 22.5, "hum_pct": 55.0, "dew_c": 13.0, "wind_kmh": 12.5528832, "gust_kmh": 18.346521600000003, "wind_dir": "180", "rain_day_mm": 0.254, "rain_rate_mmh": 0.0}