{"ts": 1775386325133, "temp_c": 22.722222222222225, "hum_pct": 43.0, "dew_c": 9.5, "wind_kmh": 11.104473600000002, "gust_kmh": 14.323161600000002, "wind_dir": "235", "rain_day_mm": 0.0, "rain_rate_mmh": 0.0}