{"ts": 1776981480935, "temp_c": 13.11111111111111, "hum_pct": 73.0, "dew_c": 8.38888888888889, "wind_kmh": 0.0, "gust_kmh": 3.218688, "wind_dir": "254", "rain_day_mm": 0.0, "rain_rate_mmh": 0.0}