{"ts": 1784590490324, "temp_c": 25.222222222222225, "hum_pct": 87.0, "dew_c": 22.88888888888889, "wind_kmh": 0.0, "gust_kmh": 4.988966400000001, "wind_dir": "50", "rain_day_mm": 0.0, "rain_rate_mmh": 0.0}