{"ts": 1779030792576, "temp_c": 20.500000000000004, "hum_pct": 46.0, "dew_c": 8.499999999999998, "wind_kmh": 11.104473600000002, "gust_kmh": 27.6807168, "wind_dir": "226", "rain_day_mm": 0.0, "rain_rate_mmh": 0.0}