{"ts": 1778622777845, "temp_c": 14.777777777777779, "hum_pct": 72.0, "dew_c": 9.833333333333336, "wind_kmh": 1.7702784000000003, "gust_kmh": 4.345228800000001, "wind_dir": "317", "rain_day_mm": 5.842, "rain_rate_mmh": 0.0}