{"ts": 1783942845652, "temp_c": 32.72222222222222, "hum_pct": 47.0, "dew_c": 19.944444444444446, "wind_kmh": 14.323161600000002, "gust_kmh": 16.576243200000004, "wind_dir": "143", "rain_day_mm": 0.0, "rain_rate_mmh": 0.0}