{"ts": 1774502681081, "temp_c": 7.722222222222222, "hum_pct": 54.0, "dew_c": -1.0000000000000004, "wind_kmh": 5.4717696, "gust_kmh": 8.690457600000002, "wind_dir": "287", "rain_day_mm": 0.0, "rain_rate_mmh": 0.0}