{"ts": 1784299871369, "temp_c": 33.111111111111114, "hum_pct": 55.0, "dew_c": 22.83333333333333, "wind_kmh": 13.679424000000001, "gust_kmh": 17.2199808, "wind_dir": "162", "rain_day_mm": 0.0, "rain_rate_mmh": 0.0}