{"ts": 1778414376080, "temp_c": 20.777777777777782, "hum_pct": 60.0, "dew_c": 12.777777777777779, "wind_kmh": 5.4717696, "gust_kmh": 14.323161600000002, "wind_dir": "172", "rain_day_mm": 0.0, "rain_rate_mmh": 0.0}