{"ts": 1783092187945, "temp_c": 31.88888888888889, "hum_pct": 37.0, "dew_c": 15.38888888888889, "wind_kmh": 11.909145600000002, "gust_kmh": 16.576243200000004, "wind_dir": "224", "rain_day_mm": 0.0, "rain_rate_mmh": 0.0}