{"ts": 1777066180337, "temp_c": 12.222222222222221, "hum_pct": 81.0, "dew_c": 9.055555555555554, "wind_kmh": 2.5749504000000005, "gust_kmh": 2.8968192000000004, "wind_dir": "228", "rain_day_mm": 0.0, "rain_rate_mmh": 0.0}