{"ts": 1772535412271, "temp_c": 17.0, "hum_pct": 58.0, "dew_c": 8.666666666666666, "wind_kmh": 4.02336, "gust_kmh": 15.4497024, "wind_dir": "174", "rain_day_mm": 1.016, "rain_rate_mmh": 0.0}