{"ts": 1776264561249, "temp_c": 21.38888888888889, "hum_pct": 51.0, "dew_c": 10.833333333333334, "wind_kmh": 11.587276800000001, "gust_kmh": 22.369881600000003, "wind_dir": "190", "rain_day_mm": 0.0, "rain_rate_mmh": 0.0}