{"ts": 1776368825173, "temp_c": 14.000000000000002, "hum_pct": 70.0, "dew_c": 8.61111111111111, "wind_kmh": 1.7702784000000003, "gust_kmh": 2.8968192000000004, "wind_dir": "229", "rain_day_mm": 0.0, "rain_rate_mmh": 0.0}