{"ts": 1774392452485, "temp_c": 7.88888888888889, "hum_pct": 84.0, "dew_c": 5.38888888888889, "wind_kmh": 0.0, "gust_kmh": 3.218688, "wind_dir": "276", "rain_day_mm": 0.0, "rain_rate_mmh": 0.0}