{"ts": 1773770811931, "temp_c": 14.38888888888889, "hum_pct": 66.0, "dew_c": 8.11111111111111, "wind_kmh": 4.345228800000001, "gust_kmh": 7.2420480000000005, "wind_dir": "178", "rain_day_mm": 0.0, "rain_rate_mmh": 0.0}