{"ts": 1778972554525, "temp_c": 11.88888888888889, "hum_pct": 77.0, "dew_c": 8.0, "wind_kmh": 2.0921472000000003, "gust_kmh": 3.5405568000000005, "wind_dir": "285", "rain_day_mm": 0.0, "rain_rate_mmh": 0.0}