{"ts": 1778409999575, "temp_c": 19.72222222222222, "hum_pct": 69.0, "dew_c": 13.833333333333334, "wind_kmh": 4.345228800000001, "gust_kmh": 8.2076544, "wind_dir": "181", "rain_day_mm": 0.0, "rain_rate_mmh": 0.0}