{"ts": 1774977118745, "temp_c": 17.77777777777778, "hum_pct": 53.0, "dew_c": 8.11111111111111, "wind_kmh": 14.0012928, "gust_kmh": 16.2543744, "wind_dir": "155", "rain_day_mm": 0.0, "rain_rate_mmh": 0.0}