{"ts": 1777309788504, "temp_c": 23.111111111111107, "hum_pct": 31.0, "dew_c": 5.055555555555556, "wind_kmh": 11.587276800000001, "gust_kmh": 15.4497024, "wind_dir": "148", "rain_day_mm": 0.0, "rain_rate_mmh": 0.0}