{"ts": 1775077119706, "temp_c": 13.777777777777777, "hum_pct": 51.0, "dew_c": 3.8333333333333326, "wind_kmh": 8.2076544, "gust_kmh": 16.2543744, "wind_dir": "312", "rain_day_mm": 0.0, "rain_rate_mmh": 0.0}