{"ts": 1772708241442, "temp_c": 12.611111111111112, "hum_pct": 88.0, "dew_c": 10.666666666666668, "wind_kmh": 9.3341952, "gust_kmh": 20.921472, "wind_dir": "23", "rain_day_mm": 4.571999999999999, "rain_rate_mmh": 10.668}