{"ts": 1784500202164, "temp_c": 25.611111111111107, "hum_pct": 76.0, "dew_c": 21.055555555555557, "wind_kmh": 2.0921472000000003, "gust_kmh": 3.5405568000000005, "wind_dir": "164", "rain_day_mm": 0.0, "rain_rate_mmh": 0.0}