{"ts": 1772358087335, "temp_c": 14.222222222222221, "hum_pct": 77.0, "dew_c": 10.222222222222221, "wind_kmh": 1.7702784000000003, "gust_kmh": 6.1155072, "wind_dir": "209", "rain_day_mm": 0.0, "rain_rate_mmh": 0.0}