{"ts": 1777145426898, "temp_c": 16.11111111111111, "hum_pct": 68.0, "dew_c": 10.222222222222221, "wind_kmh": 2.5749504000000005, "gust_kmh": 2.8968192000000004, "wind_dir": "281", "rain_day_mm": 0.0, "rain_rate_mmh": 0.0}