{"ts": 1775779555736, "temp_c": 11.11111111111111, "hum_pct": 71.0, "dew_c": 6.0555555555555545, "wind_kmh": 2.0921472000000003, "gust_kmh": 3.218688, "wind_dir": "178", "rain_day_mm": 0.0, "rain_rate_mmh": 0.0}