{"ts": 1773824628106, "temp_c": 16.27777777777778, "hum_pct": 50.0, "dew_c": 5.888888888888889, "wind_kmh": 2.5749504000000005, "gust_kmh": 7.885785600000001, "wind_dir": "169", "rain_day_mm": 0.0, "rain_rate_mmh": 0.0}