{"ts": 1778302486931, "temp_c": 13.61111111111111, "hum_pct": 88.0, "dew_c": 11.666666666666666, "wind_kmh": 1.7702784000000003, "gust_kmh": 3.218688, "wind_dir": "208", "rain_day_mm": 0.0, "rain_rate_mmh": 0.0}