{"ts": 1778446880844, "temp_c": 15.777777777777779, "hum_pct": 80.0, "dew_c": 12.333333333333336, "wind_kmh": 3.218688, "gust_kmh": 10.782604800000001, "wind_dir": "327", "rain_day_mm": 0.7619999999999999, "rain_rate_mmh": 0.508}