{"ts": 1775631595842, "temp_c": 17.11111111111111, "hum_pct": 48.0, "dew_c": 5.999999999999998, "wind_kmh": 1.7702784000000003, "gust_kmh": 3.218688, "wind_dir": "190", "rain_day_mm": 0.0, "rain_rate_mmh": 0.0}