{"ts": 1777240299896, "temp_c": 14.000000000000002, "hum_pct": 80.0, "dew_c": 10.61111111111111, "wind_kmh": 0.0, "gust_kmh": 2.8968192000000004, "wind_dir": "264", "rain_day_mm": 0.0, "rain_rate_mmh": 0.0}