{"ts": 1774716529112, "temp_c": 18.61111111111111, "hum_pct": 32.0, "dew_c": 1.6111111111111103, "wind_kmh": 4.6670976, "gust_kmh": 13.0356864, "wind_dir": "265", "rain_day_mm": 0.0, "rain_rate_mmh": 0.0}