{"ts": 1773172188206, "temp_c": 8.0, "hum_pct": 93.0, "dew_c": 6.944444444444445, "wind_kmh": 0.0, "gust_kmh": 2.8968192000000004, "wind_dir": "292", "rain_day_mm": 0.0, "rain_rate_mmh": 0.0}