{"ts": 1772711170271, "temp_c": 13.11111111111111, "hum_pct": 84.0, "dew_c": 10.444444444444443, "wind_kmh": 5.793638400000001, "gust_kmh": 20.599603200000004, "wind_dir": "57", "rain_day_mm": 7.112, "rain_rate_mmh": 1.27}