{"ts": 1770562774976, "temp_c": 13.88888888888889, "hum_pct": 55.0, "dew_c": 5.0, "wind_kmh": 16.576243200000004, "gust_kmh": 38.9461248, "wind_dir": "284", "rain_day_mm": 1.016, "rain_rate_mmh": 0.0}