{"ts": 1783690262570, "temp_c": 34.72222222222222, "hum_pct": 29.0, "dew_c": 14.055555555555554, "wind_kmh": 13.0356864, "gust_kmh": 14.323161600000002, "wind_dir": "170", "rain_day_mm": 0.0, "rain_rate_mmh": 0.0}