{"ts": 1776094988959, "temp_c": 21.27777777777778, "hum_pct": 29.0, "dew_c": 2.5555555555555562, "wind_kmh": 4.345228800000001, "gust_kmh": 21.2433408, "wind_dir": "314", "rain_day_mm": 4.064, "rain_rate_mmh": 0.0}