{"ts": 1772851317928, "temp_c": 11.722222222222221, "hum_pct": 90.0, "dew_c": 10.111111111111112, "wind_kmh": 6.759244800000001, "gust_kmh": 17.702784, "wind_dir": "156", "rain_day_mm": 3.0479999999999996, "rain_rate_mmh": 0.0}