{"ts": 1777002368627, "temp_c": 14.277777777777779, "hum_pct": 73.0, "dew_c": 9.555555555555557, "wind_kmh": 5.4717696, "gust_kmh": 6.759244800000001, "wind_dir": "239", "rain_day_mm": 0.0, "rain_rate_mmh": 0.0}