{"ts": 1777262184355, "temp_c": 12.111111111111109, "hum_pct": 78.0, "dew_c": 8.38888888888889, "wind_kmh": 1.7702784000000003, "gust_kmh": 3.218688, "wind_dir": "177", "rain_day_mm": 0.0, "rain_rate_mmh": 0.0}