{"ts": 1770407272648, "temp_c": 10.777777777777779, "hum_pct": 69.0, "dew_c": 5.333333333333334, "wind_kmh": 2.5749504000000005, "gust_kmh": 2.8968192000000004, "wind_dir": "195", "rain_day_mm": 0.0, "rain_rate_mmh": 0.0}