{"ts": 1779731481963, "temp_c": 27.38888888888889, "hum_pct": 32.0, "dew_c": 9.277777777777779, "wind_kmh": 7.2420480000000005, "gust_kmh": 12.2310144, "wind_dir": "190", "rain_day_mm": 0.0, "rain_rate_mmh": 0.0}