{"ts": 1770302148953, "temp_c": 16.5, "hum_pct": 73.0, "dew_c": 11.666666666666666, "wind_kmh": 6.437376, "gust_kmh": 13.679424000000001, "wind_dir": "165", "rain_day_mm": 2.2859999999999996, "rain_rate_mmh": 0.0}