{"ts": 1773129196056, "temp_c": 9.000000000000002, "hum_pct": 92.0, "dew_c": 7.777777777777778, "wind_kmh": 0.0, "gust_kmh": 2.8968192000000004, "wind_dir": "259", "rain_day_mm": 0.0, "rain_rate_mmh": 0.0}