{"ts": 1770181281239, "temp_c": 7.222222222222222, "hum_pct": 78.0, "dew_c": 3.611111111111111, "wind_kmh": 3.218688, "gust_kmh": 3.5405568000000005, "wind_dir": "217", "rain_day_mm": 0.0, "rain_rate_mmh": 0.0}