{"ts": 1779712976365, "temp_c": 29.22222222222222, "hum_pct": 34.0, "dew_c": 11.722222222222221, "wind_kmh": 13.0356864, "gust_kmh": 23.818291200000004, "wind_dir": "130", "rain_day_mm": 0.0, "rain_rate_mmh": 0.0}