{"ts": 1774379975628, "temp_c": 12.277777777777779, "hum_pct": 70.0, "dew_c": 7.000000000000001, "wind_kmh": 4.02336, "gust_kmh": 4.6670976, "wind_dir": "151", "rain_day_mm": 0.0, "rain_rate_mmh": 0.0}