{"ts": 1771703758181, "temp_c": 8.38888888888889, "hum_pct": 79.0, "dew_c": 5.0, "wind_kmh": 2.0921472000000003, "gust_kmh": 2.8968192000000004, "wind_dir": "267", "rain_day_mm": 0.0, "rain_rate_mmh": 0.0}