{"ts": 1778360307730, "temp_c": 12.888888888888891, "hum_pct": 95.0, "dew_c": 12.111111111111109, "wind_kmh": 2.5749504000000005, "gust_kmh": 4.345228800000001, "wind_dir": "216", "rain_day_mm": 9.906, "rain_rate_mmh": 0.0}