{"ts": 1772905960780, "temp_c": 8.722222222222223, "hum_pct": 96.0, "dew_c": 8.11111111111111, "wind_kmh": 3.218688, "gust_kmh": 5.4717696, "wind_dir": "242", "rain_day_mm": 19.812, "rain_rate_mmh": 0.508}