{"ts": 1770074035712, "temp_c": 8.777777777777777, "hum_pct": 70.0, "dew_c": 3.611111111111111, "wind_kmh": 4.02336, "gust_kmh": 7.2420480000000005, "wind_dir": "230", "rain_day_mm": 0.0, "rain_rate_mmh": 0.0}