{"ts": 1775929632954, "temp_c": 20.72222222222222, "hum_pct": 38.0, "dew_c": 5.888888888888889, "wind_kmh": 4.988966400000001, "gust_kmh": 7.563916800000001, "wind_dir": "156", "rain_day_mm": 0.0, "rain_rate_mmh": 0.0}