{"ts": 1776115646848, "temp_c": 13.11111111111111, "hum_pct": 47.0, "dew_c": 2.055555555555557, "wind_kmh": 0.0, "gust_kmh": 7.885785600000001, "wind_dir": "8", "rain_day_mm": 4.064, "rain_rate_mmh": 0.0}