{"ts": 1773864224761, "temp_c": 10.0, "hum_pct": 85.0, "dew_c": 7.6111111111111125, "wind_kmh": 2.0921472000000003, "gust_kmh": 2.8968192000000004, "wind_dir": "249", "rain_day_mm": 0.0, "rain_rate_mmh": 0.0}