{"ts": 1774568726156, "temp_c": 8.222222222222221, "hum_pct": 48.0, "dew_c": -2.166666666666666, "wind_kmh": 2.5749504000000005, "gust_kmh": 3.5405568000000005, "wind_dir": "345", "rain_day_mm": 0.0, "rain_rate_mmh": 0.0}