{"ts": 1777282053273, "temp_c": 24.0, "hum_pct": 35.0, "dew_c": 7.6111111111111125, "wind_kmh": 6.437376, "gust_kmh": 7.885785600000001, "wind_dir": "197", "rain_day_mm": 0.0, "rain_rate_mmh": 0.0}