{"ts": 1783525937991, "temp_c": 36.77777777777778, "hum_pct": 32.0, "dew_c": 17.38888888888889, "wind_kmh": 11.104473600000002, "gust_kmh": 14.323161600000002, "wind_dir": "161", "rain_day_mm": 0.0, "rain_rate_mmh": 0.0}