{"ts": 1784088893562, "temp_c": 24.0, "hum_pct": 92.0, "dew_c": 22.61111111111111, "wind_kmh": 1.7702784000000003, "gust_kmh": 2.0921472000000003, "wind_dir": "180", "rain_day_mm": 0.0, "rain_rate_mmh": 0.0}