{"ts": 1777476819834, "temp_c": 23.5, "hum_pct": 37.0, "dew_c": 8.0, "wind_kmh": 11.909145600000002, "gust_kmh": 14.8059648, "wind_dir": "186", "rain_day_mm": 0.254, "rain_rate_mmh": 0.0}