{"ts": 1774160933064, "temp_c": 2.3888888888888875, "hum_pct": 89.0, "dew_c": 0.777777777777777, "wind_kmh": 2.0921472000000003, "gust_kmh": 3.218688, "wind_dir": "241", "rain_day_mm": 0.0, "rain_rate_mmh": 0.0}