{"ts": 1772995848530, "temp_c": 9.777777777777779, "hum_pct": 92.0, "dew_c": 8.555555555555555, "wind_kmh": 2.5749504000000005, "gust_kmh": 2.8968192000000004, "wind_dir": "252", "rain_day_mm": 7.112, "rain_rate_mmh": 0.0}