{"ts": 1777734127953, "temp_c": 20.11111111111111, "hum_pct": 57.0, "dew_c": 11.333333333333334, "wind_kmh": 15.4497024, "gust_kmh": 18.0246528, "wind_dir": "182", "rain_day_mm": 2.794, "rain_rate_mmh": 0.0}