{"ts": 1775061226249, "temp_c": 20.888888888888886, "hum_pct": 26.0, "dew_c": 0.6666666666666683, "wind_kmh": 22.0480128, "gust_kmh": 29.450995200000005, "wind_dir": "5", "rain_day_mm": 0.0, "rain_rate_mmh": 0.0}