{"ts": 1781194688870, "temp_c": 25.222222222222225, "hum_pct": 44.0, "dew_c": 12.111111111111109, "wind_kmh": 10.460736, "gust_kmh": 29.933798400000004, "wind_dir": "165", "rain_day_mm": 0.0, "rain_rate_mmh": 0.0}