{"ts": 1780071996384, "temp_c": 31.22222222222222, "hum_pct": 20.0, "dew_c": 5.611111111111112, "wind_kmh": 3.5405568000000005, "gust_kmh": 21.565209600000003, "wind_dir": "170", "rain_day_mm": 0.0, "rain_rate_mmh": 0.0}