{"ts": 1783037775248, "temp_c": 19.111111111111114, "hum_pct": 71.0, "dew_c": 13.722222222222223, "wind_kmh": 0.0, "gust_kmh": 2.5749504000000005, "wind_dir": "196", "rain_day_mm": 0.0, "rain_rate_mmh": 0.0}