{"ts": 1779646180963, "temp_c": 27.277777777777775, "hum_pct": 38.0, "dew_c": 11.777777777777779, "wind_kmh": 6.1155072, "gust_kmh": 10.782604800000001, "wind_dir": "200", "rain_day_mm": 0.0, "rain_rate_mmh": 0.0}