{"ts": 1782431732510, "temp_c": 21.27777777777778, "hum_pct": 69.0, "dew_c": 15.38888888888889, "wind_kmh": 2.8968192000000004, "gust_kmh": 3.218688, "wind_dir": "152", "rain_day_mm": 0.0, "rain_rate_mmh": 0.0}