{"ts": 1772049664128, "temp_c": 11.277777777777777, "hum_pct": 89.0, "dew_c": 9.555555555555557, "wind_kmh": 6.437376, "gust_kmh": 6.437376, "wind_dir": "153", "rain_day_mm": 0.0, "rain_rate_mmh": 0.0}