{"ts": 1770559156444, "temp_c": 12.888888888888891, "hum_pct": 58.0, "dew_c": 4.833333333333335, "wind_kmh": 11.104473600000002, "gust_kmh": 41.3601408, "wind_dir": "316", "rain_day_mm": 1.016, "rain_rate_mmh": 0.0}