{"ts": 1774046714545, "temp_c": 4.388888888888888, "hum_pct": 78.0, "dew_c": 0.8888888888888897, "wind_kmh": 1.7702784000000003, "gust_kmh": 4.345228800000001, "wind_dir": "254", "rain_day_mm": 0.254, "rain_rate_mmh": 0.0}