{"ts": 1772480869648, "temp_c": 11.722222222222221, "hum_pct": 85.0, "dew_c": 9.277777777777779, "wind_kmh": 4.6670976, "gust_kmh": 6.759244800000001, "wind_dir": "173", "rain_day_mm": 0.0, "rain_rate_mmh": 0.0}