{"ts": 1779666160050, "temp_c": 15.88888888888889, "hum_pct": 70.0, "dew_c": 10.444444444444443, "wind_kmh": 1.7702784000000003, "gust_kmh": 4.02336, "wind_dir": "262", "rain_day_mm": 0.0, "rain_rate_mmh": 0.0}