{"ts": 1772383302329, "temp_c": 14.88888888888889, "hum_pct": 59.0, "dew_c": 6.944444444444445, "wind_kmh": 10.460736, "gust_kmh": 16.898112, "wind_dir": "242", "rain_day_mm": 0.254, "rain_rate_mmh": 0.0}