{"ts": 1774212121699, "temp_c": 11.277777777777777, "hum_pct": 84.0, "dew_c": 8.722222222222223, "wind_kmh": 1.7702784000000003, "gust_kmh": 4.6670976, "wind_dir": "158", "rain_day_mm": 0.0, "rain_rate_mmh": 0.0}