{"ts": 1775107368354, "temp_c": 10.999999999999998, "hum_pct": 50.0, "dew_c": 0.9999999999999984, "wind_kmh": 4.6670976, "gust_kmh": 23.818291200000004, "wind_dir": "0", "rain_day_mm": 0.0, "rain_rate_mmh": 0.0}