{"ts": 1772741192166, "temp_c": 13.11111111111111, "hum_pct": 92.0, "dew_c": 11.833333333333332, "wind_kmh": 6.1155072, "gust_kmh": 22.0480128, "wind_dir": "138", "rain_day_mm": 17.525999999999996, "rain_rate_mmh": 0.508}