{"ts": 1777702720647, "temp_c": 13.61111111111111, "hum_pct": 92.0, "dew_c": 12.333333333333336, "wind_kmh": 1.7702784000000003, "gust_kmh": 3.5405568000000005, "wind_dir": "258", "rain_day_mm": 2.54, "rain_rate_mmh": 0.0}