{"ts": 1775154709461, "temp_c": 15.277777777777779, "hum_pct": 32.0, "dew_c": -1.2777777777777781, "wind_kmh": 8.2076544, "gust_kmh": 14.0012928, "wind_dir": "341", "rain_day_mm": 0.0, "rain_rate_mmh": 0.0}