{"ts": 1782239394167, "temp_c": 32.27777777777778, "hum_pct": 38.0, "dew_c": 16.166666666666668, "wind_kmh": 7.563916800000001, "gust_kmh": 10.1388672, "wind_dir": "185", "rain_day_mm": 0.0, "rain_rate_mmh": 0.0}