{"ts": 1779039493283, "temp_c": 17.88888888888889, "hum_pct": 67.0, "dew_c": 11.666666666666666, "wind_kmh": 10.460736, "gust_kmh": 19.4730624, "wind_dir": "184", "rain_day_mm": 0.0, "rain_rate_mmh": 0.0}