{"ts": 1776879405858, "temp_c": 19.27777777777778, "hum_pct": 67.0, "dew_c": 13.0, "wind_kmh": 6.759244800000001, "gust_kmh": 18.6683904, "wind_dir": "150", "rain_day_mm": 0.0, "rain_rate_mmh": 0.0}