{"ts": 1780115847052, "temp_c": 17.11111111111111, "hum_pct": 80.0, "dew_c": 13.61111111111111, "wind_kmh": 3.5405568000000005, "gust_kmh": 4.6670976, "wind_dir": "313", "rain_day_mm": 0.0, "rain_rate_mmh": 0.0}