{"ts": 1774429492914, "temp_c": 18.22222222222222, "hum_pct": 49.0, "dew_c": 7.333333333333335, "wind_kmh": 6.759244800000001, "gust_kmh": 7.885785600000001, "wind_dir": "193", "rain_day_mm": 0.0, "rain_rate_mmh": 0.0}